timestamp,zone,crowd_count,zone_capacity,density_ratio,avg_wait_time,entry_rate,exit_rate,temperature,hour,day_of_week,event_type,risk_level
2025-01-01 00:00:00,Gate A,85,1000,0.085,8.1,45,12,23.5,0,2,Maintenance Window,Low
2025-01-01 00:10:00,Food Court,249,1200,0.207,6.0,49,65,30.3,0,2,Maintenance Window,Low
2025-01-01 00:20:00,Emergency Exit,269,600,0.448,15.0,77,81,29.8,0,2,Special Event,Medium
2025-01-01 00:30:00,Food Court,716,1200,0.597,16.7,77,59,32.7,0,2,Peak Hour,Medium
2025-01-01 00:40:00,Emergency Exit,193,600,0.322,17.5,42,34,25.9,0,2,Normal Day,Low
2025-01-01 00:50:00,Service Corridor,128,500,0.256,7.1,33,46,33.7,0,2,Normal Day,Low
2025-01-01 01:00:00,Service Corridor,227,500,0.454,14.3,77,96,39.1,1,2,Weather Disruption,Medium
2025-01-01 01:10:00,Service Corridor,154,500,0.308,12.7,26,21,27.6,1,2,Normal Day,Low
2025-01-01 01:20:00,Gate A,453,1000,0.453,11.4,68,41,28.3,1,2,Normal Day,Low
2025-01-01 01:30:00,Emergency Exit,388,600,0.647,20.6,94,71,34.3,1,2,Special Event,High
2025-01-01 01:40:00,Prayer Area,232,800,0.29,7.6,75,81,41.5,1,2,Weather Disruption,Low
2025-01-01 01:50:00,Emergency Exit,173,600,0.288,9.4,46,36,28.2,1,2,Maintenance Window,Low
2025-01-01 02:00:00,Service Corridor,141,500,0.282,8.8,39,49,32.2,2,2,Maintenance Window,Low
2025-01-01 02:10:00,Gate B,429,1000,0.429,13.2,51,17,23.4,2,2,Peak Hour,Low
2025-01-01 02:20:00,Main Hall,1357,4000,0.339,10.3,89,87,41.7,2,2,Weather Disruption,Low
2025-01-01 02:30:00,Food Court,439,1200,0.366,11.0,87,42,32.2,2,2,Peak Hour,Medium
2025-01-01 02:40:00,Emergency Exit,68,600,0.113,6.7,32,37,30.1,2,2,Normal Day,Low
2025-01-01 02:50:00,Gate A,101,1000,0.101,6.8,35,61,34.2,2,2,Maintenance Window,Low
2025-01-01 03:00:00,Food Court,200,1200,0.167,5.8,28,22,23.1,3,2,Normal Day,Low
2025-01-01 03:10:00,Main Hall,532,4000,0.133,3.9,46,63,40.0,3,2,Normal Day,Low
2025-01-01 03:20:00,Parking Area,544,1500,0.363,5.6,74,63,35.9,3,2,Weather Disruption,Low
2025-01-01 03:30:00,Main Hall,1749,4000,0.437,14.1,51,34,21.6,3,2,Normal Day,Low
2025-01-01 03:40:00,Gate A,549,1000,0.549,21.4,83,88,27.5,3,2,Peak Hour,Medium
2025-01-01 03:50:00,Gate B,222,1000,0.222,15.3,32,48,25.5,3,2,Normal Day,Low
2025-01-01 04:00:00,Food Court,652,1200,0.543,15.8,71,68,27.7,4,2,Peak Hour,Low
2025-01-01 04:10:00,Prayer Area,436,800,0.545,20.7,80,81,39.4,4,2,Weather Disruption,High
2025-01-01 04:20:00,Gate A,213,1000,0.213,12.0,42,71,30.9,4,2,Maintenance Window,Low
2025-01-01 04:30:00,Prayer Area,608,800,0.76,25.9,87,67,37.3,4,2,Peak Hour,High
2025-01-01 04:40:00,Main Hall,2558,4000,0.639,16.9,85,69,31.7,4,2,Peak Hour,High
2025-01-01 04:50:00,Main Hall,1659,4000,0.415,7.0,51,38,23.9,4,2,Normal Day,Low
2025-01-01 05:00:00,Service Corridor,342,500,0.684,15.1,83,78,36.4,5,2,Weather Disruption,High
2025-01-01 05:10:00,Emergency Exit,268,600,0.447,13.4,35,32,31.2,5,2,Maintenance Window,Low
2025-01-01 05:20:00,Service Corridor,190,500,0.38,13.0,88,126,25.7,5,2,Normal Day,Low
2025-01-01 05:30:00,Parking Area,1028,1500,0.685,20.0,119,88,26.7,5,2,Special Event,High
2025-01-01 05:40:00,Main Hall,2516,4000,0.629,16.2,85,70,21.2,5,2,Special Event,Medium
2025-01-01 05:50:00,Emergency Exit,277,600,0.462,10.9,106,142,24.1,5,2,Peak Hour,Low
2025-01-01 06:00:00,Main Hall,2449,4000,0.612,14.5,56,72,32.2,6,2,Normal Day,Medium
2025-01-01 06:10:00,Emergency Exit,144,600,0.24,8.6,41,47,27.2,6,2,Normal Day,Low
2025-01-01 06:20:00,Emergency Exit,200,600,0.333,12.4,42,44,26.4,6,2,Maintenance Window,Low
2025-01-01 06:30:00,Parking Area,1114,1500,0.743,26.6,89,100,26.2,6,2,Normal Day,Medium
2025-01-01 06:40:00,Gate A,661,1000,0.661,20.0,56,75,40.3,6,2,Weather Disruption,High
2025-01-01 06:50:00,Main Hall,2646,4000,0.661,18.7,78,80,36.7,6,2,Weather Disruption,High
2025-01-01 07:00:00,Prayer Area,301,800,0.376,11.6,73,81,36.1,7,2,Weather Disruption,Low
2025-01-01 07:10:00,Gate B,1106,1000,1.106,23.7,130,104,29.7,7,2,Special Event,High
2025-01-01 07:20:00,Gate B,889,1000,0.889,25.3,121,124,32.2,7,2,Peak Hour,High
2025-01-01 07:30:00,Parking Area,662,1500,0.441,12.8,46,35,34.9,7,2,Maintenance Window,Low
2025-01-01 07:40:00,Emergency Exit,191,600,0.318,14.5,51,86,33.7,7,2,Maintenance Window,Low
2025-01-01 07:50:00,Food Court,359,1200,0.299,9.0,70,84,26.5,7,2,Normal Day,Low
2025-01-01 08:00:00,Gate A,641,1000,0.641,16.1,90,97,33.0,8,2,Peak Hour,Low
2025-01-01 08:10:00,Food Court,1169,1200,0.974,26.7,136,78,27.0,8,2,Special Event,High
2025-01-01 08:20:00,Service Corridor,324,500,0.648,19.4,74,67,34.1,8,2,Normal Day,High
2025-01-01 08:30:00,Food Court,915,1200,0.762,21.6,73,73,37.2,8,2,Weather Disruption,High
2025-01-01 08:40:00,Gate A,607,1000,0.607,17.0,102,93,33.9,8,2,Weather Disruption,High
2025-01-01 08:50:00,Emergency Exit,580,600,0.967,29.3,125,121,32.8,8,2,Special Event,High
2025-01-01 09:00:00,Prayer Area,119,800,0.149,12.1,27,30,36.5,9,2,Maintenance Window,Low
2025-01-01 09:10:00,Parking Area,962,1500,0.641,15.7,92,87,31.4,9,2,Peak Hour,Medium
2025-01-01 09:20:00,Parking Area,1177,1500,0.785,19.9,94,111,38.7,9,2,Weather Disruption,High
2025-01-01 09:30:00,Food Court,1010,1200,0.842,20.4,86,93,42.1,9,2,Weather Disruption,High
2025-01-01 09:40:00,Main Hall,1429,4000,0.357,11.5,54,20,23.5,9,2,Maintenance Window,Low
2025-01-01 09:50:00,Main Hall,2788,4000,0.697,21.6,79,86,43.4,9,2,Weather Disruption,High
2025-01-01 10:00:00,Parking Area,644,1500,0.429,17.5,54,41,27.0,10,2,Normal Day,Low
2025-01-01 10:10:00,Gate A,478,1000,0.478,16.9,80,59,32.0,10,2,Normal Day,Low
2025-01-01 10:20:00,Gate A,506,1000,0.506,9.6,70,62,27.3,10,2,Normal Day,Low
2025-01-01 10:30:00,Emergency Exit,671,600,1.118,28.0,123,111,36.6,10,2,Special Event,High
2025-01-01 10:40:00,Parking Area,1792,1500,1.195,29.3,138,124,29.3,10,2,Special Event,High
2025-01-01 10:50:00,Prayer Area,1000,800,1.25,31.7,126,126,25.8,10,2,Special Event,High
2025-01-01 11:00:00,Parking Area,681,1500,0.454,11.5,22,0,24.4,11,2,Maintenance Window,Low
2025-01-01 11:10:00,Main Hall,5000,4000,1.25,34.8,109,98,28.0,11,2,Special Event,High
2025-01-01 11:20:00,Emergency Exit,294,600,0.49,13.8,63,45,30.0,11,2,Maintenance Window,High
2025-01-01 11:30:00,Prayer Area,1000,800,1.25,31.8,132,111,29.1,11,2,Special Event,High
2025-01-01 11:40:00,Gate B,790,1000,0.79,23.4,107,97,28.6,11,2,Peak Hour,High
2025-01-01 11:50:00,Parking Area,971,1500,0.647,12.7,56,22,22.5,11,2,Normal Day,High
2025-01-01 12:00:00,Food Court,544,1200,0.453,9.5,9,0,42.1,12,2,Normal Day,Low
2025-01-01 12:10:00,Parking Area,1433,1500,0.955,20.3,93,80,29.6,12,2,Peak Hour,High
2025-01-01 12:20:00,Service Corridor,592,500,1.184,28.0,134,143,25.1,12,2,Special Event,High
2025-01-01 12:30:00,Service Corridor,408,500,0.816,26.2,82,112,38.7,12,2,Weather Disruption,High
2025-01-01 12:40:00,Parking Area,1590,1500,1.06,24.5,109,100,22.2,12,2,Special Event,High
2025-01-01 12:50:00,Gate B,1241,1000,1.241,24.1,111,63,25.9,12,2,Special Event,High
2025-01-01 13:00:00,Emergency Exit,231,600,0.385,12.0,46,30,33.5,13,2,Maintenance Window,Low
2025-01-01 13:10:00,Prayer Area,719,800,0.899,24.7,122,126,36.5,13,2,Weather Disruption,High
2025-01-01 13:20:00,Gate A,683,1000,0.683,16.4,82,92,38.3,13,2,Weather Disruption,High
2025-01-01 13:30:00,Gate A,981,1000,0.981,25.1,89,85,30.9,13,2,Peak Hour,High
2025-01-01 13:40:00,Emergency Exit,340,600,0.567,13.8,61,37,36.7,13,2,Normal Day,Medium
2025-01-01 13:50:00,Prayer Area,368,800,0.46,6.9,29,25,24.6,13,2,Maintenance Window,Low
2025-01-01 14:00:00,Emergency Exit,158,600,0.263,7.3,42,73,23.9,14,2,Maintenance Window,Low
2025-01-01 14:10:00,Service Corridor,103,500,0.206,4.7,29,21,34.1,14,2,Maintenance Window,Low
2025-01-01 14:20:00,Main Hall,3494,4000,0.874,21.5,110,104,34.8,14,2,Weather Disruption,High
2025-01-01 14:30:00,Parking Area,1298,1500,0.865,18.0,98,84,39.2,14,2,Weather Disruption,High
2025-01-01 14:40:00,Food Court,370,1200,0.308,6.9,51,57,26.9,14,2,Maintenance Window,Low
2025-01-01 14:50:00,Gate B,815,1000,0.815,22.7,79,91,35.3,14,2,Weather Disruption,High
2025-01-01 15:00:00,Emergency Exit,158,600,0.263,2.5,62,110,28.0,15,2,Maintenance Window,Low
2025-01-01 15:10:00,Parking Area,1199,1500,0.799,21.0,75,74,32.6,15,2,Peak Hour,High
2025-01-01 15:20:00,Parking Area,1537,1500,1.025,27.1,91,92,41.1,15,2,Weather Disruption,High
2025-01-01 15:30:00,Gate A,787,1000,0.787,26.9,88,104,24.5,15,2,Peak Hour,High
2025-01-01 15:40:00,Emergency Exit,237,600,0.395,13.2,69,66,21.5,15,2,Normal Day,Low
2025-01-01 15:50:00,Emergency Exit,589,600,0.982,25.4,87,44,32.4,15,2,Special Event,High
2025-01-01 16:00:00,Prayer Area,369,800,0.461,15.0,35,13,34.2,16,2,Maintenance Window,Medium
2025-01-01 16:10:00,Main Hall,3124,4000,0.781,22.4,93,94,42.1,16,2,Weather Disruption,High
2025-01-01 16:20:00,Prayer Area,537,800,0.671,17.5,75,92,45.5,16,2,Weather Disruption,High
2025-01-01 16:30:00,Main Hall,3090,4000,0.772,20.2,101,65,33.9,16,2,Weather Disruption,High
2025-01-01 16:40:00,Gate A,671,1000,0.671,16.0,83,90,28.8,16,2,Peak Hour,Medium
2025-01-01 16:50:00,Food Court,1096,1200,0.913,21.2,82,79,28.9,16,2,Peak Hour,High
2025-01-01 17:00:00,Gate B,524,1000,0.524,12.4,56,55,23.9,17,2,Normal Day,Low
2025-01-01 17:10:00,Parking Area,1285,1500,0.857,19.8,106,110,18.6,17,2,Special Event,High
2025-01-01 17:20:00,Service Corridor,258,500,0.516,16.2,60,42,24.4,17,2,Maintenance Window,Medium
2025-01-01 17:30:00,Gate B,505,1000,0.505,14.5,60,65,33.9,17,2,Normal Day,Medium
2025-01-01 17:40:00,Gate B,170,1000,0.17,10.7,60,44,20.7,17,2,Normal Day,Low
2025-01-01 17:50:00,Main Hall,3600,4000,0.9,25.3,86,74,38.1,17,2,Weather Disruption,High
2025-01-01 18:00:00,Emergency Exit,644,600,1.073,33.0,133,96,34.3,18,2,Special Event,High
2025-01-01 18:10:00,Gate A,464,1000,0.464,16.1,57,71,31.7,18,2,Maintenance Window,Low
2025-01-01 18:20:00,Parking Area,507,1500,0.338,7.6,74,108,36.8,18,2,Normal Day,Low
2025-01-01 18:30:00,Gate B,829,1000,0.829,22.8,90,83,30.3,18,2,Special Event,High
2025-01-01 18:40:00,Main Hall,1581,4000,0.395,18.1,65,68,31.2,18,2,Normal Day,Low
2025-01-01 18:50:00,Parking Area,1047,1500,0.698,18.9,90,53,32.6,18,2,Special Event,High
2025-01-01 19:00:00,Prayer Area,448,800,0.56,19.3,94,117,38.2,19,2,Weather Disruption,Medium
2025-01-01 19:10:00,Gate B,797,1000,0.797,22.7,124,125,29.3,19,2,Special Event,High
2025-01-01 19:20:00,Gate B,782,1000,0.782,20.6,96,86,27.5,19,2,Special Event,High
2025-01-01 19:30:00,Service Corridor,263,500,0.526,16.3,81,64,35.6,19,2,Weather Disruption,High
2025-01-01 19:40:00,Prayer Area,491,800,0.614,14.0,48,16,38.1,19,2,Weather Disruption,High
2025-01-01 19:50:00,Parking Area,1353,1500,0.902,15.8,115,125,24.4,19,2,Special Event,High
2025-01-01 20:00:00,Food Court,501,1200,0.417,12.2,94,131,36.3,20,2,Weather Disruption,Medium
2025-01-01 20:10:00,Prayer Area,618,800,0.772,20.7,92,84,45.9,20,2,Peak Hour,High
2025-01-01 20:20:00,Parking Area,1209,1500,0.806,20.6,98,99,30.2,20,2,Special Event,High
2025-01-01 20:30:00,Service Corridor,188,500,0.376,13.5,21,34,25.1,20,2,Normal Day,Low
2025-01-01 20:40:00,Parking Area,408,1500,0.272,7.9,51,29,28.0,20,2,Maintenance Window,Low
2025-01-01 20:50:00,Parking Area,893,1500,0.595,14.1,94,81,20.5,20,2,Peak Hour,Low
2025-01-01 21:00:00,Gate B,489,1000,0.489,14.4,79,71,34.7,21,2,Peak Hour,Low
2025-01-01 21:10:00,Main Hall,1401,4000,0.35,12.6,88,84,25.5,21,2,Weather Disruption,Low
2025-01-01 21:20:00,Food Court,208,1200,0.173,6.6,35,31,35.2,21,2,Maintenance Window,Low
2025-01-01 21:30:00,Emergency Exit,178,600,0.297,5.9,45,49,29.3,21,2,Maintenance Window,Low
2025-01-01 21:40:00,Emergency Exit,437,600,0.728,19.3,65,69,32.6,21,2,Weather Disruption,High
2025-01-01 21:50:00,Food Court,839,1200,0.699,17.5,116,119,37.2,21,2,Special Event,High
2025-01-01 22:00:00,Food Court,305,1200,0.254,8.6,57,50,27.1,22,2,Peak Hour,Low
2025-01-01 22:10:00,Main Hall,2274,4000,0.569,17.8,92,79,30.0,22,2,Special Event,High
2025-01-01 22:20:00,Gate A,786,1000,0.786,22.2,113,75,29.6,22,2,Special Event,High
2025-01-01 22:30:00,Parking Area,470,1500,0.313,13.5,55,79,31.4,22,2,Normal Day,Low
2025-01-01 22:40:00,Food Court,24,1200,0.02,5.6,0,0,32.3,22,2,Normal Day,Low
2025-01-01 22:50:00,Food Court,473,1200,0.394,16.8,68,98,30.0,22,2,Peak Hour,Medium
2025-01-01 23:00:00,Service Corridor,236,500,0.472,11.4,77,64,23.2,23,2,Peak Hour,Low
2025-01-01 23:10:00,Prayer Area,308,800,0.385,12.6,47,47,31.1,23,2,Normal Day,Low
2025-01-01 23:20:00,Food Court,399,1200,0.333,14.6,67,31,32.2,23,2,Peak Hour,Medium
2025-01-01 23:30:00,Emergency Exit,291,600,0.485,16.9,85,83,23.0,23,2,Peak Hour,Medium
2025-01-01 23:40:00,Food Court,343,1200,0.286,9.4,32,49,37.4,23,2,Maintenance Window,Low
2025-01-01 23:50:00,Food Court,240,1200,0.2,9.5,47,51,30.7,23,2,Maintenance Window,Low
2025-01-02 00:00:00,Gate B,122,1000,0.122,5.4,42,44,31.7,0,3,Maintenance Window,Low
2025-01-02 00:10:00,Gate B,300,1000,0.3,11.7,21,48,27.5,0,3,Maintenance Window,Low
2025-01-02 00:20:00,Service Corridor,163,500,0.326,11.3,68,51,33.1,0,3,Peak Hour,Low
2025-01-02 00:30:00,Prayer Area,375,800,0.469,16.2,43,38,27.1,0,3,Weather Disruption,Medium
2025-01-02 00:40:00,Main Hall,1341,4000,0.335,14.9,44,37,32.4,0,3,Maintenance Window,Low
2025-01-02 00:50:00,Food Court,646,1200,0.538,14.2,89,105,33.2,0,3,Weather Disruption,High
2025-01-02 01:00:00,Food Court,688,1200,0.573,14.3,83,60,32.7,1,3,Special Event,Medium
2025-01-02 01:10:00,Prayer Area,222,800,0.278,9.5,68,115,31.1,1,3,Weather Disruption,Medium
2025-01-02 01:20:00,Emergency Exit,157,600,0.262,10.1,45,44,37.3,1,3,Maintenance Window,Low
2025-01-02 01:30:00,Main Hall,1399,4000,0.35,11.5,53,63,45.2,1,3,Weather Disruption,Low
2025-01-02 01:40:00,Food Court,95,1200,0.079,5.1,7,0,31.1,1,3,Maintenance Window,Low
2025-01-02 01:50:00,Parking Area,214,1500,0.143,11.5,37,36,32.2,1,3,Maintenance Window,Low
2025-01-02 02:00:00,Parking Area,598,1500,0.399,8.6,48,62,36.6,2,3,Weather Disruption,Low
2025-01-02 02:10:00,Gate B,684,1000,0.684,19.6,91,99,37.9,2,3,Special Event,High
2025-01-02 02:20:00,Gate A,597,1000,0.597,20.5,89,104,40.6,2,3,Weather Disruption,Medium
2025-01-02 02:30:00,Main Hall,245,4000,0.061,3.0,49,66,37.4,2,3,Maintenance Window,Low
2025-01-02 02:40:00,Gate B,560,1000,0.56,16.6,97,102,28.2,2,3,Special Event,High
2025-01-02 02:50:00,Main Hall,1368,4000,0.342,11.5,38,35,29.1,2,3,Normal Day,Low
2025-01-02 03:00:00,Food Court,563,1200,0.469,13.6,43,29,36.7,3,3,Weather Disruption,Medium
2025-01-02 03:10:00,Gate A,289,1000,0.289,14.2,48,51,29.6,3,3,Normal Day,Low
2025-01-02 03:20:00,Food Court,425,1200,0.354,5.8,79,67,33.5,3,3,Special Event,Low
2025-01-02 03:30:00,Main Hall,1727,4000,0.432,16.6,56,76,31.4,3,3,Normal Day,Low
2025-01-02 03:40:00,Gate B,646,1000,0.646,18.2,121,58,22.9,3,3,Special Event,High
2025-01-02 03:50:00,Parking Area,315,1500,0.21,4.1,21,6,42.3,3,3,Maintenance Window,Low
2025-01-02 04:00:00,Parking Area,440,1500,0.293,7.0,19,17,25.0,4,3,Normal Day,Low
2025-01-02 04:10:00,Gate A,433,1000,0.433,14.0,78,89,31.4,4,3,Weather Disruption,Medium
2025-01-02 04:20:00,Food Court,406,1200,0.338,11.4,20,15,31.8,4,3,Maintenance Window,Low
2025-01-02 04:30:00,Service Corridor,354,500,0.708,22.6,80,97,47.7,4,3,Weather Disruption,High
2025-01-02 04:40:00,Parking Area,339,1500,0.226,13.4,29,6,27.6,4,3,Normal Day,Low
2025-01-02 04:50:00,Gate A,259,1000,0.259,7.7,35,20,41.4,4,3,Normal Day,Low
2025-01-02 05:00:00,Prayer Area,183,800,0.229,8.5,26,0,23.1,5,3,Maintenance Window,Low
2025-01-02 05:10:00,Parking Area,216,1500,0.144,11.1,33,57,32.1,5,3,Maintenance Window,Low
2025-01-02 05:20:00,Parking Area,649,1500,0.433,15.7,44,56,32.8,5,3,Normal Day,Low
2025-01-02 05:30:00,Service Corridor,216,500,0.432,13.8,78,67,38.1,5,3,Weather Disruption,Medium
2025-01-02 05:40:00,Gate B,556,1000,0.556,20.1,43,75,27.3,5,3,Normal Day,Medium
2025-01-02 05:50:00,Service Corridor,119,500,0.238,3.8,34,7,34.8,5,3,Maintenance Window,Low
2025-01-02 06:00:00,Parking Area,1296,1500,0.864,20.8,98,97,29.8,6,3,Special Event,High
2025-01-02 06:10:00,Main Hall,2099,4000,0.525,15.8,68,63,29.8,6,3,Normal Day,Medium
2025-01-02 06:20:00,Emergency Exit,425,600,0.708,21.5,93,125,45.2,6,3,Weather Disruption,High
2025-01-02 06:30:00,Gate A,555,1000,0.555,16.3,69,101,39.8,6,3,Weather Disruption,Medium
2025-01-02 06:40:00,Main Hall,218,4000,0.054,0.0,42,45,31.3,6,3,Maintenance Window,Low
2025-01-02 06:50:00,Prayer Area,696,800,0.87,25.6,93,89,36.0,6,3,Weather Disruption,High
2025-01-02 07:00:00,Gate B,1000,1000,1.0,21.3,103,66,25.2,7,3,Special Event,High
2025-01-02 07:10:00,Emergency Exit,256,600,0.427,15.2,88,70,17.6,7,3,Peak Hour,Low
2025-01-02 07:20:00,Prayer Area,452,800,0.565,15.4,78,80,26.6,7,3,Special Event,High
2025-01-02 07:30:00,Food Court,1144,1200,0.953,24.4,103,60,36.0,7,3,Peak Hour,High
2025-01-02 07:40:00,Food Court,407,1200,0.339,6.8,44,63,31.5,7,3,Maintenance Window,Low
2025-01-02 07:50:00,Parking Area,793,1500,0.529,10.0,41,58,31.4,7,3,Normal Day,Low
2025-01-02 08:00:00,Parking Area,1186,1500,0.791,23.4,128,130,34.0,8,3,Weather Disruption,High
2025-01-02 08:10:00,Main Hall,1637,4000,0.409,9.9,87,97,26.3,8,3,Normal Day,Low
2025-01-02 08:20:00,Emergency Exit,422,600,0.703,21.2,64,73,47.6,8,3,Weather Disruption,High
2025-01-02 08:30:00,Food Court,1086,1200,0.905,22.7,105,82,34.6,8,3,Special Event,High
2025-01-02 08:40:00,Main Hall,2967,4000,0.742,21.5,72,85,36.2,8,3,Peak Hour,High
2025-01-02 08:50:00,Emergency Exit,500,600,0.833,23.5,65,67,39.8,8,3,Weather Disruption,High
2025-01-02 09:00:00,Parking Area,1587,1500,1.058,31.7,134,62,28.4,9,3,Special Event,High
2025-01-02 09:10:00,Main Hall,3381,4000,0.845,26.3,77,71,25.4,9,3,Peak Hour,High
2025-01-02 09:20:00,Service Corridor,162,500,0.324,12.5,12,46,33.0,9,3,Maintenance Window,Low
2025-01-02 09:30:00,Food Court,731,1200,0.609,20.9,75,75,35.5,9,3,Weather Disruption,High
2025-01-02 09:40:00,Gate B,1053,1000,1.053,29.1,115,106,27.9,9,3,Special Event,High
2025-01-02 09:50:00,Food Court,1115,1200,0.929,28.5,80,124,43.0,9,3,Weather Disruption,High
2025-01-02 10:00:00,Service Corridor,421,500,0.842,21.9,99,109,30.9,10,3,Peak Hour,High
2025-01-02 10:10:00,Gate B,1177,1000,1.177,31.9,131,106,25.4,10,3,Special Event,High
2025-01-02 10:20:00,Emergency Exit,657,600,1.095,27.8,110,40,23.8,10,3,Special Event,High
2025-01-02 10:30:00,Prayer Area,888,800,1.11,24.2,139,115,31.5,10,3,Special Event,High
2025-01-02 10:40:00,Gate A,1030,1000,1.03,24.9,109,101,29.5,10,3,Special Event,High
2025-01-02 10:50:00,Prayer Area,842,800,1.052,34.0,117,131,31.8,10,3,Special Event,High
2025-01-02 11:00:00,Prayer Area,584,800,0.73,21.4,100,105,31.6,11,3,Weather Disruption,High
2025-01-02 11:10:00,Emergency Exit,408,600,0.68,19.3,104,88,18.7,11,3,Peak Hour,High
2025-01-02 11:20:00,Food Court,1372,1200,1.143,24.8,99,114,32.2,11,3,Peak Hour,High
2025-01-02 11:30:00,Gate B,872,1000,0.872,25.5,78,97,31.1,11,3,Weather Disruption,High
2025-01-02 11:40:00,Parking Area,1227,1500,0.818,21.9,83,51,28.2,11,3,Peak Hour,High
2025-01-02 11:50:00,Gate B,278,1000,0.278,12.3,21,11,26.9,11,3,Maintenance Window,Low
2025-01-02 12:00:00,Gate B,514,1000,0.514,16.8,24,24,40.0,12,3,Normal Day,Medium
2025-01-02 12:10:00,Main Hall,2423,4000,0.606,20.0,30,1,31.1,12,3,Normal Day,Medium
2025-01-02 12:20:00,Main Hall,4264,4000,1.066,21.6,97,32,28.8,12,3,Special Event,High
2025-01-02 12:30:00,Emergency Exit,329,600,0.548,19.7,47,10,33.1,12,3,Maintenance Window,High
2025-01-02 12:40:00,Parking Area,1832,1500,1.221,27.4,152,111,33.7,12,3,Special Event,High
2025-01-02 12:50:00,Service Corridor,510,500,1.02,25.7,109,118,37.5,12,3,Weather Disruption,High
2025-01-02 13:00:00,Food Court,742,1200,0.618,15.2,88,99,30.2,13,3,Weather Disruption,Medium
2025-01-02 13:10:00,Food Court,946,1200,0.788,17.2,78,68,41.9,13,3,Weather Disruption,High
2025-01-02 13:20:00,Prayer Area,676,800,0.845,23.0,81,48,25.3,13,3,Peak Hour,High
2025-01-02 13:30:00,Main Hall,3409,4000,0.852,24.9,66,69,36.9,13,3,Weather Disruption,High
2025-01-02 13:40:00,Emergency Exit,430,600,0.717,16.0,89,94,18.9,13,3,Peak Hour,High
2025-01-02 13:50:00,Gate B,873,1000,0.873,24.9,84,69,21.9,13,3,Peak Hour,High
2025-01-02 14:00:00,Gate B,403,1000,0.403,11.5,31,7,29.1,14,3,Normal Day,Low
2025-01-02 14:10:00,Gate B,866,1000,0.866,24.0,94,127,32.7,14,3,Weather Disruption,High
2025-01-02 14:20:00,Prayer Area,538,800,0.672,14.5,58,85,32.5,14,3,Normal Day,Medium
2025-01-02 14:30:00,Gate B,765,1000,0.765,21.7,82,85,38.4,14,3,Weather Disruption,High
2025-01-02 14:40:00,Emergency Exit,750,600,1.25,26.2,128,95,32.9,14,3,Special Event,High
2025-01-02 14:50:00,Parking Area,820,1500,0.547,16.6,66,27,38.0,14,3,Maintenance Window,Medium
2025-01-02 15:00:00,Service Corridor,316,500,0.632,15.4,83,86,39.4,15,3,Weather Disruption,High
2025-01-02 15:10:00,Gate A,506,1000,0.506,15.2,45,20,32.5,15,3,Maintenance Window,Low
2025-01-02 15:20:00,Parking Area,482,1500,0.321,11.2,47,70,29.1,15,3,Normal Day,Low
2025-01-02 15:30:00,Prayer Area,744,800,0.93,26.1,87,87,30.2,15,3,Weather Disruption,High
2025-01-02 15:40:00,Parking Area,1303,1500,0.869,23.5,126,112,37.5,15,3,Weather Disruption,High
2025-01-02 15:50:00,Gate A,694,1000,0.694,19.9,83,92,34.5,15,3,Weather Disruption,High
2025-01-02 16:00:00,Emergency Exit,450,600,0.75,21.9,82,57,42.9,16,3,Weather Disruption,High
2025-01-02 16:10:00,Prayer Area,561,800,0.701,14.9,68,61,44.1,16,3,Weather Disruption,High
2025-01-02 16:20:00,Parking Area,1084,1500,0.723,20.6,86,88,27.3,16,3,Peak Hour,Medium
2025-01-02 16:30:00,Emergency Exit,402,600,0.67,15.0,88,84,49.9,16,3,Weather Disruption,Medium
2025-01-02 16:40:00,Parking Area,505,1500,0.337,9.9,51,11,31.2,16,3,Normal Day,Medium
2025-01-02 16:50:00,Gate A,997,1000,0.997,29.0,111,83,18.6,16,3,Special Event,High
2025-01-02 17:00:00,Gate B,318,1000,0.318,11.4,39,31,33.0,17,3,Normal Day,Low
2025-01-02 17:10:00,Gate B,272,1000,0.272,8.0,75,99,30.5,17,3,Normal Day,Low
2025-01-02 17:20:00,Food Court,1089,1200,0.907,24.1,108,91,28.9,17,3,Special Event,High
2025-01-02 17:30:00,Parking Area,1513,1500,1.009,22.1,111,79,30.6,17,3,Special Event,High
2025-01-02 17:40:00,Service Corridor,397,500,0.794,17.5,101,71,27.1,17,3,Peak Hour,High
2025-01-02 17:50:00,Gate B,840,1000,0.84,20.2,84,59,27.2,17,3,Peak Hour,High
2025-01-02 18:00:00,Main Hall,4132,4000,1.033,33.5,99,85,24.1,18,3,Special Event,High
2025-01-02 18:10:00,Emergency Exit,112,600,0.187,5.0,33,12,34.2,18,3,Maintenance Window,Low
2025-01-02 18:20:00,Service Corridor,130,500,0.26,9.9,18,49,35.6,18,3,Maintenance Window,Low
2025-01-02 18:30:00,Prayer Area,682,800,0.853,19.4,129,124,30.5,18,3,Special Event,High
2025-01-02 18:40:00,Emergency Exit,427,600,0.712,23.3,101,77,39.5,18,3,Weather Disruption,High
2025-01-02 18:50:00,Gate B,404,1000,0.404,13.7,47,16,28.4,18,3,Normal Day,Low
2025-01-02 19:00:00,Prayer Area,241,800,0.301,9.3,47,57,28.5,19,3,Normal Day,Low
2025-01-02 19:10:00,Main Hall,229,4000,0.057,6.7,30,32,34.8,19,3,Maintenance Window,Low
2025-01-02 19:20:00,Service Corridor,324,500,0.648,18.2,88,66,33.3,19,3,Peak Hour,High
2025-01-02 19:30:00,Gate A,725,1000,0.725,13.6,114,118,33.2,19,3,Special Event,Medium
2025-01-02 19:40:00,Gate B,720,1000,0.72,24.5,75,59,33.7,19,3,Peak Hour,High
2025-01-02 19:50:00,Gate A,666,1000,0.666,20.4,87,77,28.7,19,3,Peak Hour,High
2025-01-02 20:00:00,Service Corridor,246,500,0.492,14.9,92,51,23.4,20,3,Peak Hour,Low
2025-01-02 20:10:00,Gate A,128,1000,0.128,5.7,43,33,31.2,20,3,Maintenance Window,Low
2025-01-02 20:20:00,Food Court,473,1200,0.394,10.6,49,70,32.0,20,3,Normal Day,Low
2025-01-02 20:30:00,Gate B,559,1000,0.559,20.5,111,99,30.8,20,3,Special Event,High
2025-01-02 20:40:00,Emergency Exit,288,600,0.48,15.3,88,82,34.9,20,3,Weather Disruption,Medium
2025-01-02 20:50:00,Prayer Area,244,800,0.305,12.9,95,125,29.9,20,3,Weather Disruption,Medium
2025-01-02 21:00:00,Gate A,461,1000,0.461,14.4,48,45,24.7,21,3,Peak Hour,Medium
2025-01-02 21:10:00,Emergency Exit,327,600,0.545,19.1,66,48,27.2,21,3,Weather Disruption,High
2025-01-02 21:20:00,Service Corridor,164,500,0.328,12.6,66,36,27.2,21,3,Peak Hour,Medium
2025-01-02 21:30:00,Emergency Exit,279,600,0.465,16.1,57,60,38.7,21,3,Weather Disruption,Medium
2025-01-02 21:40:00,Gate B,387,1000,0.387,14.0,79,30,44.0,21,3,Weather Disruption,Low
2025-01-02 21:50:00,Parking Area,1133,1500,0.755,19.7,81,49,35.1,21,3,Special Event,High
2025-01-02 22:00:00,Emergency Exit,349,600,0.582,13.2,88,56,34.3,22,3,Special Event,High
2025-01-02 22:10:00,Parking Area,647,1500,0.431,10.9,96,57,38.0,22,3,Peak Hour,Medium
2025-01-02 22:20:00,Gate B,366,1000,0.366,9.6,51,55,31.9,22,3,Weather Disruption,Low
2025-01-02 22:30:00,Emergency Exit,43,600,0.072,3.3,25,10,40.0,22,3,Normal Day,Low
2025-01-02 22:40:00,Gate B,266,1000,0.266,7.9,73,43,34.5,22,3,Peak Hour,Low
2025-01-02 22:50:00,Main Hall,614,4000,0.153,7.9,24,20,28.8,22,3,Maintenance Window,Low
2025-01-02 23:00:00,Gate B,303,1000,0.303,10.4,41,57,28.8,23,3,Normal Day,Low
2025-01-02 23:10:00,Parking Area,717,1500,0.478,10.5,66,35,31.1,23,3,Normal Day,Medium
2025-01-02 23:20:00,Main Hall,2327,4000,0.582,15.1,97,77,26.1,23,3,Special Event,High
2025-01-02 23:30:00,Food Court,563,1200,0.469,11.9,71,67,32.7,23,3,Special Event,Medium
2025-01-02 23:40:00,Prayer Area,179,800,0.224,10.1,41,41,27.3,23,3,Maintenance Window,Low
2025-01-02 23:50:00,Food Court,233,1200,0.194,9.6,47,24,35.6,23,3,Normal Day,Low
2025-01-03 00:00:00,Gate A,694,1000,0.694,21.1,82,101,33.3,0,4,Special Event,High
2025-01-03 00:10:00,Food Court,526,1200,0.438,13.6,63,76,40.4,0,4,Weather Disruption,Medium
2025-01-03 00:20:00,Prayer Area,348,800,0.435,13.4,53,29,40.8,0,4,Weather Disruption,Low
2025-01-03 00:30:00,Service Corridor,196,500,0.392,16.5,68,69,28.0,0,4,Peak Hour,Medium
2025-01-03 00:40:00,Emergency Exit,236,600,0.393,15.6,60,56,34.6,0,4,Peak Hour,Medium
2025-01-03 00:50:00,Main Hall,473,4000,0.118,2.5,17,29,32.5,0,4,Maintenance Window,Low
2025-01-03 01:00:00,Parking Area,824,1500,0.549,12.4,99,135,31.8,1,4,Peak Hour,Medium
2025-01-03 01:10:00,Prayer Area,167,800,0.209,6.8,47,23,46.6,1,4,Weather Disruption,Low
2025-01-03 01:20:00,Gate A,524,1000,0.524,15.0,109,92,32.7,1,4,Special Event,Medium
2025-01-03 01:30:00,Main Hall,423,4000,0.106,0.4,36,38,23.6,1,4,Normal Day,Low
2025-01-03 01:40:00,Parking Area,298,1500,0.199,5.6,74,69,24.2,1,4,Peak Hour,Low
2025-01-03 01:50:00,Emergency Exit,312,600,0.52,15.2,69,61,40.3,1,4,Weather Disruption,Medium
2025-01-03 02:00:00,Food Court,556,1200,0.463,16.6,75,92,42.4,2,4,Weather Disruption,Medium
2025-01-03 02:10:00,Parking Area,709,1500,0.473,15.2,29,17,33.9,2,4,Normal Day,Low
2025-01-03 02:20:00,Food Court,470,1200,0.392,9.5,31,36,32.0,2,4,Maintenance Window,Low
2025-01-03 02:30:00,Food Court,735,1200,0.613,19.0,94,81,30.5,2,4,Special Event,High
2025-01-03 02:40:00,Prayer Area,524,800,0.655,18.5,87,75,29.9,2,4,Special Event,High
2025-01-03 02:50:00,Service Corridor,208,500,0.416,14.4,92,79,41.7,2,4,Peak Hour,Low
2025-01-03 03:00:00,Parking Area,578,1500,0.385,11.4,75,93,39.6,3,4,Weather Disruption,Medium
2025-01-03 03:10:00,Main Hall,1904,4000,0.476,22.6,84,58,26.5,3,4,Peak Hour,Medium
2025-01-03 03:20:00,Gate B,437,1000,0.437,14.0,72,88,33.8,3,4,Weather Disruption,Low
2025-01-03 03:30:00,Main Hall,2214,4000,0.553,17.2,65,80,34.3,3,4,Weather Disruption,Medium
2025-01-03 03:40:00,Food Court,558,1200,0.465,16.1,63,88,44.1,3,4,Normal Day,Low
2025-01-03 03:50:00,Food Court,489,1200,0.407,10.4,56,53,31.9,3,4,Weather Disruption,Medium
2025-01-03 04:00:00,Service Corridor,310,500,0.62,19.2,93,72,40.6,4,4,Peak Hour,High
2025-01-03 04:10:00,Parking Area,325,1500,0.217,3.6,44,44,27.7,4,4,Normal Day,Low
2025-01-03 04:20:00,Service Corridor,388,500,0.776,18.3,89,76,30.9,4,4,Special Event,High
2025-01-03 04:30:00,Food Court,677,1200,0.564,15.8,70,49,29.1,4,4,Peak Hour,Medium
2025-01-03 04:40:00,Main Hall,3278,4000,0.82,21.2,99,92,33.1,4,4,Special Event,High
2025-01-03 04:50:00,Prayer Area,304,800,0.38,16.2,69,56,30.1,4,4,Maintenance Window,Low
2025-01-03 05:00:00,Gate A,678,1000,0.678,14.5,102,72,30.4,5,4,Special Event,High
2025-01-03 05:10:00,Emergency Exit,362,600,0.603,17.7,88,131,39.4,5,4,Weather Disruption,High
2025-01-03 05:20:00,Gate A,215,1000,0.215,13.5,30,12,29.8,5,4,Normal Day,Low
2025-01-03 05:30:00,Gate A,333,1000,0.333,15.0,37,13,34.7,5,4,Normal Day,Low
2025-01-03 05:40:00,Food Court,216,1200,0.18,5.7,42,65,24.8,5,4,Normal Day,Low
2025-01-03 05:50:00,Gate B,470,1000,0.47,17.4,74,68,31.2,5,4,Special Event,High
2025-01-03 06:00:00,Food Court,413,1200,0.344,9.2,71,71,40.4,6,4,Weather Disruption,Medium
2025-01-03 06:10:00,Main Hall,1517,4000,0.379,6.8,44,53,24.5,6,4,Normal Day,Low
2025-01-03 06:20:00,Food Court,504,1200,0.42,4.0,33,68,27.3,6,4,Normal Day,Low
2025-01-03 06:30:00,Service Corridor,414,500,0.828,25.5,110,101,31.8,6,4,Special Event,High
2025-01-03 06:40:00,Service Corridor,395,500,0.79,16.6,98,103,36.0,6,4,Peak Hour,High
2025-01-03 06:50:00,Gate A,426,1000,0.426,21.1,33,25,28.5,6,4,Maintenance Window,Medium
2025-01-03 07:00:00,Emergency Exit,211,600,0.352,10.4,75,69,47.7,7,4,Weather Disruption,Low
2025-01-03 07:10:00,Prayer Area,572,800,0.715,22.2,88,117,38.3,7,4,Weather Disruption,High
2025-01-03 07:20:00,Prayer Area,246,800,0.307,12.0,73,71,32.1,7,4,Maintenance Window,Low
2025-01-03 07:30:00,Food Court,881,1200,0.734,13.0,97,42,37.3,7,4,Peak Hour,High
2025-01-03 07:40:00,Parking Area,350,1500,0.233,4.5,41,42,27.5,7,4,Maintenance Window,Low
2025-01-03 07:50:00,Gate B,784,1000,0.784,24.4,100,131,37.0,7,4,Weather Disruption,High
2025-01-03 08:00:00,Emergency Exit,341,600,0.568,13.6,56,46,37.5,8,4,Normal Day,Medium
2025-01-03 08:10:00,Emergency Exit,624,600,1.04,26.8,118,78,19.1,8,4,Special Event,High
2025-01-03 08:20:00,Food Court,1119,1200,0.932,29.2,120,84,28.2,8,4,Peak Hour,High
2025-01-03 08:30:00,Prayer Area,914,800,1.143,32.5,113,80,33.9,8,4,Special Event,High
2025-01-03 08:40:00,Gate A,458,1000,0.458,18.9,48,6,32.5,8,4,Normal Day,Medium
2025-01-03 08:50:00,Service Corridor,178,500,0.356,11.0,54,29,27.4,8,4,Maintenance Window,Low
2025-01-03 09:00:00,Gate B,585,1000,0.585,18.9,96,99,28.2,9,4,Weather Disruption,High
2025-01-03 09:10:00,Gate A,871,1000,0.871,20.5,77,57,29.1,9,4,Peak Hour,High
2025-01-03 09:20:00,Service Corridor,484,500,0.968,28.2,116,86,25.7,9,4,Special Event,High
2025-01-03 09:30:00,Gate A,791,1000,0.791,14.3,83,54,37.9,9,4,Peak Hour,Medium
2025-01-03 09:40:00,Gate A,522,1000,0.522,19.6,37,27,33.1,9,4,Maintenance Window,Low
2025-01-03 09:50:00,Gate A,355,1000,0.355,16.5,35,38,35.7,9,4,Maintenance Window,Medium
2025-01-03 10:00:00,Prayer Area,647,800,0.809,27.3,65,86,32.9,10,4,Weather Disruption,High
2025-01-03 10:10:00,Service Corridor,145,500,0.29,7.4,43,63,29.4,10,4,Maintenance Window,Low
2025-01-03 10:20:00,Food Court,1140,1200,0.95,27.1,123,151,28.1,10,4,Special Event,High
2025-01-03 10:30:00,Service Corridor,455,500,0.91,22.4,86,100,33.9,10,4,Weather Disruption,High
2025-01-03 10:40:00,Service Corridor,262,500,0.524,13.7,21,0,23.7,10,4,Maintenance Window,Low
2025-01-03 10:50:00,Main Hall,1516,4000,0.379,10.2,39,33,36.6,10,4,Normal Day,Low
2025-01-03 11:00:00,Service Corridor,180,500,0.36,10.6,47,59,25.5,11,4,Maintenance Window,Low
2025-01-03 11:10:00,Emergency Exit,265,600,0.442,16.0,41,75,25.6,11,4,Maintenance Window,Low
2025-01-03 11:20:00,Gate B,880,1000,0.88,23.0,96,96,36.9,11,4,Peak Hour,High
2025-01-03 11:30:00,Gate A,748,1000,0.748,22.8,74,97,49.1,11,4,Weather Disruption,High
2025-01-03 11:40:00,Service Corridor,383,500,0.766,24.5,94,103,43.0,11,4,Weather Disruption,High
2025-01-03 11:50:00,Service Corridor,263,500,0.526,20.1,54,72,28.5,11,4,Maintenance Window,Medium
2025-01-03 12:00:00,Food Court,679,1200,0.566,18.9,60,52,30.1,12,4,Normal Day,Medium
2025-01-03 12:10:00,Main Hall,3594,4000,0.898,23.1,136,111,21.0,12,4,Special Event,High
2025-01-03 12:20:00,Food Court,637,1200,0.531,14.6,73,66,35.7,12,4,Normal Day,Medium
2025-01-03 12:30:00,Service Corridor,218,500,0.436,13.1,61,48,21.9,12,4,Maintenance Window,Medium
2025-01-03 12:40:00,Prayer Area,718,800,0.897,25.0,87,105,37.8,12,4,Weather Disruption,High
2025-01-03 12:50:00,Gate A,782,1000,0.782,16.0,74,47,29.5,12,4,Normal Day,High
2025-01-03 13:00:00,Emergency Exit,684,600,1.14,27.9,87,89,37.2,13,4,Special Event,High
2025-01-03 13:10:00,Prayer Area,670,800,0.838,26.4,114,140,33.3,13,4,Weather Disruption,High
2025-01-03 13:20:00,Food Court,1052,1200,0.877,24.7,142,132,37.4,13,4,Special Event,High
2025-01-03 13:30:00,Emergency Exit,277,600,0.462,11.7,32,56,36.9,13,4,Maintenance Window,Low
2025-01-03 13:40:00,Food Court,487,1200,0.406,14.0,51,71,30.4,13,4,Maintenance Window,Medium
2025-01-03 13:50:00,Prayer Area,393,800,0.491,12.3,80,92,33.6,13,4,Maintenance Window,Low
2025-01-03 14:00:00,Gate A,1215,1000,1.215,31.6,93,97,27.3,14,4,Special Event,High
2025-01-03 14:10:00,Food Court,1073,1200,0.894,27.2,82,51,29.0,14,4,Peak Hour,High
2025-01-03 14:20:00,Food Court,1040,1200,0.867,25.5,99,77,20.7,14,4,Special Event,High
2025-01-03 14:30:00,Gate B,1178,1000,1.178,27.6,145,110,26.6,14,4,Special Event,High
2025-01-03 14:40:00,Main Hall,1822,4000,0.456,13.6,74,104,25.9,14,4,Normal Day,Low
2025-01-03 14:50:00,Parking Area,1423,1500,0.949,24.7,111,114,36.0,14,4,Special Event,High
2025-01-03 15:00:00,Prayer Area,731,800,0.914,22.4,105,87,25.2,15,4,Peak Hour,High
2025-01-03 15:10:00,Gate A,1004,1000,1.004,31.0,106,95,42.0,15,4,Special Event,High
2025-01-03 15:20:00,Main Hall,3414,4000,0.854,26.6,81,68,27.1,15,4,Peak Hour,High
2025-01-03 15:30:00,Parking Area,1502,1500,1.001,27.4,98,70,28.3,15,4,Special Event,High
2025-01-03 15:40:00,Service Corridor,201,500,0.402,11.6,40,41,26.7,15,4,Maintenance Window,Low
2025-01-03 15:50:00,Gate A,778,1000,0.778,22.6,87,80,37.8,15,4,Peak Hour,High
2025-01-03 16:00:00,Prayer Area,421,800,0.526,19.3,53,73,26.5,16,4,Normal Day,Low
2025-01-03 16:10:00,Service Corridor,130,500,0.26,9.0,65,33,23.6,16,4,Normal Day,Low
2025-01-03 16:20:00,Emergency Exit,414,600,0.69,23.4,97,110,38.7,16,4,Weather Disruption,High
2025-01-03 16:30:00,Service Corridor,418,500,0.836,19.1,101,127,39.1,16,4,Weather Disruption,High
2025-01-03 16:40:00,Gate A,391,1000,0.391,13.5,69,71,41.5,16,4,Weather Disruption,Medium
2025-01-03 16:50:00,Emergency Exit,462,600,0.77,21.1,92,81,35.2,16,4,Peak Hour,High
2025-01-03 17:00:00,Gate A,496,1000,0.496,9.7,50,41,28.1,17,4,Maintenance Window,Low
2025-01-03 17:10:00,Parking Area,1431,1500,0.954,21.2,80,44,38.6,17,4,Peak Hour,High
2025-01-03 17:20:00,Emergency Exit,176,600,0.293,7.6,36,82,37.0,17,4,Maintenance Window,Low
2025-01-03 17:30:00,Parking Area,1199,1500,0.799,16.2,120,122,35.2,17,4,Special Event,High
2025-01-03 17:40:00,Gate A,529,1000,0.529,16.8,51,24,30.6,17,4,Normal Day,Medium
2025-01-03 17:50:00,Main Hall,3904,4000,0.976,26.5,123,120,26.5,17,4,Special Event,High
2025-01-03 18:00:00,Prayer Area,337,800,0.421,11.6,34,2,38.8,18,4,Maintenance Window,Medium
2025-01-03 18:10:00,Emergency Exit,566,600,0.943,26.5,107,88,27.9,18,4,Special Event,High
2025-01-03 18:20:00,Emergency Exit,209,600,0.348,13.1,34,62,26.7,18,4,Normal Day,Low
2025-01-03 18:30:00,Prayer Area,576,800,0.72,20.1,88,73,27.1,18,4,Peak Hour,High
2025-01-03 18:40:00,Parking Area,992,1500,0.661,16.2,78,86,33.4,18,4,Peak Hour,High
2025-01-03 18:50:00,Food Court,1076,1200,0.897,21.8,105,106,34.4,18,4,Special Event,High
2025-01-03 19:00:00,Main Hall,2354,4000,0.589,22.1,50,57,31.1,19,4,Weather Disruption,High
2025-01-03 19:10:00,Gate A,566,1000,0.566,14.9,82,60,22.7,19,4,Peak Hour,Medium
2025-01-03 19:20:00,Main Hall,2871,4000,0.718,15.2,93,91,24.8,19,4,Peak Hour,Medium
2025-01-03 19:30:00,Gate B,591,1000,0.591,22.8,34,80,25.4,19,4,Normal Day,High
2025-01-03 19:40:00,Parking Area,745,1500,0.497,16.4,78,76,31.2,19,4,Peak Hour,Medium
2025-01-03 19:50:00,Parking Area,894,1500,0.596,20.4,92,91,26.7,19,4,Peak Hour,Medium
2025-01-03 20:00:00,Service Corridor,131,500,0.262,12.1,61,61,37.2,20,4,Normal Day,Low
2025-01-03 20:10:00,Prayer Area,191,800,0.239,14.0,44,48,28.3,20,4,Normal Day,Low
2025-01-03 20:20:00,Gate B,765,1000,0.765,18.5,150,107,23.7,20,4,Special Event,High
2025-01-03 20:30:00,Prayer Area,558,800,0.698,21.1,73,49,24.6,20,4,Special Event,High
2025-01-03 20:40:00,Food Court,82,1200,0.068,1.5,30,16,32.0,20,4,Normal Day,Low
2025-01-03 20:50:00,Gate B,652,1000,0.652,21.8,86,78,32.6,20,4,Peak Hour,High
2025-01-03 21:00:00,Parking Area,662,1500,0.441,11.2,79,81,34.7,21,4,Weather Disruption,Low
2025-01-03 21:10:00,Prayer Area,341,800,0.426,13.6,40,56,27.2,21,4,Normal Day,Low
2025-01-03 21:20:00,Prayer Area,196,800,0.245,8.2,46,68,30.1,21,4,Normal Day,Low
2025-01-03 21:30:00,Gate B,182,1000,0.182,13.7,35,0,31.8,21,4,Maintenance Window,Medium
2025-01-03 21:40:00,Food Court,552,1200,0.46,11.1,60,50,31.1,21,4,Maintenance Window,Low
2025-01-03 21:50:00,Emergency Exit,95,600,0.158,10.2,46,53,23.2,21,4,Maintenance Window,Low
2025-01-03 22:00:00,Gate B,584,1000,0.584,20.4,99,70,16.3,22,4,Peak Hour,Medium
2025-01-03 22:10:00,Gate A,239,1000,0.239,7.0,70,96,30.1,22,4,Normal Day,Low
2025-01-03 22:20:00,Main Hall,1901,4000,0.475,19.3,81,98,43.8,22,4,Weather Disruption,Medium
2025-01-03 22:30:00,Emergency Exit,266,600,0.443,6.2,45,19,32.7,22,4,Peak Hour,Low
2025-01-03 22:40:00,Parking Area,1071,1500,0.714,15.9,88,80,26.3,22,4,Peak Hour,High
2025-01-03 22:50:00,Parking Area,973,1500,0.649,16.2,116,98,35.1,22,4,Peak Hour,Medium
2025-01-03 23:00:00,Prayer Area,310,800,0.388,12.9,80,53,29.4,23,4,Peak Hour,Low
2025-01-03 23:10:00,Service Corridor,223,500,0.446,18.4,74,67,23.4,23,4,Peak Hour,Medium
2025-01-03 23:20:00,Gate B,464,1000,0.464,14.9,75,90,38.1,23,4,Normal Day,Low
2025-01-03 23:30:00,Main Hall,1597,4000,0.399,10.5,57,90,34.1,23,4,Peak Hour,Low
2025-01-03 23:40:00,Emergency Exit,305,600,0.508,21.1,53,50,35.7,23,4,Weather Disruption,Medium
2025-01-03 23:50:00,Gate A,181,1000,0.181,10.2,70,67,27.9,23,4,Maintenance Window,Low
2025-01-04 00:00:00,Emergency Exit,229,600,0.382,10.5,91,84,19.8,0,5,Peak Hour,Low
2025-01-04 00:10:00,Gate B,600,1000,0.6,14.9,95,80,33.7,0,5,Special Event,Medium
2025-01-04 00:20:00,Gate A,452,1000,0.452,13.6,82,63,39.8,0,5,Weather Disruption,High
2025-01-04 00:30:00,Gate A,436,1000,0.436,13.3,60,61,44.3,0,5,Weather Disruption,Medium
2025-01-04 00:40:00,Gate B,210,1000,0.21,9.2,38,48,32.6,0,5,Normal Day,Low
2025-01-04 00:50:00,Service Corridor,335,500,0.67,15.9,86,71,27.7,0,5,Special Event,Medium
2025-01-04 01:00:00,Gate A,504,1000,0.504,13.1,89,96,31.0,1,5,Special Event,High
2025-01-04 01:10:00,Emergency Exit,143,600,0.238,9.2,49,59,40.4,1,5,Normal Day,Low
2025-01-04 01:20:00,Main Hall,1808,4000,0.452,9.2,85,112,33.7,1,5,Weather Disruption,Medium
2025-01-04 01:30:00,Gate B,410,1000,0.41,16.2,83,50,31.1,1,5,Special Event,Medium
2025-01-04 01:40:00,Service Corridor,257,500,0.514,11.8,62,67,42.8,1,5,Weather Disruption,Medium
2025-01-04 01:50:00,Gate A,326,1000,0.326,8.8,68,50,36.6,1,5,Maintenance Window,Low
2025-01-04 02:00:00,Gate B,295,1000,0.295,7.4,31,46,35.3,2,5,Maintenance Window,Low
2025-01-04 02:10:00,Gate A,679,1000,0.679,19.3,81,54,31.2,2,5,Special Event,High
2025-01-04 02:20:00,Prayer Area,254,800,0.318,11.9,51,41,29.2,2,5,Maintenance Window,Low
2025-01-04 02:30:00,Parking Area,396,1500,0.264,10.4,48,60,31.2,2,5,Maintenance Window,Low
2025-01-04 02:40:00,Emergency Exit,164,600,0.273,7.8,44,58,26.7,2,5,Maintenance Window,Low
2025-01-04 02:50:00,Gate B,224,1000,0.224,5.6,63,85,32.7,2,5,Normal Day,Low
2025-01-04 03:00:00,Food Court,808,1200,0.673,18.1,66,62,31.9,3,5,Normal Day,Medium
2025-01-04 03:10:00,Gate A,453,1000,0.453,14.7,50,36,32.1,3,5,Maintenance Window,Low
2025-01-04 03:20:00,Main Hall,2158,4000,0.539,23.9,91,51,26.5,3,5,Special Event,High
2025-01-04 03:30:00,Parking Area,822,1500,0.548,18.1,68,77,33.6,3,5,Weather Disruption,Medium
2025-01-04 03:40:00,Service Corridor,186,500,0.372,15.4,85,89,30.2,3,5,Peak Hour,Medium
2025-01-04 03:50:00,Gate A,585,1000,0.585,17.4,88,99,33.1,3,5,Weather Disruption,Medium
2025-01-04 04:00:00,Service Corridor,315,500,0.63,19.9,64,36,26.4,4,5,Peak Hour,High
2025-01-04 04:10:00,Service Corridor,195,500,0.39,10.1,76,43,29.4,4,5,Peak Hour,Medium
2025-01-04 04:20:00,Main Hall,2660,4000,0.665,21.7,93,68,35.8,4,5,Special Event,High
2025-01-04 04:30:00,Gate B,613,1000,0.613,16.5,91,83,35.1,4,5,Peak Hour,Medium
2025-01-04 04:40:00,Service Corridor,127,500,0.254,11.7,22,41,32.3,4,5,Maintenance Window,Low
2025-01-04 04:50:00,Food Court,1149,1200,0.958,28.1,133,114,21.7,4,5,Special Event,High
2025-01-04 05:00:00,Gate B,299,1000,0.299,7.8,47,60,22.7,5,5,Normal Day,Low
2025-01-04 05:10:00,Parking Area,941,1500,0.627,20.4,91,87,35.5,5,5,Special Event,High
2025-01-04 05:20:00,Parking Area,347,1500,0.231,12.4,32,38,31.3,5,5,Normal Day,Low
2025-01-04 05:30:00,Service Corridor,93,500,0.186,4.0,48,53,35.7,5,5,Maintenance Window,Low
2025-01-04 05:40:00,Emergency Exit,439,600,0.732,19.0,94,68,38.2,5,5,Peak Hour,High
2025-01-04 05:50:00,Main Hall,3077,4000,0.769,17.6,109,121,27.5,5,5,Special Event,High
2025-01-04 06:00:00,Gate B,400,1000,0.4,11.9,39,60,28.4,6,5,Normal Day,Low
2025-01-04 06:10:00,Prayer Area,139,800,0.174,4.4,57,21,26.2,6,5,Normal Day,Low
2025-01-04 06:20:00,Prayer Area,736,800,0.92,22.6,129,96,35.0,6,5,Special Event,High
2025-01-04 06:30:00,Gate B,626,1000,0.626,14.7,81,73,27.5,6,5,Peak Hour,Medium
2025-01-04 06:40:00,Emergency Exit,287,600,0.478,15.8,54,48,30.8,6,5,Normal Day,Medium
2025-01-04 06:50:00,Emergency Exit,564,600,0.94,27.6,157,142,32.4,6,5,Special Event,High
2025-01-04 07:00:00,Emergency Exit,173,600,0.288,8.8,49,48,30.7,7,5,Maintenance Window,Low
2025-01-04 07:10:00,Gate B,664,1000,0.664,16.6,99,117,30.0,7,5,Weather Disruption,High
2025-01-04 07:20:00,Parking Area,653,1500,0.435,16.3,49,61,30.3,7,5,Maintenance Window,Low
2025-01-04 07:30:00,Parking Area,1352,1500,0.901,23.7,81,61,30.3,7,5,Special Event,High
2025-01-04 07:40:00,Emergency Exit,299,600,0.498,11.7,31,26,33.8,7,5,Normal Day,Medium
2025-01-04 07:50:00,Main Hall,2032,4000,0.508,14.5,80,87,40.7,7,5,Weather Disruption,Medium
2025-01-04 08:00:00,Service Corridor,392,500,0.784,23.7,75,72,24.5,8,5,Weather Disruption,High
2025-01-04 08:10:00,Gate B,843,1000,0.843,23.0,106,49,31.1,8,5,Special Event,High
2025-01-04 08:20:00,Gate A,318,1000,0.318,11.1,44,51,30.6,8,5,Normal Day,Low
2025-01-04 08:30:00,Prayer Area,446,800,0.557,14.5,78,70,41.1,8,5,Weather Disruption,Medium
2025-01-04 08:40:00,Main Hall,2806,4000,0.702,20.1,88,126,34.7,8,5,Weather Disruption,High
2025-01-04 08:50:00,Parking Area,1177,1500,0.785,19.8,68,48,24.6,8,5,Peak Hour,High
2025-01-04 09:00:00,Service Corridor,448,500,0.896,25.5,118,84,28.7,9,5,Special Event,High
2025-01-04 09:10:00,Parking Area,1239,1500,0.826,24.6,78,100,30.4,9,5,Weather Disruption,High
2025-01-04 09:20:00,Emergency Exit,353,600,0.588,18.4,50,12,19.9,9,5,Maintenance Window,High
2025-01-04 09:30:00,Emergency Exit,387,600,0.645,18.4,83,104,38.7,9,5,Weather Disruption,High
2025-01-04 09:40:00,Parking Area,729,1500,0.486,17.9,40,92,31.9,9,5,Normal Day,Medium
2025-01-04 09:50:00,Parking Area,1589,1500,1.059,29.7,78,91,28.3,9,5,Peak Hour,High
2025-01-04 10:00:00,Prayer Area,375,800,0.469,12.4,48,45,39.6,10,5,Maintenance Window,Medium
2025-01-04 10:10:00,Emergency Exit,526,600,0.877,22.2,111,88,27.9,10,5,Peak Hour,High
2025-01-04 10:20:00,Parking Area,776,1500,0.517,10.6,67,105,33.6,10,5,Normal Day,Medium
2025-01-04 10:30:00,Food Court,1314,1200,1.095,25.3,113,109,30.5,10,5,Special Event,High
2025-01-04 10:40:00,Gate B,704,1000,0.704,21.0,119,125,20.5,10,5,Peak Hour,High
2025-01-04 10:50:00,Food Court,1057,1200,0.881,22.5,125,116,23.5,10,5,Special Event,High
2025-01-04 11:00:00,Emergency Exit,233,600,0.388,15.9,43,36,34.4,11,5,Maintenance Window,Medium
2025-01-04 11:10:00,Main Hall,3751,4000,0.938,27.9,104,113,38.4,11,5,Weather Disruption,High
2025-01-04 11:20:00,Gate B,777,1000,0.777,20.2,94,105,29.8,11,5,Peak Hour,High
2025-01-04 11:30:00,Gate B,507,1000,0.507,16.9,52,78,33.2,11,5,Normal Day,Low
2025-01-04 11:40:00,Prayer Area,872,800,1.09,27.4,110,103,24.8,11,5,Peak Hour,High
2025-01-04 11:50:00,Parking Area,690,1500,0.46,17.3,59,56,32.2,11,5,Normal Day,Low
2025-01-04 12:00:00,Gate A,1182,1000,1.182,27.8,121,97,22.1,12,5,Special Event,High
2025-01-04 12:10:00,Main Hall,3784,4000,0.946,20.8,74,60,37.8,12,5,Peak Hour,High
2025-01-04 12:20:00,Parking Area,1413,1500,0.942,26.1,77,82,28.3,12,5,Peak Hour,High
2025-01-04 12:30:00,Gate B,861,1000,0.861,24.0,88,99,36.7,12,5,Weather Disruption,High
2025-01-04 12:40:00,Gate B,665,1000,0.665,16.3,71,61,24.1,12,5,Normal Day,High
2025-01-04 12:50:00,Gate A,1011,1000,1.011,25.5,97,89,32.9,12,5,Peak Hour,High
2025-01-04 13:00:00,Parking Area,823,1500,0.549,12.3,55,82,38.4,13,5,Normal Day,Medium
2025-01-04 13:10:00,Prayer Area,760,800,0.95,27.5,108,105,31.8,13,5,Peak Hour,High
2025-01-04 13:20:00,Emergency Exit,184,600,0.307,11.8,51,63,23.3,13,5,Normal Day,Low
2025-01-04 13:30:00,Main Hall,3606,4000,0.901,23.6,100,121,24.9,13,5,Peak Hour,High
2025-01-04 13:40:00,Gate A,826,1000,0.826,22.0,113,128,32.2,13,5,Peak Hour,High
2025-01-04 13:50:00,Gate A,365,1000,0.365,10.3,15,40,34.8,13,5,Maintenance Window,Medium
2025-01-04 14:00:00,Main Hall,3947,4000,0.987,25.9,107,82,45.3,14,5,Weather Disruption,High
2025-01-04 14:10:00,Gate B,483,1000,0.483,12.3,38,31,20.7,14,5,Maintenance Window,Medium
2025-01-04 14:20:00,Prayer Area,257,800,0.321,12.1,36,43,26.9,14,5,Maintenance Window,Low
2025-01-04 14:30:00,Food Court,965,1200,0.804,27.8,88,75,44.1,14,5,Weather Disruption,High
2025-01-04 14:40:00,Parking Area,1432,1500,0.955,23.1,92,93,31.5,14,5,Weather Disruption,High
2025-01-04 14:50:00,Food Court,1008,1200,0.84,18.4,66,99,37.5,14,5,Weather Disruption,High
2025-01-04 15:00:00,Gate B,601,1000,0.601,21.5,74,102,38.3,15,5,Weather Disruption,High
2025-01-04 15:10:00,Prayer Area,393,800,0.491,17.0,56,65,28.8,15,5,Maintenance Window,Medium
2025-01-04 15:20:00,Gate A,389,1000,0.389,12.6,49,43,31.6,15,5,Maintenance Window,Low
2025-01-04 15:30:00,Service Corridor,512,500,1.024,23.2,88,77,32.4,15,5,Special Event,High
2025-01-04 15:40:00,Gate B,268,1000,0.268,5.8,76,60,33.1,15,5,Normal Day,Low
2025-01-04 15:50:00,Service Corridor,473,500,0.946,26.5,113,87,24.7,15,5,Special Event,High
2025-01-04 16:00:00,Food Court,943,1200,0.786,29.2,107,125,37.6,16,5,Weather Disruption,High
2025-01-04 16:10:00,Food Court,751,1200,0.626,15.4,50,49,24.7,16,5,Normal Day,Low
2025-01-04 16:20:00,Emergency Exit,219,600,0.365,9.8,38,49,28.8,16,5,Normal Day,Low
2025-01-04 16:30:00,Gate A,948,1000,0.948,24.0,118,112,29.3,16,5,Special Event,High
2025-01-04 16:40:00,Main Hall,2736,4000,0.684,21.4,94,88,31.4,16,5,Peak Hour,High
2025-01-04 16:50:00,Emergency Exit,508,600,0.847,25.4,88,117,39.1,16,5,Weather Disruption,High
2025-01-04 17:00:00,Main Hall,3051,4000,0.763,18.6,101,137,28.1,17,5,Peak Hour,High
2025-01-04 17:10:00,Gate A,840,1000,0.84,27.1,97,73,22.1,17,5,Special Event,High
2025-01-04 17:20:00,Food Court,501,1200,0.417,21.6,39,10,34.5,17,5,Maintenance Window,Medium
2025-01-04 17:30:00,Food Court,369,1200,0.307,8.9,37,52,28.9,17,5,Maintenance Window,Low
2025-01-04 17:40:00,Gate A,324,1000,0.324,7.3,46,16,27.8,17,5,Maintenance Window,Low
2025-01-04 17:50:00,Emergency Exit,482,600,0.803,21.5,109,109,32.2,17,5,Peak Hour,High
2025-01-04 18:00:00,Food Court,314,1200,0.262,5.7,44,56,35.5,18,5,Maintenance Window,Low
2025-01-04 18:10:00,Emergency Exit,438,600,0.73,19.8,60,57,20.7,18,5,Peak Hour,Medium
2025-01-04 18:20:00,Gate B,623,1000,0.623,14.1,55,58,38.9,18,5,Normal Day,Medium
2025-01-04 18:30:00,Service Corridor,506,500,1.012,25.1,124,78,29.1,18,5,Special Event,High
2025-01-04 18:40:00,Gate A,730,1000,0.73,19.9,80,70,36.9,18,5,Weather Disruption,High
2025-01-04 18:50:00,Service Corridor,157,500,0.314,8.4,70,71,40.0,18,5,Weather Disruption,Low
2025-01-04 19:00:00,Food Court,614,1200,0.512,14.5,93,84,37.7,19,5,Weather Disruption,Medium
2025-01-04 19:10:00,Food Court,647,1200,0.539,18.7,96,99,36.9,19,5,Weather Disruption,Medium
2025-01-04 19:20:00,Parking Area,1288,1500,0.859,23.6,111,74,25.2,19,5,Special Event,High
2025-01-04 19:30:00,Main Hall,1930,4000,0.482,18.9,79,93,37.3,19,5,Weather Disruption,Medium
2025-01-04 19:40:00,Food Court,708,1200,0.59,16.7,101,119,30.4,19,5,Special Event,Medium
2025-01-04 19:50:00,Main Hall,2466,4000,0.617,20.2,40,52,26.3,19,5,Maintenance Window,Medium
2025-01-04 20:00:00,Service Corridor,174,500,0.348,6.0,32,33,28.0,20,5,Normal Day,Low
2025-01-04 20:10:00,Main Hall,2442,4000,0.611,13.9,105,79,32.5,20,5,Weather Disruption,High
2025-01-04 20:20:00,Food Court,450,1200,0.375,13.9,51,35,27.5,20,5,Normal Day,Low
2025-01-04 20:30:00,Main Hall,1542,4000,0.386,9.1,56,35,31.5,20,5,Normal Day,Low
2025-01-04 20:40:00,Food Court,451,1200,0.376,16.0,39,41,25.1,20,5,Normal Day,Low
2025-01-04 20:50:00,Main Hall,1001,4000,0.25,5.9,24,0,24.7,20,5,Normal Day,Low
2025-01-04 21:00:00,Gate B,468,1000,0.468,19.7,82,75,33.2,21,5,Special Event,High
2025-01-04 21:10:00,Gate A,488,1000,0.488,9.9,116,69,24.8,21,5,Peak Hour,Medium
2025-01-04 21:20:00,Main Hall,2712,4000,0.678,26.2,79,43,18.8,21,5,Peak Hour,High
2025-01-04 21:30:00,Parking Area,347,1500,0.231,9.7,51,59,28.4,21,5,Normal Day,Low
2025-01-04 21:40:00,Main Hall,2537,4000,0.634,20.6,110,67,22.8,21,5,Special Event,High
2025-01-04 21:50:00,Parking Area,909,1500,0.606,18.4,100,92,31.0,21,5,Peak Hour,High
2025-01-04 22:00:00,Food Court,547,1200,0.456,18.5,75,73,33.8,22,5,Weather Disruption,Medium
2025-01-04 22:10:00,Service Corridor,221,500,0.442,17.6,44,45,37.8,22,5,Weather Disruption,Medium
2025-01-04 22:20:00,Service Corridor,290,500,0.58,15.5,97,46,26.2,22,5,Special Event,High
2025-01-04 22:30:00,Gate B,489,1000,0.489,18.7,113,105,27.7,22,5,Special Event,Medium
2025-01-04 22:40:00,Parking Area,493,1500,0.329,8.1,59,43,30.2,22,5,Weather Disruption,Low
2025-01-04 22:50:00,Food Court,821,1200,0.684,17.0,91,82,28.7,22,5,Peak Hour,High
2025-01-04 23:00:00,Prayer Area,251,800,0.314,10.1,43,20,26.0,23,5,Normal Day,Low
2025-01-04 23:10:00,Gate B,510,1000,0.51,18.8,66,61,24.8,23,5,Peak Hour,Medium
2025-01-04 23:20:00,Gate A,285,1000,0.285,8.2,54,52,26.8,23,5,Maintenance Window,Low
2025-01-04 23:30:00,Gate B,565,1000,0.565,17.2,116,124,28.5,23,5,Peak Hour,Medium
2025-01-04 23:40:00,Emergency Exit,67,600,0.112,10.0,37,43,33.4,23,5,Maintenance Window,Low
2025-01-04 23:50:00,Emergency Exit,248,600,0.413,17.6,87,85,38.0,23,5,Weather Disruption,Medium
2025-01-05 00:00:00,Main Hall,1148,4000,0.287,5.7,58,31,26.8,0,6,Peak Hour,Low
2025-01-05 00:10:00,Emergency Exit,266,600,0.443,10.1,66,79,41.0,0,6,Weather Disruption,Low
2025-01-05 00:20:00,Emergency Exit,410,600,0.683,19.0,72,72,38.5,0,6,Weather Disruption,High
2025-01-05 00:30:00,Gate A,378,1000,0.378,9.4,86,70,27.2,0,6,Special Event,Medium
2025-01-05 00:40:00,Gate A,556,1000,0.556,15.9,88,65,32.9,0,6,Peak Hour,Medium
2025-01-05 00:50:00,Prayer Area,322,800,0.403,15.5,86,83,29.5,0,6,Peak Hour,Medium
2025-01-05 01:00:00,Gate A,196,1000,0.196,6.4,46,55,25.9,1,6,Normal Day,Low
2025-01-05 01:10:00,Gate B,20,1000,0.02,3.8,26,24,37.1,1,6,Maintenance Window,Low
2025-01-05 01:20:00,Gate B,20,1000,0.02,3.0,22,13,35.5,1,6,Maintenance Window,Low
2025-01-05 01:30:00,Prayer Area,135,800,0.169,10.8,34,20,21.4,1,6,Maintenance Window,Low
2025-01-05 01:40:00,Prayer Area,560,800,0.7,19.6,72,54,40.8,1,6,Weather Disruption,High
2025-01-05 01:50:00,Prayer Area,527,800,0.659,19.8,96,91,30.9,1,6,Special Event,High
2025-01-05 02:00:00,Prayer Area,196,800,0.245,11.7,9,32,37.3,2,6,Normal Day,Low
2025-01-05 02:10:00,Gate B,355,1000,0.355,9.9,58,46,27.0,2,6,Normal Day,Low
2025-01-05 02:20:00,Main Hall,813,4000,0.203,6.3,34,48,25.0,2,6,Normal Day,Low
2025-01-05 02:30:00,Parking Area,416,1500,0.277,13.1,42,40,25.1,2,6,Normal Day,Low
2025-01-05 02:40:00,Prayer Area,264,800,0.33,11.0,33,23,36.9,2,6,Normal Day,Low
2025-01-05 02:50:00,Food Court,389,1200,0.324,10.7,100,110,28.1,2,6,Normal Day,Low
2025-01-05 03:00:00,Gate B,644,1000,0.644,24.2,97,51,28.0,3,6,Special Event,High
2025-01-05 03:10:00,Emergency Exit,228,600,0.38,10.3,62,71,44.7,3,6,Weather Disruption,Medium
2025-01-05 03:20:00,Service Corridor,74,500,0.148,3.3,49,27,28.9,3,6,Normal Day,Low
2025-01-05 03:30:00,Emergency Exit,215,600,0.358,11.6,77,99,41.0,3,6,Weather Disruption,Medium
2025-01-05 03:40:00,Emergency Exit,225,600,0.375,10.0,54,47,40.0,3,6,Weather Disruption,Medium
2025-01-05 03:50:00,Prayer Area,309,800,0.386,16.1,72,50,49.8,3,6,Weather Disruption,Medium
2025-01-05 04:00:00,Gate A,572,1000,0.572,15.5,67,108,43.0,4,6,Weather Disruption,High
2025-01-05 04:10:00,Main Hall,868,4000,0.217,12.6,32,38,21.8,4,6,Normal Day,Low
2025-01-05 04:20:00,Prayer Area,474,800,0.593,11.1,105,127,36.9,4,6,Special Event,Medium
2025-01-05 04:30:00,Gate B,444,1000,0.444,17.1,48,51,31.5,4,6,Normal Day,Medium
2025-01-05 04:40:00,Gate B,548,1000,0.548,20.2,100,93,38.6,4,6,Peak Hour,Medium
2025-01-05 04:50:00,Emergency Exit,354,600,0.59,26.8,61,51,40.1,4,6,Weather Disruption,High
2025-01-05 05:00:00,Gate A,207,1000,0.207,11.3,53,68,25.2,5,6,Maintenance Window,Low
2025-01-05 05:10:00,Gate A,647,1000,0.647,18.8,85,87,41.2,5,6,Weather Disruption,High
2025-01-05 05:20:00,Gate A,235,1000,0.235,6.6,29,16,31.1,5,6,Normal Day,Low
2025-01-05 05:30:00,Food Court,979,1200,0.816,20.1,128,103,27.8,5,6,Special Event,High
2025-01-05 05:40:00,Gate B,192,1000,0.192,11.2,9,29,37.6,5,6,Maintenance Window,Low
2025-01-05 05:50:00,Prayer Area,337,800,0.421,11.9,57,47,27.6,5,6,Maintenance Window,Low
2025-01-05 06:00:00,Gate A,813,1000,0.813,21.3,73,42,32.0,6,6,Peak Hour,High
2025-01-05 06:10:00,Food Court,430,1200,0.358,14.2,46,41,25.2,6,6,Normal Day,Low
2025-01-05 06:20:00,Gate A,725,1000,0.725,18.6,78,112,34.4,6,6,Weather Disruption,High
2025-01-05 06:30:00,Gate A,364,1000,0.364,10.7,18,3,36.4,6,6,Maintenance Window,Low
2025-01-05 06:40:00,Main Hall,1494,4000,0.373,10.2,76,76,27.8,6,6,Normal Day,Low
2025-01-05 06:50:00,Prayer Area,605,800,0.756,20.7,103,92,40.5,6,6,Special Event,High
2025-01-05 07:00:00,Food Court,457,1200,0.381,12.5,43,49,29.9,7,6,Maintenance Window,Low
2025-01-05 07:10:00,Main Hall,2672,4000,0.668,15.9,132,99,30.5,7,6,Peak Hour,Medium
2025-01-05 07:20:00,Emergency Exit,196,600,0.327,9.9,64,75,32.8,7,6,Normal Day,Low
2025-01-05 07:30:00,Food Court,907,1200,0.756,25.2,119,111,25.7,7,6,Special Event,High
2025-01-05 07:40:00,Main Hall,2946,4000,0.737,19.5,58,69,29.6,7,6,Peak Hour,High
2025-01-05 07:50:00,Main Hall,3769,4000,0.942,22.0,77,72,32.6,7,6,Special Event,High
2025-01-05 08:00:00,Gate B,798,1000,0.798,17.2,76,51,34.2,8,6,Peak Hour,High
2025-01-05 08:10:00,Main Hall,4088,4000,1.022,27.5,105,82,27.0,8,6,Peak Hour,High
2025-01-05 08:20:00,Prayer Area,673,800,0.841,22.0,91,90,22.2,8,6,Peak Hour,High
2025-01-05 08:30:00,Main Hall,4714,4000,1.179,32.6,87,46,29.3,8,6,Special Event,High
2025-01-05 08:40:00,Food Court,1225,1200,1.021,27.4,107,78,33.6,8,6,Peak Hour,High
2025-01-05 08:50:00,Prayer Area,831,800,1.039,22.0,139,121,36.4,8,6,Special Event,High
2025-01-05 09:00:00,Gate A,883,1000,0.883,24.2,109,84,24.9,9,6,Special Event,High
2025-01-05 09:10:00,Gate A,444,1000,0.444,11.7,76,78,36.4,9,6,Normal Day,Low
2025-01-05 09:20:00,Service Corridor,508,500,1.016,21.3,135,112,33.7,9,6,Special Event,High
2025-01-05 09:30:00,Emergency Exit,171,600,0.285,14.0,44,52,36.8,9,6,Maintenance Window,Low
2025-01-05 09:40:00,Gate A,852,1000,0.852,20.7,92,91,30.9,9,6,Special Event,High
2025-01-05 09:50:00,Emergency Exit,125,600,0.208,8.4,11,21,31.9,9,6,Maintenance Window,Low
2025-01-05 10:00:00,Prayer Area,376,800,0.47,16.8,33,17,31.7,10,6,Normal Day,Low
2025-01-05 10:10:00,Gate B,747,1000,0.747,20.7,73,69,30.1,10,6,Peak Hour,High
2025-01-05 10:20:00,Main Hall,3110,4000,0.777,20.4,70,66,32.9,10,6,Peak Hour,High
2025-01-05 10:30:00,Prayer Area,670,800,0.838,20.7,96,88,29.7,10,6,Peak Hour,High
2025-01-05 10:40:00,Food Court,1422,1200,1.185,31.7,120,96,42.1,10,6,Special Event,High
2025-01-05 10:50:00,Service Corridor,215,500,0.43,18.8,66,57,32.6,10,6,Normal Day,Medium
2025-01-05 11:00:00,Prayer Area,739,800,0.924,25.5,96,100,40.2,11,6,Weather Disruption,High
2025-01-05 11:10:00,Gate B,755,1000,0.755,25.7,70,81,36.4,11,6,Weather Disruption,High
2025-01-05 11:20:00,Service Corridor,503,500,1.006,23.2,118,75,27.6,11,6,Special Event,High
2025-01-05 11:30:00,Main Hall,1425,4000,0.356,7.4,58,37,34.0,11,6,Maintenance Window,Low
2025-01-05 11:40:00,Gate B,922,1000,0.922,21.3,79,93,36.7,11,6,Weather Disruption,High
2025-01-05 11:50:00,Parking Area,1507,1500,1.005,26.4,128,123,29.2,11,6,Special Event,High
2025-01-05 12:00:00,Emergency Exit,247,600,0.412,14.0,50,53,35.2,12,6,Normal Day,Low
2025-01-05 12:10:00,Emergency Exit,553,600,0.922,22.2,118,116,31.5,12,6,Peak Hour,High
2025-01-05 12:20:00,Emergency Exit,539,600,0.898,24.9,82,75,24.5,12,6,Peak Hour,High
2025-01-05 12:30:00,Gate B,932,1000,0.932,18.9,82,79,30.1,12,6,Peak Hour,Medium
2025-01-05 12:40:00,Service Corridor,428,500,0.856,20.4,105,98,34.6,12,6,Weather Disruption,High
2025-01-05 12:50:00,Parking Area,1875,1500,1.25,32.6,130,124,23.7,12,6,Special Event,High
2025-01-05 13:00:00,Parking Area,1395,1500,0.93,23.8,104,90,14.6,13,6,Peak Hour,High
2025-01-05 13:10:00,Food Court,706,1200,0.588,16.6,84,93,32.2,13,6,Normal Day,Medium
2025-01-05 13:20:00,Service Corridor,154,500,0.308,3.5,33,48,28.2,13,6,Maintenance Window,Low
2025-01-05 13:30:00,Parking Area,1873,1500,1.249,30.6,130,119,37.5,13,6,Special Event,High
2025-01-05 13:40:00,Prayer Area,696,800,0.87,25.7,117,103,28.5,13,6,Peak Hour,High
2025-01-05 13:50:00,Main Hall,1493,4000,0.373,13.2,60,97,33.7,13,6,Maintenance Window,Low
2025-01-05 14:00:00,Main Hall,2355,4000,0.589,16.6,62,46,36.5,14,6,Normal Day,Medium
2025-01-05 14:10:00,Food Court,988,1200,0.823,28.1,82,74,35.2,14,6,Weather Disruption,High
2025-01-05 14:20:00,Food Court,899,1200,0.749,28.7,98,63,29.8,14,6,Peak Hour,High
2025-01-05 14:30:00,Emergency Exit,654,600,1.09,29.1,95,94,26.5,14,6,Peak Hour,High
2025-01-05 14:40:00,Emergency Exit,130,600,0.217,6.1,19,25,24.0,14,6,Maintenance Window,Low
2025-01-05 14:50:00,Service Corridor,377,500,0.754,18.8,108,102,42.4,14,6,Weather Disruption,High
2025-01-05 15:00:00,Service Corridor,461,500,0.922,24.1,99,87,28.8,15,6,Special Event,High
2025-01-05 15:10:00,Food Court,1062,1200,0.885,22.1,97,80,25.7,15,6,Peak Hour,High
2025-01-05 15:20:00,Service Corridor,193,500,0.386,7.6,46,58,26.5,15,6,Normal Day,Medium
2025-01-05 15:30:00,Prayer Area,748,800,0.935,27.0,121,112,25.2,15,6,Weather Disruption,High
2025-01-05 15:40:00,Parking Area,1562,1500,1.041,27.7,135,121,34.0,15,6,Special Event,High
2025-01-05 15:50:00,Parking Area,1825,1500,1.217,31.1,112,84,26.8,15,6,Special Event,High
2025-01-05 16:00:00,Parking Area,832,1500,0.555,15.6,69,92,39.5,16,6,Weather Disruption,Medium
2025-01-05 16:10:00,Gate B,352,1000,0.352,12.8,52,52,35.4,16,6,Maintenance Window,Low
2025-01-05 16:20:00,Prayer Area,725,800,0.906,18.5,113,109,32.9,16,6,Special Event,High
2025-01-05 16:30:00,Main Hall,3476,4000,0.869,24.8,114,86,35.5,16,6,Special Event,High
2025-01-05 16:40:00,Gate A,563,1000,0.563,19.0,45,52,30.8,16,6,Maintenance Window,Low
2025-01-05 16:50:00,Service Corridor,233,500,0.466,13.2,58,81,28.4,16,6,Normal Day,Low
2025-01-05 17:00:00,Emergency Exit,240,600,0.4,12.3,47,89,18.8,17,6,Normal Day,Low
2025-01-05 17:10:00,Main Hall,1384,4000,0.346,14.3,62,64,28.6,17,6,Normal Day,Low
2025-01-05 17:20:00,Service Corridor,445,500,0.89,23.0,112,108,23.8,17,6,Special Event,High
2025-01-05 17:30:00,Parking Area,1255,1500,0.837,23.2,101,60,38.9,17,6,Peak Hour,High
2025-01-05 17:40:00,Food Court,1202,1200,1.002,23.1,105,92,44.3,17,6,Special Event,High
2025-01-05 17:50:00,Prayer Area,835,800,1.044,28.1,100,104,22.5,17,6,Special Event,High
2025-01-05 18:00:00,Service Corridor,178,500,0.356,10.8,84,67,33.6,18,6,Peak Hour,Low
2025-01-05 18:10:00,Gate A,666,1000,0.666,18.7,81,90,25.7,18,6,Peak Hour,High
2025-01-05 18:20:00,Prayer Area,354,800,0.443,9.8,73,112,40.9,18,6,Weather Disruption,Low
2025-01-05 18:30:00,Service Corridor,246,500,0.492,14.5,72,59,31.8,18,6,Normal Day,Medium
2025-01-05 18:40:00,Emergency Exit,347,600,0.578,16.8,87,91,42.9,18,6,Weather Disruption,Medium
2025-01-05 18:50:00,Service Corridor,456,500,0.912,22.3,87,72,30.3,18,6,Peak Hour,High
2025-01-05 19:00:00,Main Hall,2447,4000,0.612,18.0,49,75,29.3,19,6,Peak Hour,Medium
2025-01-05 19:10:00,Parking Area,778,1500,0.519,13.4,98,92,41.8,19,6,Weather Disruption,Medium
2025-01-05 19:20:00,Parking Area,387,1500,0.258,13.5,9,0,20.3,19,6,Maintenance Window,Low
2025-01-05 19:30:00,Food Court,507,1200,0.422,11.1,46,20,36.0,19,6,Peak Hour,Medium
2025-01-05 19:40:00,Food Court,299,1200,0.249,4.9,28,28,34.3,19,6,Normal Day,Low
2025-01-05 19:50:00,Emergency Exit,168,600,0.28,10.2,42,40,40.2,19,6,Normal Day,Low
2025-01-05 20:00:00,Parking Area,1253,1500,0.835,18.0,97,72,28.9,20,6,Special Event,High
2025-01-05 20:10:00,Food Court,770,1200,0.642,19.6,72,62,25.5,20,6,Peak Hour,Medium
2025-01-05 20:20:00,Main Hall,1395,4000,0.349,8.1,52,30,24.0,20,6,Normal Day,Low
2025-01-05 20:30:00,Prayer Area,359,800,0.449,15.6,61,44,27.3,20,6,Normal Day,Medium
2025-01-05 20:40:00,Food Court,364,1200,0.303,12.0,42,48,38.0,20,6,Normal Day,Low
2025-01-05 20:50:00,Gate B,629,1000,0.629,13.4,68,42,25.7,20,6,Peak Hour,Medium
2025-01-05 21:00:00,Service Corridor,391,500,0.782,22.1,98,45,30.4,21,6,Special Event,High
2025-01-05 21:10:00,Main Hall,1974,4000,0.493,18.6,59,44,27.4,21,6,Maintenance Window,Medium
2025-01-05 21:20:00,Service Corridor,270,500,0.54,17.0,61,85,38.5,21,6,Weather Disruption,Medium
2025-01-05 21:30:00,Emergency Exit,309,600,0.515,18.2,71,89,38.9,21,6,Weather Disruption,Medium
2025-01-05 21:40:00,Gate B,616,1000,0.616,21.1,85,116,43.3,21,6,Weather Disruption,High
2025-01-05 21:50:00,Parking Area,1260,1500,0.84,24.1,101,73,31.3,21,6,Special Event,High
2025-01-05 22:00:00,Emergency Exit,104,600,0.173,8.9,35,31,26.2,22,6,Normal Day,Low
2025-01-05 22:10:00,Prayer Area,312,800,0.39,13.6,43,60,35.6,22,6,Maintenance Window,Low
2025-01-05 22:20:00,Prayer Area,296,800,0.37,15.5,119,102,19.4,22,6,Special Event,Medium
2025-01-05 22:30:00,Service Corridor,104,500,0.208,10.5,48,41,26.8,22,6,Normal Day,Low
2025-01-05 22:40:00,Prayer Area,364,800,0.455,13.0,96,78,22.9,22,6,Special Event,Medium
2025-01-05 22:50:00,Gate A,394,1000,0.394,10.8,73,86,43.6,22,6,Weather Disruption,Low
2025-01-05 23:00:00,Service Corridor,240,500,0.48,9.4,107,65,32.1,23,6,Peak Hour,Medium
2025-01-05 23:10:00,Emergency Exit,301,600,0.502,17.5,70,58,27.2,23,6,Special Event,Medium
2025-01-05 23:20:00,Gate A,556,1000,0.556,15.2,89,94,33.5,23,6,Weather Disruption,Medium
2025-01-05 23:30:00,Gate A,477,1000,0.477,15.8,96,52,21.7,23,6,Special Event,High
2025-01-05 23:40:00,Emergency Exit,278,600,0.463,16.5,55,32,46.4,23,6,Weather Disruption,High
2025-01-05 23:50:00,Gate B,162,1000,0.162,6.0,24,41,26.1,23,6,Normal Day,Low
2025-01-06 00:00:00,Main Hall,1299,4000,0.325,9.9,33,25,29.1,0,0,Peak Hour,Low
2025-01-06 00:10:00,Gate B,409,1000,0.409,15.5,71,73,35.1,0,0,Normal Day,Low
2025-01-06 00:20:00,Main Hall,1837,4000,0.459,9.1,75,63,25.9,0,0,Special Event,Medium
2025-01-06 00:30:00,Main Hall,80,4000,0.02,8.6,42,25,30.0,0,0,Maintenance Window,Low
2025-01-06 00:40:00,Prayer Area,230,800,0.287,13.6,36,38,29.9,0,0,Normal Day,Low
2025-01-06 00:50:00,Parking Area,328,1500,0.219,8.9,21,36,25.1,0,0,Maintenance Window,Low
2025-01-06 01:00:00,Food Court,725,1200,0.604,10.9,111,82,36.1,1,0,Special Event,Medium
2025-01-06 01:10:00,Gate A,656,1000,0.656,17.6,100,105,40.1,1,0,Weather Disruption,High
2025-01-06 01:20:00,Food Court,230,1200,0.192,5.3,34,37,28.9,1,0,Normal Day,Low
2025-01-06 01:30:00,Gate B,157,1000,0.157,5.3,20,57,31.5,1,0,Normal Day,Low
2025-01-06 01:40:00,Emergency Exit,336,600,0.56,17.8,92,97,41.6,1,0,Special Event,Medium
2025-01-06 01:50:00,Service Corridor,84,500,0.168,12.5,58,58,30.2,1,0,Normal Day,Low
2025-01-06 02:00:00,Gate A,434,1000,0.434,12.8,86,69,28.8,2,0,Peak Hour,Medium
2025-01-06 02:10:00,Food Court,582,1200,0.485,16.4,67,66,26.5,2,0,Normal Day,Medium
2025-01-06 02:20:00,Prayer Area,247,800,0.309,9.8,71,51,37.4,2,0,Peak Hour,Low
2025-01-06 02:30:00,Gate A,620,1000,0.62,17.9,84,71,30.1,2,0,Special Event,Medium
2025-01-06 02:40:00,Main Hall,2200,4000,0.55,17.3,102,76,32.3,2,0,Special Event,High
2025-01-06 02:50:00,Service Corridor,210,500,0.42,16.5,51,45,37.9,2,0,Peak Hour,Low
2025-01-06 03:00:00,Food Court,390,1200,0.325,16.0,67,71,44.8,3,0,Weather Disruption,Medium
2025-01-06 03:10:00,Food Court,278,1200,0.232,10.6,35,0,29.7,3,0,Normal Day,Low
2025-01-06 03:20:00,Service Corridor,165,500,0.33,8.5,38,5,24.5,3,0,Normal Day,Low
2025-01-06 03:30:00,Emergency Exit,341,600,0.568,16.2,72,58,48.3,3,0,Weather Disruption,High
2025-01-06 03:40:00,Service Corridor,238,500,0.476,9.2,45,35,29.6,3,0,Normal Day,Low
2025-01-06 03:50:00,Gate A,527,1000,0.527,12.4,80,95,38.0,3,0,Weather Disruption,Medium
2025-01-06 04:00:00,Food Court,690,1200,0.575,18.2,87,84,37.1,4,0,Peak Hour,High
2025-01-06 04:10:00,Service Corridor,60,500,0.12,4.8,29,34,27.6,4,0,Maintenance Window,Low
2025-01-06 04:20:00,Service Corridor,245,500,0.49,14.1,71,42,28.0,4,0,Special Event,Medium
2025-01-06 04:30:00,Main Hall,1405,4000,0.351,10.1,35,46,26.4,4,0,Maintenance Window,Low
2025-01-06 04:40:00,Emergency Exit,378,600,0.63,19.7,95,64,44.8,4,0,Weather Disruption,High
2025-01-06 04:50:00,Service Corridor,304,500,0.608,17.5,80,74,28.4,4,0,Peak Hour,High
2025-01-06 05:00:00,Food Court,829,1200,0.691,25.3,91,73,25.6,5,0,Special Event,High
2025-01-06 05:10:00,Service Corridor,276,500,0.552,18.7,67,84,42.1,5,0,Weather Disruption,High
2025-01-06 05:20:00,Emergency Exit,455,600,0.758,23.8,71,58,29.5,5,0,Normal Day,High
2025-01-06 05:30:00,Gate B,794,1000,0.794,23.8,72,69,23.8,5,0,Peak Hour,High
2025-01-06 05:40:00,Gate A,350,1000,0.35,14.4,49,61,25.1,5,0,Maintenance Window,Low
2025-01-06 05:50:00,Service Corridor,167,500,0.334,13.6,58,76,43.5,5,0,Weather Disruption,Low
2025-01-06 06:00:00,Gate A,325,1000,0.325,5.6,50,44,27.8,6,0,Normal Day,Low
2025-01-06 06:10:00,Emergency Exit,432,600,0.72,16.9,102,92,31.9,6,0,Peak Hour,Medium
2025-01-06 06:20:00,Emergency Exit,309,600,0.515,20.6,63,49,31.7,6,0,Normal Day,High
2025-01-06 06:30:00,Prayer Area,680,800,0.85,20.5,93,90,32.0,6,0,Peak Hour,High
2025-01-06 06:40:00,Main Hall,2994,4000,0.749,24.1,108,145,38.7,6,0,Weather Disruption,High
2025-01-06 06:50:00,Main Hall,1602,4000,0.401,9.9,28,38,29.1,6,0,Maintenance Window,Low
2025-01-06 07:00:00,Parking Area,1163,1500,0.775,25.0,58,65,41.5,7,0,Weather Disruption,High
2025-01-06 07:10:00,Food Court,958,1200,0.798,21.6,129,146,25.9,7,0,Special Event,High
2025-01-06 07:20:00,Emergency Exit,567,600,0.945,26.0,115,128,35.5,7,0,Special Event,High
2025-01-06 07:30:00,Gate A,547,1000,0.547,17.0,74,81,31.0,7,0,Normal Day,Medium
2025-01-06 07:40:00,Food Court,516,1200,0.43,11.5,35,62,32.5,7,0,Normal Day,Low
2025-01-06 07:50:00,Prayer Area,615,800,0.769,23.9,78,66,34.3,7,0,Peak Hour,High
2025-01-06 08:00:00,Gate A,683,1000,0.683,18.6,75,81,47.6,8,0,Weather Disruption,High
2025-01-06 08:10:00,Prayer Area,485,800,0.606,15.7,79,83,38.9,8,0,Maintenance Window,Medium
2025-01-06 08:20:00,Gate B,464,1000,0.464,12.3,55,73,29.9,8,0,Normal Day,Low
2025-01-06 08:30:00,Parking Area,1627,1500,1.085,31.5,106,78,31.9,8,0,Special Event,High
2025-01-06 08:40:00,Main Hall,1289,4000,0.322,10.3,34,30,38.0,8,0,Normal Day,Low
2025-01-06 08:50:00,Main Hall,2843,4000,0.711,17.2,92,89,32.2,8,0,Peak Hour,High
2025-01-06 09:00:00,Food Court,1172,1200,0.977,24.6,110,69,30.0,9,0,Peak Hour,High
2025-01-06 09:10:00,Gate B,199,1000,0.199,8.5,19,29,33.9,9,0,Maintenance Window,Low
2025-01-06 09:20:00,Gate A,1134,1000,1.134,33.0,94,90,34.8,9,0,Special Event,High
2025-01-06 09:30:00,Prayer Area,490,800,0.613,13.9,57,59,33.6,9,0,Normal Day,Low
2025-01-06 09:40:00,Main Hall,1604,4000,0.401,15.8,78,54,31.6,9,0,Maintenance Window,Low
2025-01-06 09:50:00,Service Corridor,360,500,0.72,17.8,79,65,31.6,9,0,Peak Hour,High
2025-01-06 10:00:00,Food Court,1088,1200,0.907,26.1,109,113,26.5,10,0,Special Event,High
2025-01-06 10:10:00,Food Court,673,1200,0.561,16.8,47,33,38.8,10,0,Maintenance Window,Medium
2025-01-06 10:20:00,Gate B,1135,1000,1.135,23.4,138,128,34.5,10,0,Special Event,High
2025-01-06 10:30:00,Emergency Exit,236,600,0.393,12.2,37,47,34.0,10,0,Normal Day,Low
2025-01-06 10:40:00,Prayer Area,942,800,1.177,29.0,113,104,28.1,10,0,Special Event,High
2025-01-06 10:50:00,Parking Area,1441,1500,0.961,27.0,125,88,33.4,10,0,Special Event,High
2025-01-06 11:00:00,Parking Area,879,1500,0.586,19.3,63,100,26.5,11,0,Maintenance Window,Medium
2025-01-06 11:10:00,Main Hall,3447,4000,0.862,15.9,91,67,33.9,11,0,Peak Hour,High
2025-01-06 11:20:00,Gate A,606,1000,0.606,19.5,48,41,18.9,11,0,Normal Day,Medium
2025-01-06 11:30:00,Parking Area,637,1500,0.425,10.5,37,16,30.9,11,0,Maintenance Window,Low
2025-01-06 11:40:00,Food Court,501,1200,0.417,8.6,35,29,28.0,11,0,Maintenance Window,Low
2025-01-06 11:50:00,Gate B,1192,1000,1.192,27.3,131,122,26.0,11,0,Special Event,High
2025-01-06 12:00:00,Gate B,370,1000,0.37,13.5,54,52,29.8,12,0,Normal Day,Low
2025-01-06 12:10:00,Prayer Area,331,800,0.414,13.6,49,30,25.5,12,0,Maintenance Window,Low
2025-01-06 12:20:00,Food Court,905,1200,0.754,21.0,95,91,24.0,12,0,Peak Hour,High
2025-01-06 12:30:00,Parking Area,1658,1500,1.105,31.3,109,74,33.6,12,0,Peak Hour,High
2025-01-06 12:40:00,Service Corridor,232,500,0.464,13.7,57,64,32.5,12,0,Normal Day,Low
2025-01-06 12:50:00,Emergency Exit,620,600,1.033,34.2,104,85,34.1,12,0,Weather Disruption,High
2025-01-06 13:00:00,Gate A,389,1000,0.389,12.2,54,72,28.3,13,0,Normal Day,Low
2025-01-06 13:10:00,Service Corridor,335,500,0.67,18.5,68,62,25.8,13,0,Normal Day,High
2025-01-06 13:20:00,Parking Area,891,1500,0.594,21.6,43,35,30.8,13,0,Normal Day,Medium
2025-01-06 13:30:00,Main Hall,2051,4000,0.513,12.3,57,62,34.7,13,0,Normal Day,Low
2025-01-06 13:40:00,Main Hall,3723,4000,0.931,23.9,86,78,28.3,13,0,Peak Hour,High
2025-01-06 13:50:00,Prayer Area,393,800,0.491,15.9,46,25,28.9,13,0,Maintenance Window,Medium
2025-01-06 14:00:00,Main Hall,3472,4000,0.868,25.9,80,71,45.3,14,0,Weather Disruption,High
2025-01-06 14:10:00,Gate B,509,1000,0.509,14.9,56,67,42.7,14,0,Normal Day,Low
2025-01-06 14:20:00,Food Court,1037,1200,0.864,21.6,126,114,8.1,14,0,Special Event,High
2025-01-06 14:30:00,Prayer Area,504,800,0.63,22.4,43,53,30.0,14,0,Peak Hour,Medium
2025-01-06 14:40:00,Prayer Area,964,800,1.205,31.6,130,103,20.7,14,0,Special Event,High
2025-01-06 14:50:00,Parking Area,1421,1500,0.947,18.9,71,59,30.0,14,0,Weather Disruption,High
2025-01-06 15:00:00,Prayer Area,485,800,0.606,19.7,89,83,37.1,15,0,Weather Disruption,Medium
2025-01-06 15:10:00,Prayer Area,312,800,0.39,13.1,49,55,28.7,15,0,Maintenance Window,Low
2025-01-06 15:20:00,Service Corridor,188,500,0.376,13.2,40,30,32.6,15,0,Maintenance Window,Low
2025-01-06 15:30:00,Main Hall,2015,4000,0.504,14.2,51,44,21.8,15,0,Normal Day,Medium
2025-01-06 15:40:00,Emergency Exit,294,600,0.49,13.2,76,72,25.6,15,0,Maintenance Window,Low
2025-01-06 15:50:00,Parking Area,859,1500,0.573,20.7,59,45,39.1,15,0,Maintenance Window,Medium
2025-01-06 16:00:00,Emergency Exit,323,600,0.538,17.8,82,90,28.0,16,0,Maintenance Window,Medium
2025-01-06 16:10:00,Prayer Area,561,800,0.701,22.9,93,98,33.0,16,0,Weather Disruption,High
2025-01-06 16:20:00,Food Court,1221,1200,1.018,26.9,102,102,14.3,16,0,Special Event,High
2025-01-06 16:30:00,Food Court,664,1200,0.553,15.4,78,73,43.2,16,0,Weather Disruption,High
2025-01-06 16:40:00,Food Court,1274,1200,1.062,27.4,163,141,31.0,16,0,Special Event,High
2025-01-06 16:50:00,Prayer Area,404,800,0.505,11.1,15,16,36.9,16,0,Maintenance Window,Low
2025-01-06 17:00:00,Emergency Exit,306,600,0.51,16.6,90,44,35.7,17,0,Peak Hour,High
2025-01-06 17:10:00,Gate A,412,1000,0.412,15.0,52,70,20.9,17,0,Maintenance Window,Low
2025-01-06 17:20:00,Parking Area,636,1500,0.424,14.5,57,79,35.7,17,0,Normal Day,Low
2025-01-06 17:30:00,Main Hall,3190,4000,0.797,21.0,110,32,42.1,17,0,Special Event,High
2025-01-06 17:40:00,Prayer Area,536,800,0.67,17.7,64,58,38.3,17,0,Normal Day,Medium
2025-01-06 17:50:00,Emergency Exit,291,600,0.485,16.4,46,68,42.7,17,0,Maintenance Window,Medium
2025-01-06 18:00:00,Emergency Exit,417,600,0.695,23.2,78,61,22.3,18,0,Peak Hour,High
2025-01-06 18:10:00,Emergency Exit,492,600,0.82,27.3,114,80,26.4,18,0,Special Event,High
2025-01-06 18:20:00,Food Court,760,1200,0.633,16.6,98,85,40.0,18,0,Weather Disruption,High
2025-01-06 18:30:00,Gate B,734,1000,0.734,21.4,95,55,33.5,18,0,Special Event,High
2025-01-06 18:40:00,Service Corridor,179,500,0.358,9.0,48,40,24.9,18,0,Normal Day,Low
2025-01-06 18:50:00,Service Corridor,191,500,0.382,15.1,54,49,31.4,18,0,Maintenance Window,Low
2025-01-06 19:00:00,Service Corridor,398,500,0.796,20.4,85,74,29.0,19,0,Special Event,High
2025-01-06 19:10:00,Gate B,732,1000,0.732,27.7,83,60,24.5,19,0,Peak Hour,High
2025-01-06 19:20:00,Main Hall,2077,4000,0.519,14.9,51,60,26.1,19,0,Peak Hour,Medium
2025-01-06 19:30:00,Main Hall,2187,4000,0.547,15.2,81,77,37.2,19,0,Peak Hour,Medium
2025-01-06 19:40:00,Emergency Exit,276,600,0.46,15.8,45,65,35.4,19,0,Maintenance Window,Medium
2025-01-06 19:50:00,Parking Area,280,1500,0.187,7.3,47,48,35.7,19,0,Maintenance Window,Low
2025-01-06 20:00:00,Gate A,669,1000,0.669,15.6,89,82,29.8,20,0,Weather Disruption,High
2025-01-06 20:10:00,Prayer Area,464,800,0.58,22.8,81,129,38.9,20,0,Weather Disruption,High
2025-01-06 20:20:00,Emergency Exit,282,600,0.47,12.8,45,70,35.8,20,0,Normal Day,Medium
2025-01-06 20:30:00,Emergency Exit,311,600,0.518,15.2,88,120,39.8,20,0,Weather Disruption,High
2025-01-06 20:40:00,Emergency Exit,298,600,0.497,17.4,101,142,43.9,20,0,Weather Disruption,Medium
2025-01-06 20:50:00,Parking Area,891,1500,0.594,22.1,86,98,38.3,20,0,Weather Disruption,High
2025-01-06 21:00:00,Service Corridor,207,500,0.414,12.6,74,108,36.8,21,0,Weather Disruption,Medium
2025-01-06 21:10:00,Food Court,862,1200,0.718,23.9,126,110,32.9,21,0,Special Event,High
2025-01-06 21:20:00,Food Court,804,1200,0.67,18.9,102,94,28.5,21,0,Special Event,High
2025-01-06 21:30:00,Service Corridor,420,500,0.84,18.9,74,45,29.5,21,0,Peak Hour,High
2025-01-06 21:40:00,Gate A,330,1000,0.33,12.8,38,35,29.9,21,0,Normal Day,Low
2025-01-06 21:50:00,Prayer Area,139,800,0.174,10.1,46,59,20.8,21,0,Normal Day,Low
2025-01-06 22:00:00,Food Court,137,1200,0.114,10.2,33,49,33.6,22,0,Weather Disruption,Low
2025-01-06 22:10:00,Gate A,20,1000,0.02,6.5,1,8,29.0,22,0,Maintenance Window,Low
2025-01-06 22:20:00,Emergency Exit,409,600,0.682,14.7,119,93,23.0,22,0,Special Event,High
2025-01-06 22:30:00,Gate A,517,1000,0.517,19.0,44,44,30.6,22,0,Normal Day,Medium
2025-01-06 22:40:00,Emergency Exit,366,600,0.61,16.8,97,105,30.0,22,0,Special Event,Medium
2025-01-06 22:50:00,Emergency Exit,248,600,0.413,8.9,65,82,29.0,22,0,Peak Hour,Low
2025-01-06 23:00:00,Gate A,342,1000,0.342,11.0,42,47,27.5,23,0,Normal Day,Low
2025-01-06 23:10:00,Main Hall,1825,4000,0.456,13.1,59,35,39.1,23,0,Weather Disruption,High
2025-01-06 23:20:00,Parking Area,71,1500,0.047,5.7,29,46,33.0,23,0,Maintenance Window,Low
2025-01-06 23:30:00,Service Corridor,153,500,0.306,6.5,65,75,29.8,23,0,Weather Disruption,Low
2025-01-06 23:40:00,Emergency Exit,168,600,0.28,7.6,32,52,22.4,23,0,Normal Day,Low
2025-01-06 23:50:00,Main Hall,1662,4000,0.415,8.0,70,84,31.3,23,0,Weather Disruption,Medium
2025-01-07 00:00:00,Emergency Exit,223,600,0.372,14.7,41,41,38.1,0,1,Peak Hour,Medium
2025-01-07 00:10:00,Prayer Area,412,800,0.515,13.4,89,85,26.0,0,1,Special Event,Medium
2025-01-07 00:20:00,Gate A,202,1000,0.202,4.4,15,29,29.7,0,1,Maintenance Window,Low
2025-01-07 00:30:00,Emergency Exit,391,600,0.652,17.9,88,67,24.0,0,1,Special Event,High
2025-01-07 00:40:00,Gate A,629,1000,0.629,16.2,82,65,35.5,0,1,Special Event,High
2025-01-07 00:50:00,Gate B,438,1000,0.438,15.1,98,109,41.2,0,1,Weather Disruption,Medium
2025-01-07 01:00:00,Parking Area,238,1500,0.159,4.2,22,37,31.5,1,1,Normal Day,Low
2025-01-07 01:10:00,Food Court,625,1200,0.521,12.8,87,65,25.9,1,1,Normal Day,Low
2025-01-07 01:20:00,Prayer Area,236,800,0.295,7.3,47,63,41.6,1,1,Weather Disruption,Medium
2025-01-07 01:30:00,Parking Area,881,1500,0.587,13.0,92,68,32.3,1,1,Special Event,High
2025-01-07 01:40:00,Main Hall,1304,4000,0.326,14.2,68,65,34.5,1,1,Weather Disruption,Low
2025-01-07 01:50:00,Main Hall,1978,4000,0.494,15.4,75,107,36.5,1,1,Peak Hour,Low
2025-01-07 02:00:00,Gate A,422,1000,0.422,13.7,62,72,45.3,2,1,Weather Disruption,Low
2025-01-07 02:10:00,Gate B,390,1000,0.39,11.3,101,124,42.7,2,1,Weather Disruption,Low
2025-01-07 02:20:00,Gate A,113,1000,0.113,8.8,47,72,28.9,2,1,Normal Day,Low
2025-01-07 02:30:00,Service Corridor,293,500,0.586,12.5,94,79,24.7,2,1,Peak Hour,Low
2025-01-07 02:40:00,Main Hall,2487,4000,0.622,22.7,86,125,37.8,2,1,Weather Disruption,High
2025-01-07 02:50:00,Main Hall,1545,4000,0.386,10.5,40,65,34.8,2,1,Weather Disruption,Low
2025-01-07 03:00:00,Service Corridor,142,500,0.284,15.5,78,52,28.2,3,1,Normal Day,Low
2025-01-07 03:10:00,Gate A,515,1000,0.515,13.4,77,72,46.1,3,1,Weather Disruption,Medium
2025-01-07 03:20:00,Food Court,24,1200,0.02,4.2,60,86,20.8,3,1,Maintenance Window,Low
2025-01-07 03:30:00,Service Corridor,343,500,0.686,19.8,71,75,25.0,3,1,Weather Disruption,High
2025-01-07 03:40:00,Service Corridor,308,500,0.616,11.7,78,84,22.7,3,1,Peak Hour,Medium
2025-01-07 03:50:00,Gate A,687,1000,0.687,18.4,80,99,31.4,3,1,Weather Disruption,High
2025-01-07 04:00:00,Emergency Exit,304,600,0.507,17.7,84,74,38.7,4,1,Weather Disruption,High
2025-01-07 04:10:00,Emergency Exit,347,600,0.578,16.1,82,40,37.1,4,1,Peak Hour,Medium
2025-01-07 04:20:00,Gate B,487,1000,0.487,12.8,97,100,31.0,4,1,Peak Hour,Medium
2025-01-07 04:30:00,Main Hall,2245,4000,0.561,14.4,96,69,37.4,4,1,Peak Hour,Medium
2025-01-07 04:40:00,Parking Area,530,1500,0.353,11.8,37,38,34.5,4,1,Maintenance Window,Low
2025-01-07 04:50:00,Parking Area,508,1500,0.339,14.1,48,82,29.2,4,1,Normal Day,Low
2025-01-07 05:00:00,Parking Area,318,1500,0.212,5.6,36,58,29.8,5,1,Normal Day,Low
2025-01-07 05:10:00,Gate B,556,1000,0.556,20.0,45,38,39.1,5,1,Normal Day,Medium
2025-01-07 05:20:00,Parking Area,561,1500,0.374,15.2,34,39,34.6,5,1,Maintenance Window,Low
2025-01-07 05:30:00,Gate A,441,1000,0.441,10.8,65,76,36.4,5,1,Weather Disruption,Low
2025-01-07 05:40:00,Prayer Area,185,800,0.231,10.4,62,63,29.0,5,1,Normal Day,Low
2025-01-07 05:50:00,Main Hall,1737,4000,0.434,22.9,51,51,33.7,5,1,Normal Day,Medium
2025-01-07 06:00:00,Gate B,569,1000,0.569,18.2,134,125,24.2,6,1,Special Event,High
2025-01-07 06:10:00,Gate B,462,1000,0.462,11.3,47,33,27.3,6,1,Maintenance Window,Medium
2025-01-07 06:20:00,Parking Area,911,1500,0.607,13.9,56,25,30.6,6,1,Peak Hour,High
2025-01-07 06:30:00,Prayer Area,690,800,0.863,20.8,90,57,35.0,6,1,Peak Hour,High
2025-01-07 06:40:00,Service Corridor,294,500,0.588,20.7,57,70,44.1,6,1,Weather Disruption,High
2025-01-07 06:50:00,Main Hall,4157,4000,1.039,32.7,114,87,25.4,6,1,Special Event,High
2025-01-07 07:00:00,Gate A,654,1000,0.654,18.7,74,82,50.0,7,1,Weather Disruption,High
2025-01-07 07:10:00,Food Court,556,1200,0.463,14.9,68,74,28.8,7,1,Maintenance Window,Low
2025-01-07 07:20:00,Gate B,512,1000,0.512,16.4,60,73,30.2,7,1,Peak Hour,Medium
2025-01-07 07:30:00,Gate B,514,1000,0.514,12.9,41,64,31.8,7,1,Normal Day,Low
2025-01-07 07:40:00,Service Corridor,220,500,0.44,14.8,41,80,27.1,7,1,Normal Day,Medium
2025-01-07 07:50:00,Main Hall,3320,4000,0.83,24.5,110,78,35.4,7,1,Peak Hour,High
2025-01-07 08:00:00,Main Hall,1906,4000,0.476,12.9,49,82,25.0,8,1,Normal Day,Low
2025-01-07 08:10:00,Emergency Exit,624,600,1.04,33.2,108,94,26.7,8,1,Special Event,High
2025-01-07 08:20:00,Gate B,869,1000,0.869,24.1,93,72,25.5,8,1,Peak Hour,High
2025-01-07 08:30:00,Gate A,428,1000,0.428,19.6,67,43,27.3,8,1,Maintenance Window,Medium
2025-01-07 08:40:00,Gate B,619,1000,0.619,18.8,84,105,28.7,8,1,Peak Hour,High
2025-01-07 08:50:00,Gate A,349,1000,0.349,13.8,66,52,30.1,8,1,Normal Day,Low
2025-01-07 09:00:00,Service Corridor,439,500,0.878,22.0,87,71,34.8,9,1,Weather Disruption,High
2025-01-07 09:10:00,Prayer Area,215,800,0.269,9.0,14,0,36.8,9,1,Maintenance Window,Low
2025-01-07 09:20:00,Main Hall,4046,4000,1.012,26.2,123,56,31.0,9,1,Special Event,High
2025-01-07 09:30:00,Food Court,606,1200,0.505,11.7,66,64,25.5,9,1,Maintenance Window,Low
2025-01-07 09:40:00,Emergency Exit,411,600,0.685,20.1,66,85,35.5,9,1,Normal Day,High
2025-01-07 09:50:00,Gate A,907,1000,0.907,24.5,114,95,30.2,9,1,Peak Hour,High
2025-01-07 10:00:00,Gate B,810,1000,0.81,20.5,110,129,39.6,10,1,Weather Disruption,High
2025-01-07 10:10:00,Main Hall,3469,4000,0.867,21.1,96,86,28.1,10,1,Peak Hour,High
2025-01-07 10:20:00,Main Hall,3944,4000,0.986,24.9,110,94,23.8,10,1,Peak Hour,High
2025-01-07 10:30:00,Parking Area,1771,1500,1.181,34.4,117,103,30.8,10,1,Peak Hour,High
2025-01-07 10:40:00,Emergency Exit,459,600,0.765,20.7,59,40,28.8,10,1,Peak Hour,High
2025-01-07 10:50:00,Gate B,828,1000,0.828,27.4,103,77,29.7,10,1,Peak Hour,High
2025-01-07 11:00:00,Gate B,1002,1000,1.002,29.1,107,71,29.8,11,1,Special Event,High
2025-01-07 11:10:00,Service Corridor,413,500,0.826,24.8,95,139,44.3,11,1,Weather Disruption,High
2025-01-07 11:20:00,Gate A,983,1000,0.983,26.1,113,85,30.5,11,1,Peak Hour,High
2025-01-07 11:30:00,Prayer Area,603,800,0.754,18.5,92,94,28.4,11,1,Weather Disruption,High
2025-01-07 11:40:00,Emergency Exit,471,600,0.785,22.5,94,99,33.8,11,1,Peak Hour,High
2025-01-07 11:50:00,Service Corridor,280,500,0.56,19.6,72,82,36.4,11,1,Normal Day,Low
2025-01-07 12:00:00,Parking Area,574,1500,0.383,15.9,66,43,37.1,12,1,Maintenance Window,Low
2025-01-07 12:10:00,Prayer Area,860,800,1.075,26.7,93,90,33.4,12,1,Special Event,High
2025-01-07 12:20:00,Prayer Area,716,800,0.895,23.6,121,51,25.2,12,1,Peak Hour,High
2025-01-07 12:30:00,Main Hall,4292,4000,1.073,27.2,106,91,33.1,12,1,Special Event,High
2025-01-07 12:40:00,Main Hall,2080,4000,0.52,15.4,30,39,27.7,12,1,Normal Day,Medium
2025-01-07 12:50:00,Gate B,560,1000,0.56,13.3,44,23,26.5,12,1,Maintenance Window,Medium
2025-01-07 13:00:00,Main Hall,3827,4000,0.957,23.7,110,104,21.2,13,1,Special Event,High
2025-01-07 13:10:00,Gate A,860,1000,0.86,21.6,110,100,29.3,13,1,Special Event,High
2025-01-07 13:20:00,Parking Area,1693,1500,1.129,26.9,119,108,38.6,13,1,Special Event,High
2025-01-07 13:30:00,Main Hall,4085,4000,1.021,24.9,110,90,25.0,13,1,Special Event,High
2025-01-07 13:40:00,Parking Area,1194,1500,0.796,23.4,91,108,31.3,13,1,Weather Disruption,High
2025-01-07 13:50:00,Emergency Exit,580,600,0.967,23.4,61,32,29.7,13,1,Peak Hour,High
2025-01-07 14:00:00,Emergency Exit,285,600,0.475,14.7,46,68,27.0,14,1,Maintenance Window,Low
2025-01-07 14:10:00,Gate B,982,1000,0.982,26.8,84,86,40.5,14,1,Weather Disruption,High
2025-01-07 14:20:00,Prayer Area,354,800,0.443,14.8,48,42,23.3,14,1,Normal Day,Low
2025-01-07 14:30:00,Gate A,773,1000,0.773,21.6,98,115,40.8,14,1,Weather Disruption,High
2025-01-07 14:40:00,Food Court,893,1200,0.744,18.6,90,62,30.5,14,1,Peak Hour,High
2025-01-07 14:50:00,Gate A,620,1000,0.62,16.2,48,30,32.1,14,1,Normal Day,High
2025-01-07 15:00:00,Main Hall,3989,4000,0.997,29.1,86,108,42.2,15,1,Special Event,High
2025-01-07 15:10:00,Gate A,747,1000,0.747,19.6,83,85,29.4,15,1,Peak Hour,Medium
2025-01-07 15:20:00,Prayer Area,672,800,0.84,18.9,64,103,34.8,15,1,Weather Disruption,High
2025-01-07 15:30:00,Gate A,1088,1000,1.088,33.3,125,78,23.1,15,1,Special Event,High
2025-01-07 15:40:00,Main Hall,1175,4000,0.294,12.9,31,59,39.1,15,1,Normal Day,Low
2025-01-07 15:50:00,Service Corridor,315,500,0.63,19.7,73,57,36.6,15,1,Weather Disruption,High
2025-01-07 16:00:00,Parking Area,722,1500,0.481,12.2,73,52,38.1,16,1,Maintenance Window,Low
2025-01-07 16:10:00,Parking Area,1360,1500,0.907,22.9,121,129,36.0,16,1,Special Event,High
2025-01-07 16:20:00,Parking Area,1040,1500,0.693,16.3,70,51,31.2,16,1,Peak Hour,Medium
2025-01-07 16:30:00,Parking Area,824,1500,0.549,19.4,41,17,32.3,16,1,Maintenance Window,Low
2025-01-07 16:40:00,Service Corridor,354,500,0.708,25.1,58,77,37.5,16,1,Weather Disruption,High
2025-01-07 16:50:00,Service Corridor,429,500,0.858,24.9,121,120,27.0,16,1,Peak Hour,High
2025-01-07 17:00:00,Parking Area,778,1500,0.519,13.1,70,82,31.6,17,1,Maintenance Window,Low
2025-01-07 17:10:00,Food Court,1077,1200,0.897,22.6,119,98,26.0,17,1,Special Event,High
2025-01-07 17:20:00,Main Hall,3167,4000,0.792,20.1,73,93,37.7,17,1,Peak Hour,High
2025-01-07 17:30:00,Main Hall,1224,4000,0.306,14.9,34,24,39.4,17,1,Maintenance Window,Low
2025-01-07 17:40:00,Main Hall,697,4000,0.174,9.4,66,69,28.7,17,1,Maintenance Window,Low
2025-01-07 17:50:00,Prayer Area,199,800,0.249,9.2,19,47,35.8,17,1,Maintenance Window,Low
2025-01-07 18:00:00,Parking Area,748,1500,0.499,13.9,31,0,26.8,18,1,Maintenance Window,Low
2025-01-07 18:10:00,Main Hall,1977,4000,0.494,13.7,61,51,30.3,18,1,Normal Day,Medium
2025-01-07 18:20:00,Service Corridor,437,500,0.874,18.5,131,102,35.3,18,1,Special Event,High
2025-01-07 18:30:00,Food Court,852,1200,0.71,18.3,100,91,41.9,18,1,Weather Disruption,High
2025-01-07 18:40:00,Parking Area,389,1500,0.259,9.8,22,27,30.2,18,1,Maintenance Window,Low
2025-01-07 18:50:00,Prayer Area,336,800,0.42,11.4,50,34,41.7,18,1,Normal Day,Medium
2025-01-07 19:00:00,Emergency Exit,454,600,0.757,14.7,51,36,23.1,19,1,Peak Hour,High
2025-01-07 19:10:00,Gate A,686,1000,0.686,15.7,89,93,39.7,19,1,Weather Disruption,High
2025-01-07 19:20:00,Prayer Area,450,800,0.562,21.7,66,82,37.7,19,1,Weather Disruption,High
2025-01-07 19:30:00,Emergency Exit,200,600,0.333,3.3,3,26,36.2,19,1,Normal Day,Low
2025-01-07 19:40:00,Gate A,461,1000,0.461,12.9,78,48,38.2,19,1,Peak Hour,High
2025-01-07 19:50:00,Emergency Exit,221,600,0.368,8.2,73,78,28.6,19,1,Normal Day,Low
2025-01-07 20:00:00,Gate A,355,1000,0.355,7.5,66,67,35.8,20,1,Normal Day,Low
2025-01-07 20:10:00,Parking Area,625,1500,0.417,15.5,63,44,30.0,20,1,Peak Hour,Medium
2025-01-07 20:20:00,Main Hall,1989,4000,0.497,17.3,70,69,38.8,20,1,Weather Disruption,Medium
2025-01-07 20:30:00,Gate B,333,1000,0.333,14.3,33,27,23.1,20,1,Normal Day,Low
2025-01-07 20:40:00,Gate A,160,1000,0.16,7.8,16,0,22.7,20,1,Maintenance Window,Low
2025-01-07 20:50:00,Parking Area,374,1500,0.249,10.9,33,48,24.9,20,1,Normal Day,Low
2025-01-07 21:00:00,Food Court,624,1200,0.52,17.3,39,53,40.7,21,1,Maintenance Window,Low
2025-01-07 21:10:00,Emergency Exit,271,600,0.452,12.7,69,48,45.0,21,1,Weather Disruption,Medium
2025-01-07 21:20:00,Service Corridor,217,500,0.434,13.5,38,15,28.9,21,1,Normal Day,Low
2025-01-07 21:30:00,Prayer Area,58,800,0.072,8.0,32,37,37.2,21,1,Maintenance Window,Low
2025-01-07 21:40:00,Gate A,567,1000,0.567,15.9,94,64,19.9,21,1,Special Event,High
2025-01-07 21:50:00,Service Corridor,266,500,0.532,19.3,110,107,36.9,21,1,Peak Hour,Medium
2025-01-07 22:00:00,Service Corridor,405,500,0.81,24.7,116,94,29.8,22,1,Special Event,High
2025-01-07 22:10:00,Gate A,393,1000,0.393,12.1,40,65,28.9,22,1,Peak Hour,Low
2025-01-07 22:20:00,Main Hall,1040,4000,0.26,14.1,19,63,35.4,22,1,Maintenance Window,Low
2025-01-07 22:30:00,Main Hall,335,4000,0.084,5.0,53,22,32.8,22,1,Maintenance Window,Low
2025-01-07 22:40:00,Gate B,34,1000,0.034,9.6,20,12,23.9,22,1,Maintenance Window,Low
2025-01-07 22:50:00,Gate B,455,1000,0.455,16.2,81,47,27.4,22,1,Special Event,High
2025-01-07 23:00:00,Parking Area,418,1500,0.279,12.2,63,60,24.8,23,1,Normal Day,Low
2025-01-07 23:10:00,Main Hall,397,4000,0.099,3.5,29,26,26.2,23,1,Normal Day,Low
2025-01-07 23:20:00,Main Hall,1072,4000,0.268,8.9,68,31,27.0,23,1,Peak Hour,Low
2025-01-07 23:30:00,Main Hall,2318,4000,0.58,14.8,118,109,26.0,23,1,Special Event,High
2025-01-07 23:40:00,Parking Area,859,1500,0.573,14.8,90,95,45.5,23,1,Weather Disruption,High
2025-01-07 23:50:00,Prayer Area,423,800,0.529,17.2,92,108,30.4,23,1,Special Event,Medium
2025-01-08 00:00:00,Prayer Area,51,800,0.064,7.1,18,38,23.5,0,2,Maintenance Window,Low
2025-01-08 00:10:00,Gate B,20,1000,0.02,10.5,30,34,32.9,0,2,Normal Day,Low
2025-01-08 00:20:00,Food Court,467,1200,0.389,14.1,77,90,39.8,0,2,Normal Day,Low
2025-01-08 00:30:00,Food Court,915,1200,0.762,19.0,112,95,35.3,0,2,Peak Hour,High
2025-01-08 00:40:00,Prayer Area,417,800,0.521,20.2,101,102,19.2,0,2,Special Event,Medium
2025-01-08 00:50:00,Gate A,296,1000,0.296,13.4,42,44,35.9,0,2,Normal Day,Low
2025-01-08 01:00:00,Food Court,625,1200,0.521,12.7,99,106,35.2,1,2,Special Event,Medium
2025-01-08 01:10:00,Parking Area,796,1500,0.531,15.4,66,57,42.2,1,2,Weather Disruption,Medium
2025-01-08 01:20:00,Main Hall,899,4000,0.225,11.4,56,64,44.2,1,2,Weather Disruption,Low
2025-01-08 01:30:00,Gate B,193,1000,0.193,9.4,54,32,32.8,1,2,Maintenance Window,Low
2025-01-08 01:40:00,Food Court,309,1200,0.258,10.9,51,64,32.8,1,2,Normal Day,Low
2025-01-08 01:50:00,Service Corridor,207,500,0.414,13.7,30,29,31.0,1,2,Normal Day,Low
2025-01-08 02:00:00,Food Court,65,1200,0.054,7.0,32,3,31.8,2,2,Maintenance Window,Low
2025-01-08 02:10:00,Prayer Area,433,800,0.541,13.5,83,60,30.1,2,2,Special Event,High
2025-01-08 02:20:00,Gate B,429,1000,0.429,12.4,114,83,27.2,2,2,Peak Hour,High
2025-01-08 02:30:00,Gate A,282,1000,0.282,12.7,53,72,36.9,2,2,Weather Disruption,Low
2025-01-08 02:40:00,Service Corridor,146,500,0.292,13.3,46,40,33.1,2,2,Maintenance Window,Low
2025-01-08 02:50:00,Gate A,664,1000,0.664,21.2,85,93,38.7,2,2,Weather Disruption,High
2025-01-08 03:00:00,Gate A,336,1000,0.336,10.1,54,57,33.9,3,2,Normal Day,Low
2025-01-08 03:10:00,Food Court,562,1200,0.468,19.7,90,75,28.3,3,2,Special Event,Medium
2025-01-08 03:20:00,Emergency Exit,388,600,0.647,19.6,80,95,38.4,3,2,Weather Disruption,High
2025-01-08 03:30:00,Main Hall,751,4000,0.188,8.9,38,50,26.9,3,2,Maintenance Window,Low
2025-01-08 03:40:00,Prayer Area,192,800,0.24,7.7,29,48,25.2,3,2,Normal Day,Low
2025-01-08 03:50:00,Gate A,413,1000,0.413,12.5,57,74,42.2,3,2,Weather Disruption,Medium
2025-01-08 04:00:00,Emergency Exit,342,600,0.57,15.0,70,82,33.8,4,2,Peak Hour,Medium
2025-01-08 04:10:00,Service Corridor,150,500,0.3,7.2,50,45,25.2,4,2,Normal Day,Low
2025-01-08 04:20:00,Prayer Area,384,800,0.48,14.3,62,76,37.7,4,2,Weather Disruption,Medium
2025-01-08 04:30:00,Food Court,714,1200,0.595,17.4,78,76,25.3,4,2,Special Event,High
2025-01-08 04:40:00,Service Corridor,195,500,0.39,9.2,33,41,35.9,4,2,Maintenance Window,Low
2025-01-08 04:50:00,Gate A,745,1000,0.745,19.5,102,90,40.1,4,2,Weather Disruption,Medium
2025-01-08 05:00:00,Gate B,343,1000,0.343,7.6,48,66,27.5,5,2,Maintenance Window,Low
2025-01-08 05:10:00,Emergency Exit,103,600,0.172,7.5,36,32,38.4,5,2,Maintenance Window,Low
2025-01-08 05:20:00,Gate A,491,1000,0.491,15.0,97,102,27.9,5,2,Peak Hour,Medium
2025-01-08 05:30:00,Food Court,267,1200,0.223,10.8,64,75,32.8,5,2,Maintenance Window,Low
2025-01-08 05:40:00,Food Court,757,1200,0.631,14.8,72,114,36.7,5,2,Weather Disruption,Medium
2025-01-08 05:50:00,Gate B,642,1000,0.642,16.8,118,101,22.2,5,2,Special Event,High
2025-01-08 06:00:00,Prayer Area,399,800,0.499,13.2,63,98,25.7,6,2,Maintenance Window,Low
2025-01-08 06:10:00,Parking Area,1087,1500,0.725,20.8,99,79,30.2,6,2,Special Event,High
2025-01-08 06:20:00,Gate B,243,1000,0.243,7.7,35,35,27.8,6,2,Maintenance Window,Low
2025-01-08 06:30:00,Gate B,542,1000,0.542,15.1,64,96,38.1,6,2,Weather Disruption,Medium
2025-01-08 06:40:00,Parking Area,604,1500,0.403,9.2,49,34,28.6,6,2,Normal Day,Low
2025-01-08 06:50:00,Main Hall,3222,4000,0.805,24.2,107,137,41.4,6,2,Weather Disruption,High
2025-01-08 07:00:00,Food Court,575,1200,0.479,14.7,84,81,39.9,7,2,Maintenance Window,Low
2025-01-08 07:10:00,Prayer Area,514,800,0.642,15.1,54,38,23.9,7,2,Normal Day,Medium
2025-01-08 07:20:00,Food Court,418,1200,0.348,13.3,14,37,28.3,7,2,Maintenance Window,Low
2025-01-08 07:30:00,Main Hall,3590,4000,0.897,23.4,64,55,31.0,7,2,Peak Hour,High
2025-01-08 07:40:00,Food Court,827,1200,0.689,15.1,97,72,28.0,7,2,Peak Hour,Medium
2025-01-08 07:50:00,Main Hall,1740,4000,0.435,13.8,46,56,36.7,7,2,Normal Day,Low
2025-01-08 08:00:00,Prayer Area,646,800,0.807,17.6,75,75,34.4,8,2,Weather Disruption,High
2025-01-08 08:10:00,Gate A,310,1000,0.31,10.1,47,35,30.4,8,2,Normal Day,Low
2025-01-08 08:20:00,Parking Area,1073,1500,0.715,21.8,87,66,37.5,8,2,Weather Disruption,High
2025-01-08 08:30:00,Emergency Exit,387,600,0.645,19.3,61,64,40.9,8,2,Weather Disruption,High
2025-01-08 08:40:00,Parking Area,1452,1500,0.968,25.8,135,88,25.4,8,2,Special Event,High
2025-01-08 08:50:00,Emergency Exit,304,600,0.507,13.4,34,40,42.0,8,2,Weather Disruption,Medium
2025-01-08 09:00:00,Emergency Exit,680,600,1.133,23.7,99,80,26.2,9,2,Special Event,High
2025-01-08 09:10:00,Gate A,804,1000,0.804,21.2,96,104,39.0,9,2,Weather Disruption,High
2025-01-08 09:20:00,Gate A,349,1000,0.349,11.2,57,46,36.8,9,2,Maintenance Window,Low
2025-01-08 09:30:00,Prayer Area,528,800,0.66,12.0,98,104,34.3,9,2,Weather Disruption,High
2025-01-08 09:40:00,Gate B,727,1000,0.727,21.6,68,69,43.4,9,2,Weather Disruption,High
2025-01-08 09:50:00,Food Court,1391,1200,1.159,29.5,84,51,33.8,9,2,Special Event,High
2025-01-08 10:00:00,Gate A,562,1000,0.562,20.8,49,39,29.7,10,2,Normal Day,Medium
2025-01-08 10:10:00,Main Hall,3983,4000,0.996,23.5,101,93,28.0,10,2,Peak Hour,High
2025-01-08 10:20:00,Gate B,500,1000,0.5,15.6,53,44,26.8,10,2,Maintenance Window,Medium
2025-01-08 10:30:00,Prayer Area,226,800,0.282,10.7,3,0,34.8,10,2,Maintenance Window,Low
2025-01-08 10:40:00,Food Court,846,1200,0.705,18.3,106,98,34.8,10,2,Special Event,High
2025-01-08 10:50:00,Main Hall,2840,4000,0.71,19.0,69,25,24.6,10,2,Peak Hour,High
2025-01-08 11:00:00,Emergency Exit,515,600,0.858,21.3,63,83,27.1,11,2,Weather Disruption,High
2025-01-08 11:10:00,Gate A,462,1000,0.462,14.9,43,12,26.0,11,2,Normal Day,Low
2025-01-08 11:20:00,Food Court,1139,1200,0.949,21.2,98,105,42.8,11,2,Weather Disruption,High
2025-01-08 11:30:00,Gate A,1073,1000,1.073,28.9,93,31,31.9,11,2,Special Event,High
2025-01-08 11:40:00,Main Hall,1413,4000,0.353,16.2,35,44,33.0,11,2,Maintenance Window,Medium
2025-01-08 11:50:00,Service Corridor,169,500,0.338,6.9,64,74,32.3,11,2,Maintenance Window,Medium
2025-01-08 12:00:00,Prayer Area,594,800,0.743,19.8,75,56,28.0,12,2,Peak Hour,High
2025-01-08 12:10:00,Gate B,1091,1000,1.091,28.9,100,98,32.4,12,2,Peak Hour,High
2025-01-08 12:20:00,Gate A,1120,1000,1.12,30.7,129,112,28.9,12,2,Special Event,High
2025-01-08 12:30:00,Gate A,1150,1000,1.15,30.5,110,78,28.2,12,2,Special Event,High
2025-01-08 12:40:00,Emergency Exit,457,600,0.762,21.6,105,120,25.0,12,2,Weather Disruption,High
2025-01-08 12:50:00,Service Corridor,477,500,0.954,24.9,95,78,29.9,12,2,Peak Hour,High
2025-01-08 13:00:00,Gate A,1022,1000,1.022,29.3,110,61,35.6,13,2,Peak Hour,High
2025-01-08 13:10:00,Main Hall,1198,4000,0.299,7.0,69,55,35.7,13,2,Maintenance Window,Low
2025-01-08 13:20:00,Gate B,886,1000,0.886,19.6,95,61,28.0,13,2,Peak Hour,High
2025-01-08 13:30:00,Food Court,1100,1200,0.917,26.7,110,83,33.7,13,2,Special Event,High
2025-01-08 13:40:00,Gate B,638,1000,0.638,18.0,52,47,35.9,13,2,Maintenance Window,Medium
2025-01-08 13:50:00,Prayer Area,648,800,0.81,25.8,104,83,36.9,13,2,Peak Hour,High
2025-01-08 14:00:00,Prayer Area,401,800,0.501,16.0,43,45,31.5,14,2,Normal Day,Low
2025-01-08 14:10:00,Gate A,1030,1000,1.03,29.7,87,67,27.6,14,2,Special Event,High
2025-01-08 14:20:00,Parking Area,1628,1500,1.085,29.9,97,86,28.2,14,2,Peak Hour,High
2025-01-08 14:30:00,Gate B,713,1000,0.713,21.1,102,67,44.9,14,2,Weather Disruption,High
2025-01-08 14:40:00,Main Hall,182,4000,0.045,0.4,29,29,33.2,14,2,Maintenance Window,Low
2025-01-08 14:50:00,Food Court,566,1200,0.472,14.5,58,46,34.5,14,2,Normal Day,Low
2025-01-08 15:00:00,Food Court,856,1200,0.713,22.9,82,73,42.6,15,2,Weather Disruption,High
2025-01-08 15:10:00,Food Court,1111,1200,0.926,27.5,83,87,31.6,15,2,Weather Disruption,High
2025-01-08 15:20:00,Prayer Area,361,800,0.451,11.7,49,61,29.4,15,2,Normal Day,Low
2025-01-08 15:30:00,Parking Area,1261,1500,0.841,23.2,114,101,26.1,15,2,Special Event,High
2025-01-08 15:40:00,Parking Area,545,1500,0.363,14.2,62,82,27.0,15,2,Normal Day,Low
2025-01-08 15:50:00,Main Hall,1870,4000,0.468,12.8,43,1,28.5,15,2,Maintenance Window,Medium
2025-01-08 16:00:00,Service Corridor,289,500,0.578,13.2,42,27,27.2,16,2,Maintenance Window,Medium
2025-01-08 16:10:00,Service Corridor,325,500,0.65,16.1,64,90,43.6,16,2,Weather Disruption,High
2025-01-08 16:20:00,Gate B,630,1000,0.63,18.4,93,41,28.4,16,2,Peak Hour,High
2025-01-08 16:30:00,Food Court,1096,1200,0.913,26.0,76,74,37.4,16,2,Weather Disruption,High
2025-01-08 16:40:00,Prayer Area,917,800,1.146,26.3,135,106,29.9,16,2,Special Event,High
2025-01-08 16:50:00,Service Corridor,427,500,0.854,16.6,100,40,28.9,16,2,Peak Hour,High
2025-01-08 17:00:00,Service Corridor,288,500,0.576,13.2,72,64,19.8,17,2,Peak Hour,Medium
2025-01-08 17:10:00,Food Court,780,1200,0.65,19.9,85,79,28.3,17,2,Weather Disruption,High
2025-01-08 17:20:00,Gate A,370,1000,0.37,13.6,72,74,32.8,17,2,Normal Day,Low
2025-01-08 17:30:00,Food Court,519,1200,0.432,17.2,45,42,35.3,17,2,Normal Day,Low
2025-01-08 17:40:00,Emergency Exit,594,600,0.99,22.5,94,104,39.3,17,2,Weather Disruption,High
2025-01-08 17:50:00,Gate B,313,1000,0.313,7.5,72,71,33.0,17,2,Maintenance Window,Low
2025-01-08 18:00:00,Gate B,575,1000,0.575,12.0,76,72,43.9,18,2,Weather Disruption,Medium
2025-01-08 18:10:00,Service Corridor,103,500,0.206,12.9,23,34,34.9,18,2,Maintenance Window,Low
2025-01-08 18:20:00,Parking Area,996,1500,0.664,21.2,81,75,30.6,18,2,Special Event,High
2025-01-08 18:30:00,Service Corridor,101,500,0.202,5.5,46,36,16.2,18,2,Maintenance Window,Low
2025-01-08 18:40:00,Emergency Exit,222,600,0.37,16.3,43,63,30.8,18,2,Maintenance Window,Medium
2025-01-08 18:50:00,Main Hall,2696,4000,0.674,20.8,84,92,27.8,18,2,Peak Hour,High
2025-01-08 19:00:00,Service Corridor,395,500,0.79,23.0,123,83,23.4,19,2,Special Event,High
2025-01-08 19:10:00,Gate B,729,1000,0.729,20.1,66,52,26.2,19,2,Special Event,High
2025-01-08 19:20:00,Gate B,644,1000,0.644,19.4,59,72,41.1,19,2,Weather Disruption,High
2025-01-08 19:30:00,Food Court,101,1200,0.084,4.7,20,24,30.1,19,2,Maintenance Window,Low
2025-01-08 19:40:00,Service Corridor,77,500,0.154,4.3,18,12,23.9,19,2,Maintenance Window,Low
2025-01-08 19:50:00,Gate A,193,1000,0.193,10.9,34,54,29.0,19,2,Maintenance Window,Low
2025-01-08 20:00:00,Parking Area,1033,1500,0.689,21.3,94,89,25.9,20,2,Special Event,High
2025-01-08 20:10:00,Service Corridor,313,500,0.626,18.0,103,87,30.6,20,2,Weather Disruption,High
2025-01-08 20:20:00,Food Court,115,1200,0.096,8.0,31,23,28.1,20,2,Maintenance Window,Low
2025-01-08 20:30:00,Emergency Exit,361,600,0.602,13.3,109,88,40.2,20,2,Special Event,Medium
2025-01-08 20:40:00,Gate A,654,1000,0.654,16.8,71,87,40.9,20,2,Weather Disruption,Medium
2025-01-08 20:50:00,Parking Area,30,1500,0.02,6.2,24,22,21.5,20,2,Maintenance Window,Low
2025-01-08 21:00:00,Main Hall,640,4000,0.16,7.9,43,86,29.9,21,2,Maintenance Window,Low
2025-01-08 21:10:00,Gate B,431,1000,0.431,12.4,66,56,26.1,21,2,Special Event,Low
2025-01-08 21:20:00,Prayer Area,196,800,0.245,4.5,59,48,35.5,21,2,Normal Day,Low
2025-01-08 21:30:00,Prayer Area,225,800,0.281,12.0,50,50,32.6,21,2,Maintenance Window,Low
2025-01-08 21:40:00,Gate A,292,1000,0.292,6.1,56,59,27.9,21,2,Normal Day,Low
2025-01-08 21:50:00,Service Corridor,219,500,0.438,13.6,50,45,21.7,21,2,Maintenance Window,Low
2025-01-08 22:00:00,Gate B,670,1000,0.67,18.1,67,29,40.3,22,2,Special Event,High
2025-01-08 22:10:00,Service Corridor,184,500,0.368,11.5,84,56,38.0,22,2,Peak Hour,Low
2025-01-08 22:20:00,Parking Area,287,1500,0.191,10.2,59,59,38.6,22,2,Maintenance Window,Low
2025-01-08 22:30:00,Gate B,647,1000,0.647,15.0,102,86,25.7,22,2,Special Event,High
2025-01-08 22:40:00,Main Hall,1885,4000,0.471,14.2,77,58,30.7,22,2,Peak Hour,Medium
2025-01-08 22:50:00,Prayer Area,414,800,0.517,11.1,71,51,40.2,22,2,Peak Hour,Low
2025-01-08 23:00:00,Food Court,548,1200,0.457,15.1,92,118,35.7,23,2,Weather Disruption,Medium
2025-01-08 23:10:00,Gate B,439,1000,0.439,11.3,70,43,40.0,23,2,Weather Disruption,Low
2025-01-08 23:20:00,Service Corridor,33,500,0.066,2.9,47,59,35.7,23,2,Maintenance Window,Low
2025-01-08 23:30:00,Gate A,454,1000,0.454,9.6,65,59,25.3,23,2,Normal Day,Low
2025-01-08 23:40:00,Main Hall,2269,4000,0.567,17.1,84,80,31.5,23,2,Peak Hour,Medium
2025-01-08 23:50:00,Parking Area,472,1500,0.315,6.0,38,14,31.4,23,2,Maintenance Window,Low
2025-01-09 00:00:00,Prayer Area,348,800,0.435,15.8,42,34,39.8,0,3,Weather Disruption,Low
2025-01-09 00:10:00,Main Hall,2328,4000,0.582,19.8,88,90,31.1,0,3,Peak Hour,Medium
2025-01-09 00:20:00,Emergency Exit,278,600,0.463,12.3,97,109,36.9,0,3,Peak Hour,Low
2025-01-09 00:30:00,Emergency Exit,283,600,0.472,11.5,98,93,31.6,0,3,Peak Hour,Low
2025-01-09 00:40:00,Prayer Area,63,800,0.079,7.6,51,82,33.5,0,3,Maintenance Window,Low
2025-01-09 00:50:00,Parking Area,790,1500,0.527,13.0,56,84,33.1,0,3,Normal Day,Medium
2025-01-09 01:00:00,Service Corridor,154,500,0.308,14.4,50,48,37.7,1,3,Weather Disruption,Medium
2025-01-09 01:10:00,Food Court,395,1200,0.329,10.0,67,142,33.5,1,3,Normal Day,Low
2025-01-09 01:20:00,Parking Area,205,1500,0.137,6.4,25,25,38.9,1,3,Maintenance Window,Low
2025-01-09 01:30:00,Gate B,312,1000,0.312,14.9,71,29,33.6,1,3,Peak Hour,Medium
2025-01-09 01:40:00,Food Court,430,1200,0.358,11.5,85,62,25.8,1,3,Peak Hour,Medium
2025-01-09 01:50:00,Emergency Exit,375,600,0.625,14.4,78,79,31.3,1,3,Special Event,High
2025-01-09 02:00:00,Prayer Area,154,800,0.193,12.3,20,43,36.6,2,3,Normal Day,Low
2025-01-09 02:10:00,Service Corridor,245,500,0.49,14.1,73,44,33.2,2,3,Special Event,High
2025-01-09 02:20:00,Main Hall,2117,4000,0.529,17.0,99,114,43.3,2,3,Weather Disruption,High
2025-01-09 02:30:00,Prayer Area,260,800,0.325,10.8,72,56,32.2,2,3,Peak Hour,Low
2025-01-09 02:40:00,Food Court,512,1200,0.427,11.2,89,99,32.9,2,3,Weather Disruption,Medium
2025-01-09 02:50:00,Service Corridor,146,500,0.292,9.8,39,69,24.2,2,3,Normal Day,Low
2025-01-09 03:00:00,Prayer Area,488,800,0.61,17.3,63,41,35.9,3,3,Weather Disruption,High
2025-01-09 03:10:00,Main Hall,1906,4000,0.476,14.2,86,50,26.6,3,3,Peak Hour,Medium
2025-01-09 03:20:00,Parking Area,1279,1500,0.853,23.5,83,78,32.7,3,3,Special Event,High
2025-01-09 03:30:00,Gate B,692,1000,0.692,16.0,93,101,41.0,3,3,Weather Disruption,High
2025-01-09 03:40:00,Gate A,173,1000,0.173,11.1,25,29,23.5,3,3,Maintenance Window,Low
2025-01-09 03:50:00,Parking Area,1015,1500,0.677,13.8,108,77,36.4,3,3,Special Event,High
2025-01-09 04:00:00,Main Hall,1086,4000,0.272,7.2,57,59,29.2,4,3,Maintenance Window,Low
2025-01-09 04:10:00,Main Hall,731,4000,0.183,9.3,26,7,34.2,4,3,Normal Day,Low
2025-01-09 04:20:00,Gate A,450,1000,0.45,11.2,100,121,35.9,4,3,Weather Disruption,Medium
2025-01-09 04:30:00,Emergency Exit,266,600,0.443,14.1,80,82,39.2,4,3,Weather Disruption,Medium
2025-01-09 04:40:00,Food Court,272,1200,0.227,7.7,40,49,31.0,4,3,Maintenance Window,Low
2025-01-09 04:50:00,Gate A,610,1000,0.61,21.8,86,65,31.1,4,3,Peak Hour,Medium
2025-01-09 05:00:00,Emergency Exit,235,600,0.392,10.6,49,41,36.6,5,3,Normal Day,Low
2025-01-09 05:10:00,Emergency Exit,214,600,0.357,9.6,45,52,22.2,5,3,Maintenance Window,Low
2025-01-09 05:20:00,Emergency Exit,463,600,0.772,21.1,108,115,24.1,5,3,Special Event,High
2025-01-09 05:30:00,Service Corridor,407,500,0.814,23.3,147,136,35.7,5,3,Special Event,High
2025-01-09 05:40:00,Service Corridor,268,500,0.536,17.9,83,94,36.9,5,3,Weather Disruption,Medium
2025-01-09 05:50:00,Emergency Exit,397,600,0.662,21.1,67,84,34.7,5,3,Weather Disruption,High
2025-01-09 06:00:00,Gate A,817,1000,0.817,20.7,91,106,33.6,6,3,Weather Disruption,High
2025-01-09 06:10:00,Prayer Area,274,800,0.343,10.2,66,58,32.8,6,3,Normal Day,Low
2025-01-09 06:20:00,Emergency Exit,442,600,0.737,16.0,98,74,30.0,6,3,Peak Hour,Medium
2025-01-09 06:30:00,Emergency Exit,471,600,0.785,18.8,82,77,32.4,6,3,Peak Hour,Medium
2025-01-09 06:40:00,Gate B,738,1000,0.738,22.3,87,40,33.4,6,3,Peak Hour,High
2025-01-09 06:50:00,Prayer Area,229,800,0.286,9.6,43,31,34.3,6,3,Maintenance Window,Low
2025-01-09 07:00:00,Food Court,1202,1200,1.002,30.9,119,99,35.8,7,3,Peak Hour,High
2025-01-09 07:10:00,Main Hall,3654,4000,0.913,27.5,96,59,27.1,7,3,Peak Hour,High
2025-01-09 07:20:00,Food Court,179,1200,0.149,8.1,21,0,31.2,7,3,Maintenance Window,Low
2025-01-09 07:30:00,Main Hall,760,4000,0.19,5.9,0,0,39.0,7,3,Maintenance Window,Low
2025-01-09 07:40:00,Emergency Exit,480,600,0.8,20.7,118,91,31.2,7,3,Special Event,High
2025-01-09 07:50:00,Food Court,745,1200,0.621,18.5,66,77,35.6,7,3,Weather Disruption,High
2025-01-09 08:00:00,Main Hall,1389,4000,0.347,14.4,14,6,30.1,8,3,Maintenance Window,Medium
2025-01-09 08:10:00,Emergency Exit,465,600,0.775,25.4,79,63,31.7,8,3,Peak Hour,High
2025-01-09 08:20:00,Parking Area,1183,1500,0.789,25.3,82,72,36.9,8,3,Weather Disruption,High
2025-01-09 08:30:00,Gate A,919,1000,0.919,22.2,117,78,33.9,8,3,Special Event,High
2025-01-09 08:40:00,Prayer Area,592,800,0.74,22.2,92,91,30.5,8,3,Peak Hour,Medium
2025-01-09 08:50:00,Emergency Exit,277,600,0.462,16.5,64,53,25.4,8,3,Normal Day,Medium
2025-01-09 09:00:00,Gate B,501,1000,0.501,14.5,63,73,31.4,9,3,Maintenance Window,Low
2025-01-09 09:10:00,Main Hall,4665,4000,1.166,29.5,128,109,30.6,9,3,Special Event,High
2025-01-09 09:20:00,Gate A,1032,1000,1.032,27.3,104,85,31.5,9,3,Special Event,High
2025-01-09 09:30:00,Gate B,367,1000,0.367,15.0,49,33,36.7,9,3,Normal Day,Medium
2025-01-09 09:40:00,Gate A,474,1000,0.474,16.7,67,83,23.4,9,3,Maintenance Window,Medium
2025-01-09 09:50:00,Gate B,439,1000,0.439,10.6,61,59,31.6,9,3,Normal Day,Low
2025-01-09 10:00:00,Main Hall,2711,4000,0.678,20.1,75,81,31.3,10,3,Weather Disruption,High
2025-01-09 10:10:00,Gate A,594,1000,0.594,14.7,42,44,32.8,10,3,Normal Day,Medium
2025-01-09 10:20:00,Gate B,441,1000,0.441,18.2,48,21,31.0,10,3,Maintenance Window,High
2025-01-09 10:30:00,Parking Area,1310,1500,0.873,22.5,96,85,35.7,10,3,Peak Hour,High
2025-01-09 10:40:00,Emergency Exit,513,600,0.855,21.8,84,38,31.4,10,3,Peak Hour,High
2025-01-09 10:50:00,Emergency Exit,362,600,0.603,16.0,56,76,40.0,10,3,Normal Day,Medium
2025-01-09 11:00:00,Gate B,1098,1000,1.098,28.8,106,64,24.4,11,3,Special Event,High
2025-01-09 11:10:00,Parking Area,360,1500,0.24,9.2,32,12,28.1,11,3,Maintenance Window,Low
2025-01-09 11:20:00,Prayer Area,517,800,0.646,12.5,32,33,30.5,11,3,Normal Day,Medium
2025-01-09 11:30:00,Service Corridor,361,500,0.722,19.9,78,109,36.4,11,3,Weather Disruption,High
2025-01-09 11:40:00,Food Court,1285,1200,1.071,29.2,126,120,31.4,11,3,Special Event,High
2025-01-09 11:50:00,Parking Area,699,1500,0.466,15.2,85,111,31.5,11,3,Normal Day,Medium
2025-01-09 12:00:00,Service Corridor,404,500,0.808,24.6,110,101,35.6,12,3,Weather Disruption,High
2025-01-09 12:10:00,Main Hall,3035,4000,0.759,21.3,70,68,34.7,12,3,Normal Day,High
2025-01-09 12:20:00,Gate A,497,1000,0.497,17.7,53,46,35.0,12,3,Normal Day,Medium
2025-01-09 12:30:00,Gate A,1129,1000,1.129,25.2,105,91,30.2,12,3,Special Event,High
2025-01-09 12:40:00,Gate A,412,1000,0.412,14.4,22,4,20.7,12,3,Normal Day,Low
2025-01-09 12:50:00,Emergency Exit,506,600,0.843,27.5,114,87,39.5,12,3,Weather Disruption,High
2025-01-09 13:00:00,Service Corridor,409,500,0.818,25.7,97,88,41.5,13,3,Weather Disruption,High
2025-01-09 13:10:00,Parking Area,1493,1500,0.995,26.1,110,90,29.1,13,3,Special Event,High
2025-01-09 13:20:00,Prayer Area,728,800,0.91,23.2,102,101,27.2,13,3,Peak Hour,High
2025-01-09 13:30:00,Prayer Area,560,800,0.7,24.8,63,59,33.2,13,3,Weather Disruption,High
2025-01-09 13:40:00,Emergency Exit,213,600,0.355,10.7,43,39,29.3,13,3,Maintenance Window,Low
2025-01-09 13:50:00,Prayer Area,667,800,0.834,25.5,108,110,42.1,13,3,Weather Disruption,High
2025-01-09 14:00:00,Food Court,1197,1200,0.998,22.4,110,118,30.9,14,3,Special Event,High
2025-01-09 14:10:00,Prayer Area,518,800,0.647,16.3,65,72,33.3,14,3,Normal Day,Medium
2025-01-09 14:20:00,Gate A,1172,1000,1.172,35.0,111,61,32.5,14,3,Special Event,High
2025-01-09 14:30:00,Main Hall,2354,4000,0.589,15.6,55,55,37.3,14,3,Normal Day,Medium
2025-01-09 14:40:00,Main Hall,2905,4000,0.726,20.4,72,33,33.2,14,3,Peak Hour,High
2025-01-09 14:50:00,Parking Area,835,1500,0.557,16.8,67,81,17.0,14,3,Normal Day,Medium
2025-01-09 15:00:00,Parking Area,676,1500,0.451,14.0,65,69,37.5,15,3,Normal Day,Medium
2025-01-09 15:10:00,Service Corridor,182,500,0.364,3.5,37,14,31.1,15,3,Maintenance Window,Low
2025-01-09 15:20:00,Main Hall,2227,4000,0.557,16.2,84,92,23.4,15,3,Maintenance Window,Medium
2025-01-09 15:30:00,Emergency Exit,543,600,0.905,21.1,91,74,27.8,15,3,Peak Hour,High
2025-01-09 15:40:00,Main Hall,3673,4000,0.918,23.2,110,90,31.1,15,3,Weather Disruption,High
2025-01-09 15:50:00,Main Hall,4669,4000,1.167,27.9,113,92,32.9,15,3,Special Event,High
2025-01-09 16:00:00,Gate B,573,1000,0.573,14.9,96,102,34.3,16,3,Weather Disruption,High
2025-01-09 16:10:00,Emergency Exit,681,600,1.135,33.2,119,74,41.4,16,3,Special Event,High
2025-01-09 16:20:00,Gate A,587,1000,0.587,19.0,79,71,31.6,16,3,Normal Day,Medium
2025-01-09 16:30:00,Main Hall,2928,4000,0.732,20.9,83,82,33.7,16,3,Weather Disruption,High
2025-01-09 16:40:00,Prayer Area,240,800,0.3,12.3,46,48,22.4,16,3,Maintenance Window,Low
2025-01-09 16:50:00,Food Court,851,1200,0.709,23.8,107,90,19.0,16,3,Special Event,High
2025-01-09 17:00:00,Prayer Area,775,800,0.969,23.2,111,85,30.3,17,3,Peak Hour,High
2025-01-09 17:10:00,Food Court,721,1200,0.601,21.5,80,103,34.6,17,3,Weather Disruption,High
2025-01-09 17:20:00,Service Corridor,246,500,0.492,15.2,48,50,27.8,17,3,Normal Day,Medium
2025-01-09 17:30:00,Main Hall,650,4000,0.163,2.5,8,19,24.2,17,3,Maintenance Window,Low
2025-01-09 17:40:00,Gate A,725,1000,0.725,21.3,91,28,28.4,17,3,Peak Hour,High
2025-01-09 17:50:00,Gate A,886,1000,0.886,19.4,86,62,45.6,17,3,Weather Disruption,High
2025-01-09 18:00:00,Parking Area,637,1500,0.425,17.5,71,95,32.3,18,3,Normal Day,Low
2025-01-09 18:10:00,Food Court,1111,1200,0.926,23.8,105,109,38.3,18,3,Special Event,High
2025-01-09 18:20:00,Gate A,717,1000,0.717,21.2,80,101,32.1,18,3,Peak Hour,High
2025-01-09 18:30:00,Service Corridor,130,500,0.26,9.5,19,16,22.6,18,3,Maintenance Window,Low
2025-01-09 18:40:00,Emergency Exit,358,600,0.597,16.8,91,75,39.0,18,3,Weather Disruption,High
2025-01-09 18:50:00,Prayer Area,605,800,0.756,15.6,88,53,37.2,18,3,Peak Hour,High
2025-01-09 19:00:00,Gate A,386,1000,0.386,11.3,28,38,20.0,19,3,Normal Day,Low
2025-01-09 19:10:00,Gate A,671,1000,0.671,22.6,99,101,25.9,19,3,Weather Disruption,High
2025-01-09 19:20:00,Parking Area,1085,1500,0.723,21.3,67,60,47.7,19,3,Weather Disruption,High
2025-01-09 19:30:00,Main Hall,2919,4000,0.73,18.8,71,87,32.3,19,3,Peak Hour,High
2025-01-09 19:40:00,Gate B,533,1000,0.533,15.7,70,89,27.4,19,3,Maintenance Window,Low
2025-01-09 19:50:00,Service Corridor,466,500,0.932,18.9,119,98,24.8,19,3,Special Event,High
2025-01-09 20:00:00,Emergency Exit,281,600,0.468,11.9,67,69,32.9,20,3,Weather Disruption,Medium
2025-01-09 20:10:00,Service Corridor,452,500,0.904,23.4,101,117,27.1,20,3,Special Event,High
2025-01-09 20:20:00,Gate B,541,1000,0.541,18.0,103,110,34.5,20,3,Special Event,High
2025-01-09 20:30:00,Prayer Area,367,800,0.459,20.4,55,21,32.8,20,3,Peak Hour,High
2025-01-09 20:40:00,Gate B,457,1000,0.457,8.1,46,14,33.9,20,3,Normal Day,Low
2025-01-09 20:50:00,Prayer Area,499,800,0.624,20.9,82,79,32.7,20,3,Peak Hour,Medium
2025-01-09 21:00:00,Gate A,377,1000,0.377,14.1,64,72,24.2,21,3,Normal Day,Low
2025-01-09 21:10:00,Service Corridor,91,500,0.182,7.1,24,41,22.9,21,3,Maintenance Window,Low
2025-01-09 21:20:00,Emergency Exit,301,600,0.502,18.2,31,56,36.7,21,3,Normal Day,Low
2025-01-09 21:30:00,Parking Area,760,1500,0.507,18.5,104,72,38.8,21,3,Peak Hour,Medium
2025-01-09 21:40:00,Main Hall,1863,4000,0.466,17.7,98,100,23.2,21,3,Peak Hour,Medium
2025-01-09 21:50:00,Gate B,315,1000,0.315,4.7,88,71,23.6,21,3,Peak Hour,Low
2025-01-09 22:00:00,Main Hall,1112,4000,0.278,5.5,75,96,28.3,22,3,Normal Day,Low
2025-01-09 22:10:00,Parking Area,680,1500,0.453,14.9,71,59,24.2,22,3,Special Event,Medium
2025-01-09 22:20:00,Service Corridor,115,500,0.23,9.7,7,0,32.3,22,3,Maintenance Window,Low
2025-01-09 22:30:00,Food Court,736,1200,0.613,18.6,117,87,18.8,22,3,Special Event,High
2025-01-09 22:40:00,Emergency Exit,321,600,0.535,7.6,70,99,38.0,22,3,Weather Disruption,Medium
2025-01-09 22:50:00,Main Hall,1151,4000,0.288,14.6,73,63,24.4,22,3,Peak Hour,Low
2025-01-09 23:00:00,Service Corridor,178,500,0.356,20.0,49,40,17.3,23,3,Maintenance Window,Low
2025-01-09 23:10:00,Gate A,334,1000,0.334,10.2,83,97,29.0,23,3,Peak Hour,Low
2025-01-09 23:20:00,Main Hall,1529,4000,0.382,10.7,81,72,40.7,23,3,Peak Hour,Low
2025-01-09 23:30:00,Main Hall,1316,4000,0.329,12.8,62,59,33.4,23,3,Peak Hour,Low
2025-01-09 23:40:00,Prayer Area,503,800,0.629,21.4,96,113,22.8,23,3,Peak Hour,High
2025-01-09 23:50:00,Gate A,389,1000,0.389,14.2,94,59,27.4,23,3,Peak Hour,Medium
2025-01-10 00:00:00,Main Hall,2209,4000,0.552,26.5,88,61,23.5,0,4,Peak Hour,High
2025-01-10 00:10:00,Gate B,266,1000,0.266,11.2,31,68,26.3,0,4,Maintenance Window,Low
2025-01-10 00:20:00,Prayer Area,421,800,0.526,19.4,83,106,34.7,0,4,Weather Disruption,High
2025-01-10 00:30:00,Prayer Area,481,800,0.601,12.2,66,84,24.7,0,4,Weather Disruption,Medium
2025-01-10 00:40:00,Emergency Exit,210,600,0.35,10.4,53,46,35.5,0,4,Weather Disruption,Low
2025-01-10 00:50:00,Gate A,237,1000,0.237,8.4,73,69,31.7,0,4,Normal Day,Low
2025-01-10 01:00:00,Main Hall,80,4000,0.02,0.0,10,13,35.4,1,4,Maintenance Window,Low
2025-01-10 01:10:00,Emergency Exit,157,600,0.262,9.0,82,78,37.8,1,4,Weather Disruption,Medium
2025-01-10 01:20:00,Service Corridor,91,500,0.182,8.5,30,39,32.6,1,4,Normal Day,Low
2025-01-10 01:30:00,Gate B,443,1000,0.443,15.4,90,85,28.5,1,4,Peak Hour,Medium
2025-01-10 01:40:00,Emergency Exit,69,600,0.115,0.0,39,26,32.0,1,4,Normal Day,Low
2025-01-10 01:50:00,Parking Area,926,1500,0.617,14.5,104,78,29.8,1,4,Special Event,High
2025-01-10 02:00:00,Main Hall,1964,4000,0.491,12.4,72,72,24.9,2,4,Peak Hour,Low
2025-01-10 02:10:00,Gate A,211,1000,0.211,5.6,8,17,34.8,2,4,Maintenance Window,Low
2025-01-10 02:20:00,Gate A,354,1000,0.354,13.6,35,19,30.4,2,4,Maintenance Window,Low
2025-01-10 02:30:00,Gate A,202,1000,0.202,5.2,42,52,31.0,2,4,Maintenance Window,Low
2025-01-10 02:40:00,Prayer Area,170,800,0.212,12.5,33,54,36.2,2,4,Normal Day,Low
2025-01-10 02:50:00,Gate B,536,1000,0.536,13.2,75,84,34.6,2,4,Peak Hour,Low
2025-01-10 03:00:00,Food Court,788,1200,0.657,16.9,135,118,29.7,3,4,Special Event,High
2025-01-10 03:10:00,Main Hall,3014,4000,0.753,15.6,96,100,37.9,3,4,Special Event,High
2025-01-10 03:20:00,Prayer Area,247,800,0.309,8.9,36,53,27.3,3,4,Maintenance Window,Low
2025-01-10 03:30:00,Service Corridor,317,500,0.634,12.4,94,54,38.2,3,4,Special Event,High
2025-01-10 03:40:00,Emergency Exit,211,600,0.352,8.6,73,59,36.5,3,4,Weather Disruption,Medium
2025-01-10 03:50:00,Gate A,275,1000,0.275,7.2,64,8,27.8,3,4,Normal Day,Low
2025-01-10 04:00:00,Gate B,793,1000,0.793,25.1,84,109,22.9,4,4,Special Event,High
2025-01-10 04:10:00,Prayer Area,161,800,0.201,7.2,35,40,25.4,4,4,Maintenance Window,Low
2025-01-10 04:20:00,Gate B,379,1000,0.379,9.9,53,48,40.2,4,4,Weather Disruption,Medium
2025-01-10 04:30:00,Main Hall,1188,4000,0.297,11.9,71,75,33.6,4,4,Peak Hour,Low
2025-01-10 04:40:00,Gate A,248,1000,0.248,11.3,17,31,29.9,4,4,Normal Day,Low
2025-01-10 04:50:00,Gate A,543,1000,0.543,19.8,130,132,27.2,4,4,Peak Hour,Medium
2025-01-10 05:00:00,Emergency Exit,303,600,0.505,11.3,79,81,21.9,5,4,Peak Hour,Low
2025-01-10 05:10:00,Food Court,913,1200,0.761,25.0,82,112,22.3,5,4,Special Event,High
2025-01-10 05:20:00,Gate A,151,1000,0.151,7.2,32,30,25.8,5,4,Maintenance Window,Low
2025-01-10 05:30:00,Emergency Exit,449,600,0.748,19.9,75,33,29.1,5,4,Peak Hour,High
2025-01-10 05:40:00,Emergency Exit,260,600,0.433,8.2,74,80,29.8,5,4,Normal Day,Low
2025-01-10 05:50:00,Prayer Area,604,800,0.755,18.6,106,59,21.8,5,4,Special Event,High
2025-01-10 06:00:00,Gate B,827,1000,0.827,25.3,92,88,29.4,6,4,Special Event,High
2025-01-10 06:10:00,Main Hall,2668,4000,0.667,16.8,87,71,29.2,6,4,Peak Hour,Medium
2025-01-10 06:20:00,Prayer Area,669,800,0.836,20.0,91,73,33.7,6,4,Special Event,High
2025-01-10 06:30:00,Parking Area,842,1500,0.561,18.2,42,58,28.6,6,4,Weather Disruption,Medium
2025-01-10 06:40:00,Gate B,665,1000,0.665,23.7,73,83,20.7,6,4,Normal Day,High
2025-01-10 06:50:00,Main Hall,867,4000,0.217,9.2,29,46,20.3,6,4,Maintenance Window,Low
2025-01-10 07:00:00,Gate A,390,1000,0.39,13.5,34,38,28.9,7,4,Normal Day,Low
2025-01-10 07:10:00,Emergency Exit,194,600,0.323,8.8,41,38,26.9,7,4,Maintenance Window,Low
2025-01-10 07:20:00,Food Court,766,1200,0.638,18.5,66,61,36.4,7,4,Weather Disruption,Medium
2025-01-10 07:30:00,Food Court,455,1200,0.379,11.3,42,97,26.7,7,4,Normal Day,Low
2025-01-10 07:40:00,Gate B,531,1000,0.531,19.7,47,72,33.7,7,4,Normal Day,Medium
2025-01-10 07:50:00,Prayer Area,291,800,0.364,14.6,48,38,29.1,7,4,Maintenance Window,Medium
2025-01-10 08:00:00,Gate B,822,1000,0.822,24.7,114,101,30.5,8,4,Special Event,High
2025-01-10 08:10:00,Gate B,399,1000,0.399,10.7,49,50,28.5,8,4,Maintenance Window,Medium
2025-01-10 08:20:00,Gate B,902,1000,0.902,21.3,98,129,25.2,8,4,Peak Hour,High
2025-01-10 08:30:00,Gate B,667,1000,0.667,16.1,75,69,33.3,8,4,Normal Day,Medium
2025-01-10 08:40:00,Prayer Area,272,800,0.34,6.8,64,39,24.8,8,4,Maintenance Window,Low
2025-01-10 08:50:00,Prayer Area,148,800,0.185,14.2,20,17,29.0,8,4,Maintenance Window,Low
2025-01-10 09:00:00,Service Corridor,367,500,0.734,19.2,85,85,24.2,9,4,Peak Hour,High
2025-01-10 09:10:00,Emergency Exit,613,600,1.022,23.0,95,65,25.1,9,4,Special Event,High
2025-01-10 09:20:00,Emergency Exit,148,600,0.247,6.5,48,36,25.5,9,4,Maintenance Window,Low
2025-01-10 09:30:00,Food Court,1031,1200,0.859,22.6,72,40,23.6,9,4,Peak Hour,High
2025-01-10 09:40:00,Prayer Area,645,800,0.806,19.1,79,68,33.6,9,4,Weather Disruption,High
2025-01-10 09:50:00,Gate A,1250,1000,1.25,35.3,143,133,27.9,9,4,Special Event,High
2025-01-10 10:00:00,Main Hall,2870,4000,0.718,21.0,68,73,38.7,10,4,Normal Day,Medium
2025-01-10 10:10:00,Parking Area,749,1500,0.499,10.8,44,16,33.3,10,4,Normal Day,Low
2025-01-10 10:20:00,Main Hall,4023,4000,1.006,24.1,96,58,28.1,10,4,Peak Hour,High
2025-01-10 10:30:00,Gate B,780,1000,0.78,19.3,86,92,35.9,10,4,Weather Disruption,High
2025-01-10 10:40:00,Parking Area,436,1500,0.291,11.5,22,36,29.9,10,4,Maintenance Window,Low
2025-01-10 10:50:00,Gate B,667,1000,0.667,20.8,82,103,35.4,10,4,Peak Hour,Medium
2025-01-10 11:00:00,Gate A,801,1000,0.801,18.0,119,100,34.7,11,4,Peak Hour,High
2025-01-10 11:10:00,Food Court,1066,1200,0.888,26.9,100,65,38.1,11,4,Peak Hour,High
2025-01-10 11:20:00,Parking Area,293,1500,0.195,10.2,45,49,28.0,11,4,Normal Day,Low
2025-01-10 11:30:00,Food Court,1066,1200,0.888,25.5,88,109,37.6,11,4,Weather Disruption,High
2025-01-10 11:40:00,Prayer Area,535,800,0.669,19.4,59,43,27.9,11,4,Weather Disruption,High
2025-01-10 11:50:00,Food Court,1053,1200,0.877,25.2,130,117,26.2,11,4,Peak Hour,High
2025-01-10 12:00:00,Prayer Area,659,800,0.824,20.5,107,109,21.8,12,4,Peak Hour,High
2025-01-10 12:10:00,Main Hall,4703,4000,1.176,33.3,161,128,27.9,12,4,Special Event,High
2025-01-10 12:20:00,Parking Area,784,1500,0.523,14.3,17,20,29.1,12,4,Normal Day,Medium
2025-01-10 12:30:00,Emergency Exit,449,600,0.748,19.7,58,27,33.2,12,4,Peak Hour,High
2025-01-10 12:40:00,Emergency Exit,182,600,0.303,9.9,40,59,33.4,12,4,Normal Day,Low
2025-01-10 12:50:00,Emergency Exit,225,600,0.375,16.3,27,8,33.8,12,4,Maintenance Window,Low
2025-01-10 13:00:00,Gate A,1106,1000,1.106,31.5,116,99,32.5,13,4,Special Event,High
2025-01-10 13:10:00,Main Hall,2369,4000,0.592,16.9,53,54,38.0,13,4,Normal Day,Medium
2025-01-10 13:20:00,Food Court,1067,1200,0.889,23.4,119,116,30.5,13,4,Special Event,High
2025-01-10 13:30:00,Gate B,1025,1000,1.025,29.5,124,102,23.4,13,4,Peak Hour,High
2025-01-10 13:40:00,Gate A,1021,1000,1.021,30.3,126,143,39.1,13,4,Weather Disruption,High
2025-01-10 13:50:00,Emergency Exit,616,600,1.027,27.2,115,106,29.5,13,4,Special Event,High
2025-01-10 14:00:00,Emergency Exit,535,600,0.892,27.2,123,117,38.4,14,4,Peak Hour,High
2025-01-10 14:10:00,Gate B,1130,1000,1.13,28.9,107,81,24.4,14,4,Special Event,High
2025-01-10 14:20:00,Emergency Exit,287,600,0.478,12.8,62,79,24.3,14,4,Normal Day,Low
2025-01-10 14:30:00,Gate B,646,1000,0.646,19.9,106,140,41.7,14,4,Weather Disruption,High
2025-01-10 14:40:00,Emergency Exit,319,600,0.532,14.3,90,88,44.2,14,4,Weather Disruption,Medium
2025-01-10 14:50:00,Gate A,488,1000,0.488,13.2,47,54,26.1,14,4,Normal Day,Medium
2025-01-10 15:00:00,Main Hall,3641,4000,0.91,20.6,66,69,50.0,15,4,Weather Disruption,High
2025-01-10 15:10:00,Gate A,1074,1000,1.074,29.8,96,106,29.2,15,4,Special Event,High
2025-01-10 15:20:00,Gate B,971,1000,0.971,23.1,73,67,19.8,15,4,Peak Hour,High
2025-01-10 15:30:00,Parking Area,1355,1500,0.903,27.0,105,132,27.1,15,4,Peak Hour,High
2025-01-10 15:40:00,Food Court,738,1200,0.615,17.3,86,80,37.0,15,4,Normal Day,Medium
2025-01-10 15:50:00,Gate B,843,1000,0.843,23.3,95,96,34.5,15,4,Weather Disruption,High
2025-01-10 16:00:00,Service Corridor,444,500,0.888,19.8,92,89,34.2,16,4,Peak Hour,High
2025-01-10 16:10:00,Gate A,422,1000,0.422,13.4,65,53,19.8,16,4,Maintenance Window,Medium
2025-01-10 16:20:00,Emergency Exit,452,600,0.753,20.1,122,80,41.7,16,4,Special Event,High
2025-01-10 16:30:00,Emergency Exit,195,600,0.325,11.3,46,21,44.1,16,4,Normal Day,Low
2025-01-10 16:40:00,Gate B,1082,1000,1.082,33.2,133,91,31.1,16,4,Special Event,High
2025-01-10 16:50:00,Emergency Exit,102,600,0.17,5.3,34,43,28.7,16,4,Maintenance Window,Low
2025-01-10 17:00:00,Main Hall,3907,4000,0.977,21.8,138,102,38.7,17,4,Special Event,High
2025-01-10 17:10:00,Parking Area,1285,1500,0.857,13.6,91,97,34.6,17,4,Peak Hour,Medium
2025-01-10 17:20:00,Food Court,162,1200,0.135,8.2,13,33,35.9,17,4,Normal Day,Low
2025-01-10 17:30:00,Food Court,848,1200,0.707,20.3,71,71,21.8,17,4,Peak Hour,Medium
2025-01-10 17:40:00,Gate A,874,1000,0.874,24.0,98,117,30.8,17,4,Special Event,High
2025-01-10 17:50:00,Parking Area,1280,1500,0.853,24.5,100,98,20.9,17,4,Peak Hour,High
2025-01-10 18:00:00,Gate A,381,1000,0.381,14.1,51,64,23.8,18,4,Normal Day,Low
2025-01-10 18:10:00,Prayer Area,289,800,0.361,6.3,47,22,28.1,18,4,Maintenance Window,Low
2025-01-10 18:20:00,Prayer Area,166,800,0.207,6.5,21,0,30.6,18,4,Normal Day,Low
2025-01-10 18:30:00,Prayer Area,561,800,0.701,19.4,79,63,35.8,18,4,Weather Disruption,High
2025-01-10 18:40:00,Parking Area,623,1500,0.415,12.8,98,78,29.4,18,4,Normal Day,Low
2025-01-10 18:50:00,Prayer Area,470,800,0.588,19.5,72,72,35.8,18,4,Weather Disruption,Medium
2025-01-10 19:00:00,Main Hall,1296,4000,0.324,11.3,57,55,28.7,19,4,Normal Day,Low
2025-01-10 19:10:00,Gate B,673,1000,0.673,21.0,120,98,24.9,19,4,Special Event,High
2025-01-10 19:20:00,Gate A,537,1000,0.537,14.1,85,98,36.3,19,4,Weather Disruption,Medium
2025-01-10 19:30:00,Food Court,234,1200,0.195,8.9,38,5,30.4,19,4,Maintenance Window,Low
2025-01-10 19:40:00,Service Corridor,294,500,0.588,11.0,98,110,32.0,19,4,Weather Disruption,Medium
2025-01-10 19:50:00,Service Corridor,184,500,0.368,10.6,55,25,24.8,19,4,Maintenance Window,Low
2025-01-10 20:00:00,Parking Area,1115,1500,0.743,26.5,93,67,28.9,20,4,Peak Hour,High
2025-01-10 20:10:00,Main Hall,2485,4000,0.621,22.0,82,56,30.1,20,4,Special Event,High
2025-01-10 20:20:00,Gate B,571,1000,0.571,18.4,112,92,29.8,20,4,Peak Hour,High
2025-01-10 20:30:00,Parking Area,796,1500,0.531,16.4,110,99,29.5,20,4,Special Event,Medium
2025-01-10 20:40:00,Prayer Area,388,800,0.485,11.0,51,46,26.5,20,4,Normal Day,Low
2025-01-10 20:50:00,Gate A,389,1000,0.389,9.6,26,32,27.5,20,4,Normal Day,Low
2025-01-10 21:00:00,Parking Area,1132,1500,0.755,17.8,98,98,33.8,21,4,Peak Hour,High
2025-01-10 21:10:00,Gate A,632,1000,0.632,18.3,75,75,28.7,21,4,Special Event,High
2025-01-10 21:20:00,Prayer Area,402,800,0.502,14.9,87,87,30.7,21,4,Weather Disruption,Medium
2025-01-10 21:30:00,Food Court,98,1200,0.082,2.7,35,35,19.3,21,4,Maintenance Window,Low
2025-01-10 21:40:00,Service Corridor,230,500,0.46,13.6,94,94,35.1,21,4,Peak Hour,Low
2025-01-10 21:50:00,Emergency Exit,355,600,0.592,24.4,71,28,30.0,21,4,Peak Hour,High
2025-01-10 22:00:00,Parking Area,625,1500,0.417,12.9,49,60,28.7,22,4,Normal Day,Low
2025-01-10 22:10:00,Emergency Exit,444,600,0.74,23.5,100,46,29.3,22,4,Special Event,High
2025-01-10 22:20:00,Service Corridor,103,500,0.206,8.5,28,6,36.1,22,4,Normal Day,Low
2025-01-10 22:30:00,Emergency Exit,241,600,0.402,15.6,64,72,33.6,22,4,Normal Day,Medium
2025-01-10 22:40:00,Food Court,24,1200,0.02,2.9,39,29,38.1,22,4,Maintenance Window,Low
2025-01-10 22:50:00,Prayer Area,287,800,0.359,11.3,45,63,22.6,22,4,Maintenance Window,Low
2025-01-10 23:00:00,Prayer Area,372,800,0.465,18.6,54,15,33.8,23,4,Peak Hour,High
2025-01-10 23:10:00,Service Corridor,252,500,0.504,17.3,67,44,30.9,23,4,Peak Hour,Medium
2025-01-10 23:20:00,Parking Area,284,1500,0.189,7.4,41,42,27.3,23,4,Maintenance Window,Low
2025-01-10 23:30:00,Gate A,392,1000,0.392,7.8,60,72,39.6,23,4,Weather Disruption,Medium
2025-01-10 23:40:00,Emergency Exit,278,600,0.463,11.9,22,4,26.5,23,4,Maintenance Window,Low
2025-01-10 23:50:00,Main Hall,1699,4000,0.425,18.0,60,101,28.2,23,4,Normal Day,Low
2025-01-11 00:00:00,Service Corridor,165,500,0.33,9.0,94,78,29.0,0,5,Special Event,Low
2025-01-11 00:10:00,Emergency Exit,234,600,0.39,12.6,39,18,26.0,0,5,Normal Day,Low
2025-01-11 00:20:00,Parking Area,407,1500,0.271,7.6,5,12,25.5,0,5,Maintenance Window,Low
2025-01-11 00:30:00,Main Hall,1205,4000,0.301,11.1,103,121,38.7,0,5,Weather Disruption,Low
2025-01-11 00:40:00,Parking Area,625,1500,0.417,5.6,116,126,32.0,0,5,Special Event,Low
2025-01-11 00:50:00,Parking Area,590,1500,0.393,18.0,73,66,29.2,0,5,Weather Disruption,High
2025-01-11 01:00:00,Emergency Exit,38,600,0.063,2.6,19,17,31.0,1,5,Normal Day,Low
2025-01-11 01:10:00,Food Court,685,1200,0.571,19.7,91,132,27.2,1,5,Special Event,Medium
2025-01-11 01:20:00,Main Hall,753,4000,0.188,3.0,39,6,30.8,1,5,Maintenance Window,Low
2025-01-11 01:30:00,Parking Area,950,1500,0.633,24.8,82,66,26.4,1,5,Special Event,High
2025-01-11 01:40:00,Service Corridor,156,500,0.312,9.4,74,85,24.9,1,5,Maintenance Window,Low
2025-01-11 01:50:00,Service Corridor,185,500,0.37,7.2,30,20,33.4,1,5,Normal Day,Low
2025-01-11 02:00:00,Gate A,511,1000,0.511,15.0,88,71,28.8,2,5,Weather Disruption,High
2025-01-11 02:10:00,Food Court,697,1200,0.581,17.1,100,101,34.2,2,5,Special Event,High
2025-01-11 02:20:00,Prayer Area,368,800,0.46,12.3,71,121,38.9,2,5,Weather Disruption,Medium
2025-01-11 02:30:00,Emergency Exit,207,600,0.345,13.9,53,59,35.2,2,5,Maintenance Window,Low
2025-01-11 02:40:00,Parking Area,699,1500,0.466,16.9,65,42,29.7,2,5,Peak Hour,Low
2025-01-11 02:50:00,Gate A,364,1000,0.364,10.6,71,61,28.3,2,5,Peak Hour,Low
2025-01-11 03:00:00,Food Court,695,1200,0.579,14.4,112,57,29.0,3,5,Special Event,High
2025-01-11 03:10:00,Prayer Area,108,800,0.135,5.5,39,60,31.7,3,5,Normal Day,Low
2025-01-11 03:20:00,Emergency Exit,208,600,0.347,8.0,40,41,28.1,3,5,Maintenance Window,Medium
2025-01-11 03:30:00,Service Corridor,284,500,0.568,14.2,90,92,27.1,3,5,Peak Hour,Medium
2025-01-11 03:40:00,Gate A,344,1000,0.344,14.7,61,20,46.8,3,5,Weather Disruption,Medium
2025-01-11 03:50:00,Prayer Area,570,800,0.713,19.3,86,50,21.8,3,5,Peak Hour,High
2025-01-11 04:00:00,Service Corridor,363,500,0.726,18.5,102,53,32.3,4,5,Special Event,High
2025-01-11 04:10:00,Emergency Exit,158,600,0.263,7.0,37,32,32.2,4,5,Maintenance Window,Low
2025-01-11 04:20:00,Service Corridor,183,500,0.366,12.8,95,82,34.1,4,5,Peak Hour,Medium
2025-01-11 04:30:00,Parking Area,888,1500,0.592,17.6,115,107,33.7,4,5,Special Event,High
2025-01-11 04:40:00,Service Corridor,274,500,0.548,15.9,99,41,30.2,4,5,Peak Hour,High
2025-01-11 04:50:00,Food Court,924,1200,0.77,18.8,99,117,35.0,4,5,Special Event,High
2025-01-11 05:00:00,Service Corridor,134,500,0.268,15.9,50,39,23.0,5,5,Maintenance Window,Low
2025-01-11 05:10:00,Emergency Exit,69,600,0.115,7.8,28,38,32.2,5,5,Maintenance Window,Low
2025-01-11 05:20:00,Gate B,310,1000,0.31,9.5,40,62,28.6,5,5,Normal Day,Low
2025-01-11 05:30:00,Parking Area,730,1500,0.487,6.0,91,89,33.7,5,5,Weather Disruption,Low
2025-01-11 05:40:00,Prayer Area,354,800,0.443,14.2,64,76,28.5,5,5,Maintenance Window,Low
2025-01-11 05:50:00,Gate B,468,1000,0.468,17.3,50,55,32.9,5,5,Normal Day,Low
2025-01-11 06:00:00,Gate B,731,1000,0.731,19.4,112,117,23.2,6,5,Special Event,High
2025-01-11 06:10:00,Gate B,923,1000,0.923,22.7,104,62,32.4,6,5,Special Event,High
2025-01-11 06:20:00,Emergency Exit,359,600,0.598,20.5,64,52,44.3,6,5,Weather Disruption,High
2025-01-11 06:30:00,Gate B,678,1000,0.678,18.8,77,95,43.8,6,5,Weather Disruption,High
2025-01-11 06:40:00,Main Hall,3146,4000,0.786,20.2,76,76,42.2,6,5,Weather Disruption,High
2025-01-11 06:50:00,Parking Area,623,1500,0.415,13.5,36,25,32.1,6,5,Maintenance Window,Low
2025-01-11 07:00:00,Service Corridor,500,500,1.0,24.6,137,91,29.1,7,5,Special Event,High
2025-01-11 07:10:00,Emergency Exit,228,600,0.38,17.7,53,41,20.9,7,5,Normal Day,Low
2025-01-11 07:20:00,Main Hall,3293,4000,0.823,21.4,72,59,35.1,7,5,Special Event,High
2025-01-11 07:30:00,Parking Area,955,1500,0.637,15.5,87,51,38.4,7,5,Peak Hour,High
2025-01-11 07:40:00,Gate A,631,1000,0.631,17.8,67,56,23.1,7,5,Normal Day,Medium
2025-01-11 07:50:00,Prayer Area,780,800,0.975,26.3,97,98,23.2,7,5,Special Event,High
2025-01-11 08:00:00,Food Court,848,1200,0.707,25.2,57,47,21.8,8,5,Normal Day,High
2025-01-11 08:10:00,Gate A,462,1000,0.462,16.9,43,55,26.5,8,5,Maintenance Window,Medium
2025-01-11 08:20:00,Emergency Exit,474,600,0.79,22.5,88,106,30.1,8,5,Weather Disruption,High
2025-01-11 08:30:00,Main Hall,2457,4000,0.614,16.3,78,89,30.7,8,5,Peak Hour,High
2025-01-11 08:40:00,Service Corridor,361,500,0.722,20.3,99,105,29.3,8,5,Peak Hour,Medium
2025-01-11 08:50:00,Emergency Exit,417,600,0.695,12.3,110,126,34.8,8,5,Weather Disruption,Medium
2025-01-11 09:00:00,Food Court,440,1200,0.367,9.0,39,43,33.1,9,5,Normal Day,Low
2025-01-11 09:10:00,Gate A,1023,1000,1.023,29.6,104,55,26.6,9,5,Special Event,High
2025-01-11 09:20:00,Prayer Area,530,800,0.662,17.2,91,126,29.4,9,5,Weather Disruption,Medium
2025-01-11 09:30:00,Food Court,963,1200,0.802,19.3,99,100,34.4,9,5,Weather Disruption,High
2025-01-11 09:40:00,Gate A,386,1000,0.386,10.0,47,45,28.8,9,5,Maintenance Window,Low
2025-01-11 09:50:00,Food Court,636,1200,0.53,18.8,77,89,27.5,9,5,Normal Day,Medium
2025-01-11 10:00:00,Service Corridor,625,500,1.25,32.4,134,119,29.5,10,5,Special Event,High
2025-01-11 10:10:00,Gate A,584,1000,0.584,20.3,63,57,28.4,10,5,Normal Day,Medium
2025-01-11 10:20:00,Food Court,896,1200,0.747,23.3,90,99,37.4,10,5,Weather Disruption,High
2025-01-11 10:30:00,Main Hall,2453,4000,0.613,17.8,69,97,27.9,10,5,Maintenance Window,Medium
2025-01-11 10:40:00,Food Court,877,1200,0.731,19.5,98,74,28.4,10,5,Peak Hour,High
2025-01-11 10:50:00,Gate A,846,1000,0.846,24.1,103,76,28.6,10,5,Special Event,High
2025-01-11 11:00:00,Emergency Exit,334,600,0.557,19.5,77,95,27.3,11,5,Normal Day,Medium
2025-01-11 11:10:00,Emergency Exit,262,600,0.437,8.9,23,25,31.5,11,5,Normal Day,Low
2025-01-11 11:20:00,Emergency Exit,667,600,1.112,32.5,123,85,32.3,11,5,Special Event,High
2025-01-11 11:30:00,Food Court,434,1200,0.362,12.3,35,56,28.0,11,5,Normal Day,Low
2025-01-11 11:40:00,Service Corridor,216,500,0.432,17.8,31,29,28.0,11,5,Maintenance Window,Low
2025-01-11 11:50:00,Gate A,677,1000,0.677,18.6,90,90,33.0,11,5,Weather Disruption,High
2025-01-11 12:00:00,Gate B,775,1000,0.775,17.2,76,74,31.4,12,5,Peak Hour,High
2025-01-11 12:10:00,Gate A,789,1000,0.789,24.1,83,73,22.3,12,5,Peak Hour,High
2025-01-11 12:20:00,Gate A,334,1000,0.334,13.8,6,0,29.1,12,5,Maintenance Window,Medium
2025-01-11 12:30:00,Prayer Area,736,800,0.92,27.4,81,78,38.7,12,5,Weather Disruption,High
2025-01-11 12:40:00,Main Hall,5000,4000,1.25,33.1,121,104,32.9,12,5,Special Event,High
2025-01-11 12:50:00,Emergency Exit,650,600,1.083,31.8,113,80,24.9,12,5,Peak Hour,High
2025-01-11 13:00:00,Parking Area,306,1500,0.204,10.0,55,68,26.6,13,5,Maintenance Window,Low
2025-01-11 13:10:00,Service Corridor,199,500,0.398,14.1,52,74,24.3,13,5,Maintenance Window,Low
2025-01-11 13:20:00,Gate B,880,1000,0.88,26.0,109,117,32.1,13,5,Peak Hour,High
2025-01-11 13:30:00,Service Corridor,342,500,0.684,23.1,82,78,33.4,13,5,Peak Hour,Medium
2025-01-11 13:40:00,Service Corridor,509,500,1.018,27.3,88,90,43.4,13,5,Weather Disruption,High
2025-01-11 13:50:00,Gate A,1088,1000,1.088,30.8,101,64,35.3,13,5,Peak Hour,High
2025-01-11 14:00:00,Prayer Area,673,800,0.841,31.9,93,65,25.0,14,5,Peak Hour,High
2025-01-11 14:10:00,Food Court,1176,1200,0.98,26.3,114,104,38.8,14,5,Weather Disruption,High
2025-01-11 14:20:00,Prayer Area,448,800,0.56,14.4,59,31,18.4,14,5,Normal Day,Medium
2025-01-11 14:30:00,Food Court,449,1200,0.374,14.7,63,75,39.6,14,5,Maintenance Window,Low
2025-01-11 14:40:00,Prayer Area,347,800,0.434,9.7,59,17,27.1,14,5,Maintenance Window,Medium
2025-01-11 14:50:00,Gate B,1012,1000,1.012,31.8,130,98,27.7,14,5,Special Event,High
2025-01-11 15:00:00,Emergency Exit,449,600,0.748,14.6,87,99,42.8,15,5,Weather Disruption,High
2025-01-11 15:10:00,Service Corridor,536,500,1.072,27.6,113,86,33.4,15,5,Peak Hour,High
2025-01-11 15:20:00,Emergency Exit,526,600,0.877,21.5,127,96,33.6,15,5,Special Event,High
2025-01-11 15:30:00,Gate A,953,1000,0.953,26.6,99,97,39.2,15,5,Peak Hour,High
2025-01-11 15:40:00,Emergency Exit,540,600,0.9,26.8,126,97,19.3,15,5,Special Event,High
2025-01-11 15:50:00,Service Corridor,507,500,1.014,26.8,106,108,31.7,15,5,Special Event,High
2025-01-11 16:00:00,Main Hall,3191,4000,0.798,22.9,73,83,42.0,16,5,Weather Disruption,High
2025-01-11 16:10:00,Parking Area,1275,1500,0.85,20.3,101,89,29.4,16,5,Special Event,High
2025-01-11 16:20:00,Prayer Area,428,800,0.535,6.4,79,108,39.0,16,5,Peak Hour,Low
2025-01-11 16:30:00,Emergency Exit,178,600,0.297,6.6,29,26,29.1,16,5,Normal Day,Low
2025-01-11 16:40:00,Gate B,694,1000,0.694,19.4,67,46,30.5,16,5,Weather Disruption,High
2025-01-11 16:50:00,Emergency Exit,85,600,0.142,6.9,14,44,27.1,16,5,Maintenance Window,Low
2025-01-11 17:00:00,Food Court,683,1200,0.569,16.7,87,93,39.8,17,5,Weather Disruption,Medium
2025-01-11 17:10:00,Parking Area,939,1500,0.626,18.8,94,110,39.7,17,5,Weather Disruption,High
2025-01-11 17:20:00,Main Hall,4315,4000,1.079,27.6,119,117,27.5,17,5,Special Event,High
2025-01-11 17:30:00,Main Hall,2638,4000,0.659,14.9,89,119,29.9,17,5,Weather Disruption,High
2025-01-11 17:40:00,Gate A,294,1000,0.294,16.0,34,37,33.8,17,5,Maintenance Window,Low
2025-01-11 17:50:00,Food Court,889,1200,0.741,25.9,71,53,25.4,17,5,Peak Hour,High
2025-01-11 18:00:00,Gate B,678,1000,0.678,17.2,79,57,27.6,18,5,Peak Hour,Medium
2025-01-11 18:10:00,Emergency Exit,379,600,0.632,15.6,87,78,27.2,18,5,Peak Hour,Medium
2025-01-11 18:20:00,Service Corridor,442,500,0.884,20.3,77,61,43.3,18,5,Weather Disruption,High
2025-01-11 18:30:00,Service Corridor,533,500,1.066,27.4,126,116,27.1,18,5,Special Event,High
2025-01-11 18:40:00,Gate A,835,1000,0.835,20.6,86,53,25.4,18,5,Peak Hour,High
2025-01-11 18:50:00,Prayer Area,517,800,0.646,16.7,97,90,26.5,18,5,Peak Hour,Medium
2025-01-11 19:00:00,Prayer Area,747,800,0.934,22.1,100,64,22.6,19,5,Special Event,High
2025-01-11 19:10:00,Gate B,441,1000,0.441,16.8,81,83,28.7,19,5,Maintenance Window,Low
2025-01-11 19:20:00,Service Corridor,385,500,0.77,22.9,87,80,31.0,19,5,Special Event,High
2025-01-11 19:30:00,Gate A,899,1000,0.899,29.9,92,91,15.6,19,5,Special Event,High
2025-01-11 19:40:00,Gate B,307,1000,0.307,6.8,45,62,20.7,19,5,Normal Day,Low
2025-01-11 19:50:00,Gate B,765,1000,0.765,22.1,68,62,45.8,19,5,Weather Disruption,High
2025-01-11 20:00:00,Main Hall,921,4000,0.23,8.4,29,0,26.6,20,5,Maintenance Window,Low
2025-01-11 20:10:00,Emergency Exit,150,600,0.25,9.9,71,74,35.5,20,5,Maintenance Window,Low
2025-01-11 20:20:00,Service Corridor,263,500,0.526,13.2,73,92,34.0,20,5,Weather Disruption,Medium
2025-01-11 20:30:00,Service Corridor,213,500,0.426,16.7,74,74,28.0,20,5,Weather Disruption,Medium
2025-01-11 20:40:00,Food Court,656,1200,0.547,17.7,74,55,29.4,20,5,Normal Day,Medium
2025-01-11 20:50:00,Service Corridor,189,500,0.378,14.5,47,43,25.1,20,5,Maintenance Window,Medium
2025-01-11 21:00:00,Emergency Exit,210,600,0.35,10.5,50,55,32.0,21,5,Normal Day,Low
2025-01-11 21:10:00,Service Corridor,32,500,0.064,5.7,4,0,27.5,21,5,Maintenance Window,Low
2025-01-11 21:20:00,Gate B,76,1000,0.076,12.5,35,43,22.9,21,5,Normal Day,Low
2025-01-11 21:30:00,Gate A,625,1000,0.625,11.9,99,99,28.8,21,5,Special Event,High
2025-01-11 21:40:00,Main Hall,930,4000,0.233,13.9,45,48,30.5,21,5,Normal Day,Low
2025-01-11 21:50:00,Emergency Exit,296,600,0.493,10.8,104,116,34.3,21,5,Peak Hour,Low
2025-01-11 22:00:00,Service Corridor,72,500,0.144,13.0,23,0,35.2,22,5,Maintenance Window,Low
2025-01-11 22:10:00,Emergency Exit,209,600,0.348,15.3,42,6,30.1,22,5,Maintenance Window,Medium
2025-01-11 22:20:00,Service Corridor,143,500,0.286,9.7,32,15,39.2,22,5,Normal Day,Low
2025-01-11 22:30:00,Emergency Exit,308,600,0.513,12.3,90,108,22.4,22,5,Peak Hour,Medium
2025-01-11 22:40:00,Service Corridor,175,500,0.35,16.6,80,79,33.4,22,5,Normal Day,Low
2025-01-11 22:50:00,Parking Area,932,1500,0.621,19.7,101,69,27.7,22,5,Special Event,High
2025-01-11 23:00:00,Parking Area,468,1500,0.312,12.1,63,50,27.1,23,5,Normal Day,Low
2025-01-11 23:10:00,Service Corridor,139,500,0.278,9.6,64,88,35.6,23,5,Normal Day,Low
2025-01-11 23:20:00,Food Court,606,1200,0.505,17.7,49,77,27.3,23,5,Normal Day,Medium
2025-01-11 23:30:00,Main Hall,1266,4000,0.317,12.7,80,131,34.3,23,5,Weather Disruption,Medium
2025-01-11 23:40:00,Food Court,333,1200,0.278,9.8,67,51,39.6,23,5,Weather Disruption,Medium
2025-01-11 23:50:00,Gate B,148,1000,0.148,6.8,33,38,35.5,23,5,Maintenance Window,Low
2025-01-12 00:00:00,Gate A,484,1000,0.484,15.1,109,116,38.9,0,6,Special Event,Medium
2025-01-12 00:10:00,Gate B,35,1000,0.035,6.1,13,12,45.1,0,6,Maintenance Window,Low
2025-01-12 00:20:00,Gate B,498,1000,0.498,13.4,65,93,35.3,0,6,Peak Hour,Medium
2025-01-12 00:30:00,Food Court,617,1200,0.514,19.9,98,27,42.1,0,6,Special Event,High
2025-01-12 00:40:00,Prayer Area,464,800,0.58,18.2,94,72,23.9,0,6,Peak Hour,High
2025-01-12 00:50:00,Gate A,132,1000,0.132,4.7,51,45,27.9,0,6,Maintenance Window,Low
2025-01-12 01:00:00,Parking Area,128,1500,0.085,4.3,42,48,35.8,1,6,Normal Day,Low
2025-01-12 01:10:00,Service Corridor,268,500,0.536,15.3,68,71,40.9,1,6,Weather Disruption,High
2025-01-12 01:20:00,Gate B,412,1000,0.412,15.4,91,111,37.8,1,6,Weather Disruption,Medium
2025-01-12 01:30:00,Service Corridor,96,500,0.192,9.0,51,28,27.5,1,6,Normal Day,Low
2025-01-12 01:40:00,Parking Area,490,1500,0.327,10.3,38,40,32.0,1,6,Normal Day,Low
2025-01-12 01:50:00,Food Court,396,1200,0.33,9.0,24,0,27.9,1,6,Normal Day,Low
2025-01-12 02:00:00,Emergency Exit,254,600,0.423,9.2,40,80,32.0,2,6,Maintenance Window,Low
2025-01-12 02:10:00,Service Corridor,169,500,0.338,16.5,41,29,23.1,2,6,Normal Day,Low
2025-01-12 02:20:00,Gate A,232,1000,0.232,6.4,61,54,32.0,2,6,Normal Day,Low
2025-01-12 02:30:00,Food Court,533,1200,0.444,12.5,124,122,29.4,2,6,Special Event,High
2025-01-12 02:40:00,Service Corridor,213,500,0.426,8.8,49,27,31.3,2,6,Normal Day,Low
2025-01-12 02:50:00,Gate B,419,1000,0.419,11.5,57,74,22.6,2,6,Normal Day,Low
2025-01-12 03:00:00,Main Hall,1265,4000,0.316,15.2,37,33,25.6,3,6,Maintenance Window,Low
2025-01-12 03:10:00,Parking Area,414,1500,0.276,9.8,55,47,26.1,3,6,Normal Day,Low
2025-01-12 03:20:00,Service Corridor,221,500,0.442,10.3,95,72,27.2,3,6,Peak Hour,Medium
2025-01-12 03:30:00,Gate A,584,1000,0.584,17.1,90,68,24.9,3,6,Special Event,Medium
2025-01-12 03:40:00,Main Hall,1110,4000,0.278,5.8,50,66,34.9,3,6,Maintenance Window,Low
2025-01-12 03:50:00,Service Corridor,285,500,0.57,15.6,43,17,38.8,3,6,Normal Day,High
2025-01-12 04:00:00,Prayer Area,140,800,0.175,6.9,53,32,20.2,4,6,Maintenance Window,Low
2025-01-12 04:10:00,Prayer Area,313,800,0.391,12.0,58,33,25.8,4,6,Normal Day,Low
2025-01-12 04:20:00,Parking Area,733,1500,0.489,13.7,71,64,33.0,4,6,Weather Disruption,Low
2025-01-12 04:30:00,Service Corridor,244,500,0.488,10.6,76,74,35.7,4,6,Weather Disruption,Low
2025-01-12 04:40:00,Prayer Area,433,800,0.541,16.1,83,63,35.8,4,6,Special Event,High
2025-01-12 04:50:00,Emergency Exit,437,600,0.728,21.2,76,58,28.9,4,6,Special Event,High
2025-01-12 05:00:00,Service Corridor,200,500,0.4,13.5,69,70,34.1,5,6,Normal Day,Low
2025-01-12 05:10:00,Gate A,96,1000,0.096,8.5,49,67,26.6,5,6,Normal Day,Low
2025-01-12 05:20:00,Main Hall,3719,4000,0.93,29.5,122,109,36.7,5,6,Special Event,High
2025-01-12 05:30:00,Main Hall,1089,4000,0.272,7.0,36,17,35.1,5,6,Maintenance Window,Low
2025-01-12 05:40:00,Food Court,505,1200,0.421,19.0,53,23,26.9,5,6,Peak Hour,High
2025-01-12 05:50:00,Parking Area,511,1500,0.341,9.1,29,50,34.0,5,6,Normal Day,Low
2025-01-12 06:00:00,Gate B,312,1000,0.312,7.1,75,72,35.2,6,6,Weather Disruption,Low
2025-01-12 06:10:00,Prayer Area,583,800,0.729,21.5,79,70,23.3,6,6,Peak Hour,High
2025-01-12 06:20:00,Prayer Area,353,800,0.441,12.7,109,82,31.8,6,6,Weather Disruption,Medium
2025-01-12 06:30:00,Gate B,699,1000,0.699,21.5,82,60,30.4,6,6,Peak Hour,High
2025-01-12 06:40:00,Food Court,146,1200,0.122,9.4,33,30,21.8,6,6,Maintenance Window,Low
2025-01-12 06:50:00,Service Corridor,189,500,0.378,13.2,37,38,23.1,6,6,Normal Day,Low
2025-01-12 07:00:00,Gate B,771,1000,0.771,18.3,85,81,28.9,7,6,Peak Hour,High
2025-01-12 07:10:00,Emergency Exit,371,600,0.618,20.8,67,68,33.5,7,6,Peak Hour,Medium
2025-01-12 07:20:00,Parking Area,745,1500,0.497,13.1,87,54,30.5,7,6,Peak Hour,Low
2025-01-12 07:30:00,Service Corridor,151,500,0.302,10.4,40,20,26.7,7,6,Normal Day,Low
2025-01-12 07:40:00,Parking Area,708,1500,0.472,13.3,13,2,34.6,7,6,Maintenance Window,Low
2025-01-12 07:50:00,Parking Area,945,1500,0.63,19.4,100,93,23.1,7,6,Peak Hour,Medium
2025-01-12 08:00:00,Service Corridor,345,500,0.69,22.1,81,71,23.1,8,6,Peak Hour,High
2025-01-12 08:10:00,Gate A,993,1000,0.993,26.1,120,93,25.3,8,6,Special Event,High
2025-01-12 08:20:00,Main Hall,4381,4000,1.095,27.7,112,103,29.6,8,6,Special Event,High
2025-01-12 08:30:00,Parking Area,1371,1500,0.914,24.4,71,66,27.2,8,6,Peak Hour,High
2025-01-12 08:40:00,Service Corridor,427,500,0.854,16.9,77,83,45.9,8,6,Weather Disruption,High
2025-01-12 08:50:00,Food Court,1165,1200,0.971,21.3,102,95,25.6,8,6,Peak Hour,High
2025-01-12 09:00:00,Prayer Area,885,800,1.106,22.8,122,96,35.7,9,6,Special Event,High
2025-01-12 09:10:00,Gate A,561,1000,0.561,16.0,70,87,32.4,9,6,Normal Day,Low
2025-01-12 09:20:00,Prayer Area,533,800,0.666,14.9,75,91,26.4,9,6,Normal Day,Low
2025-01-12 09:30:00,Gate B,1250,1000,1.25,28.9,111,76,36.1,9,6,Special Event,High
2025-01-12 09:40:00,Service Corridor,335,500,0.67,20.5,49,29,35.8,9,6,Normal Day,High
2025-01-12 09:50:00,Main Hall,2258,4000,0.565,13.1,60,26,32.5,9,6,Weather Disruption,Medium
2025-01-12 10:00:00,Main Hall,5000,4000,1.25,30.7,121,112,28.8,10,6,Special Event,High
2025-01-12 10:10:00,Emergency Exit,530,600,0.883,31.7,108,72,31.9,10,6,Peak Hour,High
2025-01-12 10:20:00,Service Corridor,120,500,0.24,6.0,42,62,32.5,10,6,Maintenance Window,Low
2025-01-12 10:30:00,Parking Area,813,1500,0.542,14.4,69,90,29.7,10,6,Normal Day,Low
2025-01-12 10:40:00,Emergency Exit,520,600,0.867,23.3,101,84,25.9,10,6,Peak Hour,High
2025-01-12 10:50:00,Prayer Area,594,800,0.743,22.7,56,71,31.5,10,6,Normal Day,High
2025-01-12 11:00:00,Gate A,439,1000,0.439,13.4,46,32,32.9,11,6,Maintenance Window,Medium
2025-01-12 11:10:00,Parking Area,622,1500,0.415,11.9,56,44,35.4,11,6,Maintenance Window,Medium
2025-01-12 11:20:00,Gate A,937,1000,0.937,23.2,99,90,27.2,11,6,Peak Hour,High
2025-01-12 11:30:00,Emergency Exit,185,600,0.308,16.4,41,23,25.8,11,6,Maintenance Window,Medium
2025-01-12 11:40:00,Service Corridor,607,500,1.214,34.7,140,129,31.6,11,6,Special Event,High
2025-01-12 11:50:00,Prayer Area,357,800,0.446,16.0,75,75,28.4,11,6,Normal Day,Low
2025-01-12 12:00:00,Food Court,890,1200,0.742,23.8,82,70,26.9,12,6,Peak Hour,High
2025-01-12 12:10:00,Gate A,1075,1000,1.075,24.1,111,104,30.9,12,6,Special Event,High
2025-01-12 12:20:00,Emergency Exit,558,600,0.93,24.3,99,86,50.0,12,6,Weather Disruption,High
2025-01-12 12:30:00,Main Hall,4687,4000,1.172,28.6,120,101,25.4,12,6,Special Event,High
2025-01-12 12:40:00,Gate B,1110,1000,1.11,30.8,113,64,26.0,12,6,Peak Hour,High
2025-01-12 12:50:00,Prayer Area,743,800,0.929,27.6,111,135,40.6,12,6,Weather Disruption,High
2025-01-12 13:00:00,Service Corridor,201,500,0.402,9.2,32,51,29.7,13,6,Normal Day,Low
2025-01-12 13:10:00,Emergency Exit,454,600,0.757,18.6,80,42,27.5,13,6,Peak Hour,High
2025-01-12 13:20:00,Parking Area,1760,1500,1.173,25.9,116,132,25.1,13,6,Special Event,High
2025-01-12 13:30:00,Gate A,666,1000,0.666,19.5,56,60,30.4,13,6,Normal Day,Medium
2025-01-12 13:40:00,Service Corridor,491,500,0.982,28.8,79,77,36.9,13,6,Weather Disruption,High
2025-01-12 13:50:00,Gate B,335,1000,0.335,10.3,19,23,35.8,13,6,Maintenance Window,Low
2025-01-12 14:00:00,Gate B,649,1000,0.649,20.4,88,82,39.7,14,6,Peak Hour,Medium
2025-01-12 14:10:00,Food Court,335,1200,0.279,11.6,39,19,22.9,14,6,Maintenance Window,Low
2025-01-12 14:20:00,Parking Area,702,1500,0.468,13.1,37,25,31.3,14,6,Maintenance Window,Low
2025-01-12 14:30:00,Service Corridor,416,500,0.832,22.1,73,63,36.0,14,6,Weather Disruption,High
2025-01-12 14:40:00,Parking Area,1229,1500,0.819,22.3,88,94,28.5,14,6,Peak Hour,High
2025-01-12 14:50:00,Service Corridor,514,500,1.028,30.8,95,98,38.2,14,6,Weather Disruption,High
2025-01-12 15:00:00,Parking Area,1419,1500,0.946,25.4,97,59,30.3,15,6,Peak Hour,High
2025-01-12 15:10:00,Prayer Area,257,800,0.321,11.9,69,82,37.2,15,6,Maintenance Window,Low
2025-01-12 15:20:00,Gate A,1056,1000,1.056,25.0,90,88,30.0,15,6,Peak Hour,High
2025-01-12 15:30:00,Food Court,1141,1200,0.951,29.8,95,93,32.6,15,6,Special Event,High
2025-01-12 15:40:00,Emergency Exit,252,600,0.42,14.9,47,47,22.7,15,6,Normal Day,Medium
2025-01-12 15:50:00,Gate B,560,1000,0.56,14.7,48,84,20.4,15,6,Normal Day,Medium
2025-01-12 16:00:00,Emergency Exit,443,600,0.738,18.3,74,63,17.2,16,6,Peak Hour,High
2025-01-12 16:10:00,Gate A,204,1000,0.204,13.0,27,24,27.0,16,6,Maintenance Window,Low
2025-01-12 16:20:00,Parking Area,1153,1500,0.769,23.2,83,118,31.2,16,6,Normal Day,High
2025-01-12 16:30:00,Emergency Exit,482,600,0.803,22.7,64,59,22.3,16,6,Peak Hour,High
2025-01-12 16:40:00,Prayer Area,665,800,0.831,22.3,108,95,25.5,16,6,Special Event,High
2025-01-12 16:50:00,Parking Area,1528,1500,1.019,22.8,111,114,34.9,16,6,Special Event,High
2025-01-12 17:00:00,Main Hall,1285,4000,0.321,9.1,27,25,33.2,17,6,Normal Day,Low
2025-01-12 17:10:00,Parking Area,1309,1500,0.873,26.4,99,73,25.8,17,6,Special Event,High
2025-01-12 17:20:00,Service Corridor,334,500,0.668,18.9,101,130,29.8,17,6,Weather Disruption,High
2025-01-12 17:30:00,Gate A,677,1000,0.677,19.9,61,78,32.6,17,6,Peak Hour,Medium
2025-01-12 17:40:00,Food Court,282,1200,0.235,8.2,38,16,33.9,17,6,Normal Day,Low
2025-01-12 17:50:00,Gate B,403,1000,0.403,14.2,51,34,26.7,17,6,Normal Day,Low
2025-01-12 18:00:00,Gate B,316,1000,0.316,11.6,17,29,30.0,18,6,Maintenance Window,Medium
2025-01-12 18:10:00,Emergency Exit,428,600,0.713,28.2,91,76,25.1,18,6,Peak Hour,High
2025-01-12 18:20:00,Parking Area,549,1500,0.366,10.6,39,15,36.7,18,6,Maintenance Window,Low
2025-01-12 18:30:00,Gate A,465,1000,0.465,12.7,51,68,32.4,18,6,Maintenance Window,Low
2025-01-12 18:40:00,Main Hall,1571,4000,0.393,11.7,50,23,31.0,18,6,Normal Day,Low
2025-01-12 18:50:00,Emergency Exit,416,600,0.693,22.5,75,89,34.7,18,6,Peak Hour,High
2025-01-12 19:00:00,Service Corridor,98,500,0.196,9.1,32,55,26.6,19,6,Normal Day,Low
2025-01-12 19:10:00,Gate B,674,1000,0.674,18.9,115,99,30.6,19,6,Special Event,High
2025-01-12 19:20:00,Prayer Area,498,800,0.623,18.2,94,109,37.0,19,6,Weather Disruption,High
2025-01-12 19:30:00,Gate B,786,1000,0.786,20.4,111,87,38.2,19,6,Special Event,High
2025-01-12 19:40:00,Main Hall,3042,4000,0.76,16.1,65,62,38.2,19,6,Weather Disruption,High
2025-01-12 19:50:00,Service Corridor,213,500,0.426,19.8,64,86,31.1,19,6,Maintenance Window,Low
2025-01-12 20:00:00,Gate B,942,1000,0.942,23.7,104,108,35.9,20,6,Special Event,High
2025-01-12 20:10:00,Gate A,464,1000,0.464,14.4,91,81,43.4,20,6,Weather Disruption,Medium
2025-01-12 20:20:00,Emergency Exit,180,600,0.3,10.3,48,44,21.0,20,6,Maintenance Window,Low
2025-01-12 20:30:00,Main Hall,585,4000,0.146,7.0,10,4,31.2,20,6,Normal Day,Low
2025-01-12 20:40:00,Emergency Exit,407,600,0.678,16.6,100,86,25.5,20,6,Special Event,High
2025-01-12 20:50:00,Gate B,242,1000,0.242,16.6,35,31,27.9,20,6,Maintenance Window,Low
2025-01-12 21:00:00,Prayer Area,319,800,0.399,11.1,63,48,29.2,21,6,Weather Disruption,Medium
2025-01-12 21:10:00,Parking Area,396,1500,0.264,14.5,49,60,39.4,21,6,Maintenance Window,Low
2025-01-12 21:20:00,Food Court,757,1200,0.631,22.5,98,71,32.9,21,6,Special Event,High
2025-01-12 21:30:00,Main Hall,2124,4000,0.531,15.1,85,62,38.8,21,6,Weather Disruption,Medium
2025-01-12 21:40:00,Emergency Exit,320,600,0.533,13.9,60,74,28.2,21,6,Peak Hour,Low
2025-01-12 21:50:00,Parking Area,1066,1500,0.711,21.5,102,89,31.2,21,6,Special Event,High
2025-01-12 22:00:00,Parking Area,869,1500,0.579,16.9,66,66,41.8,22,6,Weather Disruption,Medium
2025-01-12 22:10:00,Food Court,839,1200,0.699,23.9,82,71,28.0,22,6,Special Event,High
2025-01-12 22:20:00,Gate A,132,1000,0.132,3.6,36,35,24.4,22,6,Normal Day,Low
2025-01-12 22:30:00,Main Hall,1590,4000,0.398,13.6,69,87,33.3,22,6,Weather Disruption,Low
2025-01-12 22:40:00,Emergency Exit,292,600,0.487,11.0,58,52,26.2,22,6,Peak Hour,Low
2025-01-12 22:50:00,Main Hall,593,4000,0.148,10.7,34,41,28.9,22,6,Maintenance Window,Low
2025-01-12 23:00:00,Parking Area,663,1500,0.442,14.8,50,41,24.4,23,6,Peak Hour,Medium
2025-01-12 23:10:00,Gate B,546,1000,0.546,19.2,88,90,28.2,23,6,Peak Hour,High
2025-01-12 23:20:00,Gate A,498,1000,0.498,17.7,104,97,33.4,23,6,Special Event,Medium
2025-01-12 23:30:00,Emergency Exit,322,600,0.537,19.6,64,59,27.2,23,6,Special Event,High
2025-01-12 23:40:00,Service Corridor,159,500,0.318,7.8,47,46,32.5,23,6,Normal Day,Low
2025-01-12 23:50:00,Gate A,54,1000,0.054,1.4,39,87,38.2,23,6,Normal Day,Low
2025-01-13 00:00:00,Emergency Exit,319,600,0.532,15.2,70,68,40.8,0,0,Weather Disruption,Medium
2025-01-13 00:10:00,Food Court,495,1200,0.412,10.3,89,65,35.2,0,0,Weather Disruption,Medium
2025-01-13 00:20:00,Gate A,367,1000,0.367,5.6,65,63,33.9,0,0,Peak Hour,Medium
2025-01-13 00:30:00,Emergency Exit,265,600,0.442,11.0,98,96,34.7,0,0,Weather Disruption,Medium
2025-01-13 00:40:00,Service Corridor,107,500,0.214,8.0,55,50,23.7,0,0,Normal Day,Low
2025-01-13 00:50:00,Main Hall,874,4000,0.218,7.1,29,37,37.0,0,0,Maintenance Window,Low
2025-01-13 01:00:00,Emergency Exit,343,600,0.572,14.3,82,69,23.4,1,0,Peak Hour,Medium
2025-01-13 01:10:00,Main Hall,1120,4000,0.28,6.6,39,65,40.4,1,0,Maintenance Window,Low
2025-01-13 01:20:00,Food Court,321,1200,0.268,8.4,42,30,21.4,1,0,Maintenance Window,Low
2025-01-13 01:30:00,Prayer Area,393,800,0.491,16.0,82,76,32.6,1,0,Peak Hour,Medium
2025-01-13 01:40:00,Gate A,422,1000,0.422,13.7,45,49,28.9,1,0,Maintenance Window,Low
2025-01-13 01:50:00,Parking Area,595,1500,0.397,12.3,64,56,32.9,1,0,Peak Hour,Low
2025-01-13 02:00:00,Main Hall,2075,4000,0.519,15.8,61,77,31.0,2,0,Weather Disruption,High
2025-01-13 02:10:00,Gate A,316,1000,0.316,11.5,80,57,26.3,2,0,Special Event,Medium
2025-01-13 02:20:00,Parking Area,549,1500,0.366,15.9,84,58,24.4,2,0,Special Event,Medium
2025-01-13 02:30:00,Prayer Area,484,800,0.605,15.6,89,55,26.9,2,0,Special Event,High
2025-01-13 02:40:00,Gate B,544,1000,0.544,13.6,80,83,21.7,2,0,Peak Hour,Medium
2025-01-13 02:50:00,Service Corridor,80,500,0.16,8.3,34,13,36.6,2,0,Normal Day,Low
2025-01-13 03:00:00,Gate B,63,1000,0.063,7.2,26,54,33.1,3,0,Maintenance Window,Low
2025-01-13 03:10:00,Gate B,691,1000,0.691,15.4,120,109,25.9,3,0,Special Event,High
2025-01-13 03:20:00,Food Court,728,1200,0.607,19.0,91,78,22.5,3,0,Special Event,High
2025-01-13 03:30:00,Prayer Area,585,800,0.731,14.7,85,95,28.8,3,0,Peak Hour,Medium
2025-01-13 03:40:00,Prayer Area,323,800,0.404,7.4,66,38,30.6,3,0,Peak Hour,Low
2025-01-13 03:50:00,Main Hall,1021,4000,0.255,9.5,38,20,30.4,3,0,Normal Day,Low
2025-01-13 04:00:00,Parking Area,733,1500,0.489,14.4,48,38,28.0,4,0,Peak Hour,Low
2025-01-13 04:10:00,Gate B,513,1000,0.513,18.3,96,64,27.4,4,0,Peak Hour,Medium
2025-01-13 04:20:00,Gate A,279,1000,0.279,10.4,47,38,36.8,4,0,Maintenance Window,Low
2025-01-13 04:30:00,Gate A,662,1000,0.662,22.3,93,96,26.9,4,0,Special Event,High
2025-01-13 04:40:00,Gate B,457,1000,0.457,16.5,83,54,29.6,4,0,Peak Hour,Medium
2025-01-13 04:50:00,Gate B,564,1000,0.564,15.3,66,69,30.1,4,0,Normal Day,Medium
2025-01-13 05:00:00,Parking Area,923,1500,0.615,16.7,67,88,38.5,5,0,Weather Disruption,High
2025-01-13 05:10:00,Parking Area,594,1500,0.396,16.5,62,56,27.1,5,0,Peak Hour,Low
2025-01-13 05:20:00,Parking Area,1197,1500,0.798,20.9,92,97,46.7,5,0,Weather Disruption,High
2025-01-13 05:30:00,Parking Area,1003,1500,0.669,11.7,94,113,26.7,5,0,Special Event,High
2025-01-13 05:40:00,Gate A,286,1000,0.286,10.7,13,0,34.5,5,0,Maintenance Window,Low
2025-01-13 05:50:00,Service Corridor,151,500,0.302,17.2,33,63,30.7,5,0,Maintenance Window,Medium
2025-01-13 06:00:00,Service Corridor,326,500,0.652,17.2,84,110,39.9,6,0,Weather Disruption,High
2025-01-13 06:10:00,Service Corridor,153,500,0.306,10.8,47,46,25.2,6,0,Normal Day,Low
2025-01-13 06:20:00,Emergency Exit,291,600,0.485,14.7,57,69,25.9,6,0,Maintenance Window,Medium
2025-01-13 06:30:00,Service Corridor,429,500,0.858,25.6,118,105,30.9,6,0,Special Event,High
2025-01-13 06:40:00,Main Hall,1870,4000,0.468,15.0,71,67,44.5,6,0,Weather Disruption,Medium
2025-01-13 06:50:00,Food Court,492,1200,0.41,8.8,15,32,30.8,6,0,Maintenance Window,Low
2025-01-13 07:00:00,Food Court,879,1200,0.733,16.6,98,60,31.5,7,0,Special Event,High
2025-01-13 07:10:00,Food Court,843,1200,0.703,20.6,91,89,38.9,7,0,Weather Disruption,High
2025-01-13 07:20:00,Main Hall,2070,4000,0.517,15.8,65,45,28.4,7,0,Normal Day,Low
2025-01-13 07:30:00,Parking Area,846,1500,0.564,13.6,90,65,25.4,7,0,Peak Hour,Medium
2025-01-13 07:40:00,Gate B,526,1000,0.526,18.1,53,51,26.8,7,0,Normal Day,Medium
2025-01-13 07:50:00,Main Hall,1160,4000,0.29,12.2,57,67,39.0,7,0,Maintenance Window,Low
2025-01-13 08:00:00,Food Court,984,1200,0.82,19.7,84,56,33.5,8,0,Weather Disruption,High
2025-01-13 08:10:00,Gate A,740,1000,0.74,20.5,108,103,21.9,8,0,Peak Hour,High
2025-01-13 08:20:00,Food Court,1145,1200,0.954,24.9,114,84,29.1,8,0,Special Event,High
2025-01-13 08:30:00,Gate B,243,1000,0.243,9.2,20,0,28.3,8,0,Maintenance Window,Low
2025-01-13 08:40:00,Gate B,808,1000,0.808,15.4,98,84,26.7,8,0,Peak Hour,High
2025-01-13 08:50:00,Gate A,838,1000,0.838,23.4,125,102,25.7,8,0,Special Event,High
2025-01-13 09:00:00,Service Corridor,315,500,0.63,19.6,71,78,35.2,9,0,Weather Disruption,High
2025-01-13 09:10:00,Parking Area,997,1500,0.665,20.1,112,107,23.3,9,0,Peak Hour,Medium
2025-01-13 09:20:00,Food Court,489,1200,0.407,13.6,25,10,25.9,9,0,Maintenance Window,Low
2025-01-13 09:30:00,Food Court,799,1200,0.666,15.7,65,79,37.8,9,0,Weather Disruption,Medium
2025-01-13 09:40:00,Emergency Exit,243,600,0.405,13.8,92,106,29.5,9,0,Normal Day,Low
2025-01-13 09:50:00,Parking Area,1299,1500,0.866,25.1,83,108,38.1,9,0,Weather Disruption,High
2025-01-13 10:00:00,Food Court,1018,1200,0.848,19.8,91,92,27.5,10,0,Peak Hour,High
2025-01-13 10:10:00,Service Corridor,307,500,0.614,18.4,42,40,34.7,10,0,Normal Day,Medium
2025-01-13 10:20:00,Food Court,1270,1200,1.058,33.7,105,98,31.3,10,0,Special Event,High
2025-01-13 10:30:00,Gate A,816,1000,0.816,20.9,67,56,34.5,10,0,Peak Hour,High
2025-01-13 10:40:00,Food Court,1104,1200,0.92,26.0,91,84,35.6,10,0,Weather Disruption,High
2025-01-13 10:50:00,Emergency Exit,323,600,0.538,21.0,65,52,22.8,10,0,Normal Day,Medium
2025-01-13 11:00:00,Emergency Exit,233,600,0.388,14.2,40,54,22.0,11,0,Maintenance Window,Medium
2025-01-13 11:10:00,Service Corridor,464,500,0.928,23.6,91,91,39.3,11,0,Weather Disruption,High
2025-01-13 11:20:00,Prayer Area,801,800,1.001,27.0,121,128,43.4,11,0,Weather Disruption,High
2025-01-13 11:30:00,Gate B,557,1000,0.557,17.8,57,67,34.3,11,0,Normal Day,Medium
2025-01-13 11:40:00,Gate B,1034,1000,1.034,25.9,85,69,36.3,11,0,Weather Disruption,High
2025-01-13 11:50:00,Emergency Exit,607,600,1.012,27.9,144,137,35.6,11,0,Special Event,High
2025-01-13 12:00:00,Gate B,884,1000,0.884,23.8,101,73,27.9,12,0,Peak Hour,High
2025-01-13 12:10:00,Gate B,1112,1000,1.112,24.9,113,70,30.4,12,0,Special Event,High
2025-01-13 12:20:00,Food Court,538,1200,0.448,15.1,49,29,28.7,12,0,Maintenance Window,Medium
2025-01-13 12:30:00,Parking Area,1301,1500,0.867,24.7,107,87,35.7,12,0,Peak Hour,High
2025-01-13 12:40:00,Parking Area,712,1500,0.475,21.5,37,77,33.8,12,0,Maintenance Window,Medium
2025-01-13 12:50:00,Prayer Area,753,800,0.941,29.0,77,77,27.3,12,0,Weather Disruption,High
2025-01-13 13:00:00,Gate A,1068,1000,1.068,36.3,142,94,32.8,13,0,Special Event,High
2025-01-13 13:10:00,Service Corridor,278,500,0.556,17.1,38,21,30.9,13,0,Normal Day,Medium
2025-01-13 13:20:00,Gate B,797,1000,0.797,21.3,105,87,38.1,13,0,Peak Hour,High
2025-01-13 13:30:00,Emergency Exit,224,600,0.373,14.0,31,67,21.5,13,0,Maintenance Window,Medium
2025-01-13 13:40:00,Prayer Area,386,800,0.482,18.6,60,49,33.0,13,0,Maintenance Window,High
2025-01-13 13:50:00,Food Court,804,1200,0.67,19.9,48,34,28.9,13,0,Maintenance Window,Medium
2025-01-13 14:00:00,Main Hall,1497,4000,0.374,9.0,54,52,26.8,14,0,Maintenance Window,Low
2025-01-13 14:10:00,Service Corridor,537,500,1.074,25.5,118,99,24.3,14,0,Special Event,High
2025-01-13 14:20:00,Gate B,880,1000,0.88,22.7,101,88,33.3,14,0,Weather Disruption,High
2025-01-13 14:30:00,Prayer Area,340,800,0.425,12.5,68,66,41.2,14,0,Maintenance Window,Low
2025-01-13 14:40:00,Food Court,1019,1200,0.849,21.9,81,115,31.6,14,0,Peak Hour,High
2025-01-13 14:50:00,Service Corridor,168,500,0.336,14.5,16,0,28.8,14,0,Maintenance Window,Medium
2025-01-13 15:00:00,Gate B,828,1000,0.828,22.3,108,84,41.7,15,0,Weather Disruption,High
2025-01-13 15:10:00,Gate B,402,1000,0.402,12.9,50,34,23.6,15,0,Normal Day,Low
2025-01-13 15:20:00,Gate B,743,1000,0.743,19.4,61,45,35.1,15,0,Peak Hour,High
2025-01-13 15:30:00,Gate B,1030,1000,1.03,27.4,102,115,40.3,15,0,Special Event,High
2025-01-13 15:40:00,Service Corridor,376,500,0.752,16.8,79,63,41.6,15,0,Peak Hour,High
2025-01-13 15:50:00,Food Court,1098,1200,0.915,27.6,125,97,20.6,15,0,Special Event,High
2025-01-13 16:00:00,Gate B,870,1000,0.87,23.3,122,138,29.8,16,0,Peak Hour,High
2025-01-13 16:10:00,Service Corridor,166,500,0.332,6.8,18,0,35.4,16,0,Maintenance Window,Low
2025-01-13 16:20:00,Main Hall,1539,4000,0.385,17.7,45,19,36.4,16,0,Normal Day,Medium
2025-01-13 16:30:00,Main Hall,1730,4000,0.432,10.8,51,55,28.2,16,0,Normal Day,Low
2025-01-13 16:40:00,Service Corridor,278,500,0.556,15.6,53,38,26.9,16,0,Normal Day,Medium
2025-01-13 16:50:00,Emergency Exit,492,600,0.82,22.2,92,83,36.2,16,0,Weather Disruption,High
2025-01-13 17:00:00,Gate A,381,1000,0.381,13.8,75,83,20.4,17,0,Maintenance Window,Medium
2025-01-13 17:10:00,Food Court,700,1200,0.583,21.2,43,58,27.0,17,0,Maintenance Window,Medium
2025-01-13 17:20:00,Gate A,1032,1000,1.032,29.4,116,143,28.2,17,0,Special Event,High
2025-01-13 17:30:00,Parking Area,778,1500,0.519,15.2,51,43,27.7,17,0,Maintenance Window,Low
2025-01-13 17:40:00,Emergency Exit,198,600,0.33,12.6,46,40,22.7,17,0,Maintenance Window,Low
2025-01-13 17:50:00,Emergency Exit,311,600,0.518,19.4,38,40,25.9,17,0,Maintenance Window,Low
2025-01-13 18:00:00,Prayer Area,451,800,0.564,18.9,44,40,33.7,18,0,Normal Day,Medium
2025-01-13 18:10:00,Prayer Area,290,800,0.362,13.1,46,36,27.2,18,0,Maintenance Window,Low
2025-01-13 18:20:00,Service Corridor,150,500,0.3,13.0,19,24,33.9,18,0,Maintenance Window,Low
2025-01-13 18:30:00,Prayer Area,820,800,1.025,28.2,86,84,26.3,18,0,Special Event,High
2025-01-13 18:40:00,Main Hall,1234,4000,0.308,9.2,40,31,28.9,18,0,Maintenance Window,Low
2025-01-13 18:50:00,Gate B,426,1000,0.426,8.5,67,67,30.8,18,0,Normal Day,Low
2025-01-13 19:00:00,Main Hall,2861,4000,0.715,18.9,100,107,40.5,19,0,Weather Disruption,High
2025-01-13 19:10:00,Food Court,844,1200,0.703,18.1,78,65,26.2,19,0,Peak Hour,Medium
2025-01-13 19:20:00,Gate A,570,1000,0.57,22.5,86,107,32.0,19,0,Special Event,High
2025-01-13 19:30:00,Gate A,370,1000,0.37,17.8,74,82,24.3,19,0,Normal Day,Low
2025-01-13 19:40:00,Gate A,523,1000,0.523,20.4,59,56,37.7,19,0,Normal Day,Low
2025-01-13 19:50:00,Food Court,412,1200,0.343,9.0,32,20,37.1,19,0,Maintenance Window,Medium
2025-01-13 20:00:00,Parking Area,457,1500,0.305,8.9,48,40,29.5,20,0,Normal Day,Low
2025-01-13 20:10:00,Main Hall,2668,4000,0.667,18.1,95,72,33.8,20,0,Special Event,Medium
2025-01-13 20:20:00,Food Court,847,1200,0.706,21.4,112,82,25.4,20,0,Special Event,High
2025-01-13 20:30:00,Emergency Exit,464,600,0.773,19.3,113,53,28.1,20,0,Special Event,High
2025-01-13 20:40:00,Prayer Area,130,800,0.163,5.6,0,0,35.3,20,0,Maintenance Window,Low
2025-01-13 20:50:00,Parking Area,30,1500,0.02,0.0,46,59,23.5,20,0,Maintenance Window,Low
2025-01-13 21:00:00,Food Court,199,1200,0.166,1.6,40,52,33.0,21,0,Normal Day,Low
2025-01-13 21:10:00,Gate A,522,1000,0.522,14.7,79,63,26.7,21,0,Peak Hour,Low
2025-01-13 21:20:00,Prayer Area,224,800,0.28,5.7,46,40,27.9,21,0,Maintenance Window,Low
2025-01-13 21:30:00,Food Court,256,1200,0.213,5.4,61,60,29.3,21,0,Normal Day,Low
2025-01-13 21:40:00,Gate B,576,1000,0.576,17.6,73,66,26.2,21,0,Special Event,High
2025-01-13 21:50:00,Service Corridor,265,500,0.53,10.8,75,57,37.8,21,0,Weather Disruption,Low
2025-01-13 22:00:00,Main Hall,2491,4000,0.623,18.8,79,50,24.6,22,0,Peak Hour,High
2025-01-13 22:10:00,Main Hall,1638,4000,0.409,12.4,45,22,28.2,22,0,Maintenance Window,Low
2025-01-13 22:20:00,Parking Area,248,1500,0.165,8.6,57,62,35.7,22,0,Maintenance Window,Low
2025-01-13 22:30:00,Gate A,374,1000,0.374,11.6,67,80,42.0,22,0,Weather Disruption,Medium
2025-01-13 22:40:00,Emergency Exit,93,600,0.155,10.1,49,63,30.7,22,0,Maintenance Window,Low
2025-01-13 22:50:00,Gate A,311,1000,0.311,11.7,28,37,23.8,22,0,Normal Day,Low
2025-01-13 23:00:00,Parking Area,554,1500,0.369,12.4,75,48,32.8,23,0,Peak Hour,Low
2025-01-13 23:10:00,Gate B,548,1000,0.548,12.5,80,88,28.0,23,0,Special Event,Medium
2025-01-13 23:20:00,Service Corridor,112,500,0.224,10.9,58,65,42.0,23,0,Normal Day,Low
2025-01-13 23:30:00,Main Hall,731,4000,0.183,14.8,62,88,26.0,23,0,Maintenance Window,Low
2025-01-13 23:40:00,Main Hall,722,4000,0.18,12.4,39,38,33.9,23,0,Normal Day,Low
2025-01-13 23:50:00,Emergency Exit,195,600,0.325,10.3,64,42,31.1,23,0,Peak Hour,Low
2025-01-14 00:00:00,Prayer Area,477,800,0.596,14.5,107,87,27.6,0,1,Special Event,Medium
2025-01-14 00:10:00,Gate B,434,1000,0.434,13.4,28,45,27.6,0,1,Maintenance Window,Low
2025-01-14 00:20:00,Main Hall,2822,4000,0.706,17.8,122,84,28.5,0,1,Special Event,High
2025-01-14 00:30:00,Emergency Exit,289,600,0.482,13.8,51,87,22.4,0,1,Maintenance Window,Low
2025-01-14 00:40:00,Gate A,307,1000,0.307,5.9,49,60,40.1,0,1,Maintenance Window,Low
2025-01-14 00:50:00,Prayer Area,466,800,0.583,18.4,72,54,35.2,0,1,Weather Disruption,High
2025-01-14 01:00:00,Prayer Area,161,800,0.201,7.8,68,67,38.1,1,1,Peak Hour,Low
2025-01-14 01:10:00,Parking Area,514,1500,0.343,13.6,74,78,37.0,1,1,Special Event,Low
2025-01-14 01:20:00,Service Corridor,358,500,0.716,22.8,70,44,23.6,1,1,Special Event,High
2025-01-14 01:30:00,Main Hall,535,4000,0.134,6.0,77,68,30.7,1,1,Peak Hour,Low
2025-01-14 01:40:00,Gate A,425,1000,0.425,13.5,82,98,38.4,1,1,Weather Disruption,Medium
2025-01-14 01:50:00,Main Hall,1552,4000,0.388,14.0,91,86,23.7,1,1,Special Event,Medium
2025-01-14 02:00:00,Main Hall,1014,4000,0.254,6.8,62,45,41.3,2,1,Normal Day,Low
2025-01-14 02:10:00,Service Corridor,229,500,0.458,18.8,67,57,34.0,2,1,Peak Hour,Medium
2025-01-14 02:20:00,Gate A,530,1000,0.53,15.9,113,83,32.9,2,1,Special Event,High
2025-01-14 02:30:00,Prayer Area,238,800,0.297,8.2,43,47,29.5,2,1,Normal Day,Low
2025-01-14 02:40:00,Prayer Area,258,800,0.323,8.8,36,73,25.0,2,1,Normal Day,Low
2025-01-14 02:50:00,Emergency Exit,330,600,0.55,13.1,83,60,26.5,2,1,Special Event,High
2025-01-14 03:00:00,Gate A,246,1000,0.246,9.7,55,51,34.5,3,1,Normal Day,Low
2025-01-14 03:10:00,Service Corridor,257,500,0.514,15.2,70,37,21.7,3,1,Peak Hour,Medium
2025-01-14 03:20:00,Gate A,517,1000,0.517,10.7,80,61,28.3,3,1,Special Event,Medium
2025-01-14 03:30:00,Service Corridor,229,500,0.458,20.1,29,15,33.5,3,1,Normal Day,Medium
2025-01-14 03:40:00,Main Hall,2163,4000,0.541,20.6,97,101,27.9,3,1,Peak Hour,Medium
2025-01-14 03:50:00,Prayer Area,240,800,0.3,15.0,79,76,44.5,3,1,Weather Disruption,Low
2025-01-14 04:00:00,Gate B,645,1000,0.645,14.4,78,85,39.9,4,1,Weather Disruption,High
2025-01-14 04:10:00,Main Hall,2363,4000,0.591,14.6,84,61,45.8,4,1,Weather Disruption,Medium
2025-01-14 04:20:00,Gate A,179,1000,0.179,5.7,43,35,35.7,4,1,Normal Day,Low
2025-01-14 04:30:00,Gate A,321,1000,0.321,14.7,62,44,26.6,4,1,Normal Day,Low
2025-01-14 04:40:00,Parking Area,845,1500,0.563,18.6,82,93,32.6,4,1,Special Event,Medium
2025-01-14 04:50:00,Main Hall,1987,4000,0.497,15.4,76,43,23.0,4,1,Peak Hour,Medium
2025-01-14 05:00:00,Prayer Area,240,800,0.3,11.4,30,34,42.7,5,1,Maintenance Window,Low
2025-01-14 05:10:00,Parking Area,769,1500,0.513,6.7,92,110,35.3,5,1,Weather Disruption,Low
2025-01-14 05:20:00,Gate A,423,1000,0.423,13.0,63,67,34.8,5,1,Normal Day,Low
2025-01-14 05:30:00,Gate B,505,1000,0.505,11.4,88,94,39.4,5,1,Special Event,Medium
2025-01-14 05:40:00,Prayer Area,42,800,0.052,7.7,21,75,26.3,5,1,Maintenance Window,Low
2025-01-14 05:50:00,Prayer Area,131,800,0.164,8.3,46,44,34.2,5,1,Maintenance Window,Low
2025-01-14 06:00:00,Service Corridor,201,500,0.402,9.3,50,55,20.6,6,1,Normal Day,Low
2025-01-14 06:10:00,Gate A,249,1000,0.249,8.5,41,77,31.1,6,1,Normal Day,Low
2025-01-14 06:20:00,Service Corridor,45,500,0.09,8.0,21,16,24.7,6,1,Maintenance Window,Low
2025-01-14 06:30:00,Service Corridor,393,500,0.786,26.1,117,62,24.0,6,1,Peak Hour,High
2025-01-14 06:40:00,Gate A,744,1000,0.744,18.9,100,91,22.6,6,1,Special Event,High
2025-01-14 06:50:00,Parking Area,688,1500,0.459,14.0,34,0,34.8,6,1,Maintenance Window,Low
2025-01-14 07:00:00,Service Corridor,239,500,0.478,10.2,60,58,32.0,7,1,Weather Disruption,Medium
2025-01-14 07:10:00,Gate B,706,1000,0.706,14.4,66,72,24.8,7,1,Normal Day,Medium
2025-01-14 07:20:00,Gate B,744,1000,0.744,24.5,57,33,37.4,7,1,Peak Hour,High
2025-01-14 07:30:00,Main Hall,2351,4000,0.588,11.2,71,93,26.7,7,1,Normal Day,Medium
2025-01-14 07:40:00,Emergency Exit,381,600,0.635,19.1,88,95,32.7,7,1,Special Event,High
2025-01-14 07:50:00,Food Court,1015,1200,0.846,20.1,91,86,28.2,7,1,Peak Hour,High
2025-01-14 08:00:00,Prayer Area,527,800,0.659,11.8,89,39,25.0,8,1,Peak Hour,Medium
2025-01-14 08:10:00,Service Corridor,508,500,1.016,25.7,110,69,26.7,8,1,Special Event,High
2025-01-14 08:20:00,Food Court,559,1200,0.466,17.1,42,10,26.2,8,1,Maintenance Window,Medium
2025-01-14 08:30:00,Prayer Area,671,800,0.839,22.7,143,112,30.0,8,1,Special Event,High
2025-01-14 08:40:00,Food Court,1285,1200,1.071,30.0,136,107,28.5,8,1,Special Event,High
2025-01-14 08:50:00,Emergency Exit,312,600,0.52,16.8,72,77,32.0,8,1,Peak Hour,Low
2025-01-14 09:00:00,Gate B,1048,1000,1.048,28.1,124,132,32.1,9,1,Special Event,High
2025-01-14 09:10:00,Service Corridor,551,500,1.102,31.0,107,98,31.3,9,1,Peak Hour,High
2025-01-14 09:20:00,Service Corridor,372,500,0.744,23.8,87,47,29.1,9,1,Peak Hour,High
2025-01-14 09:30:00,Emergency Exit,240,600,0.4,9.7,66,88,37.9,9,1,Maintenance Window,Low
2025-01-14 09:40:00,Main Hall,1894,4000,0.473,12.7,48,47,22.7,9,1,Maintenance Window,Low
2025-01-14 09:50:00,Main Hall,1885,4000,0.471,15.5,73,61,28.3,9,1,Normal Day,Low
2025-01-14 10:00:00,Gate A,995,1000,0.995,25.3,122,109,24.7,10,1,Special Event,High
2025-01-14 10:10:00,Parking Area,620,1500,0.413,16.8,57,57,31.8,10,1,Normal Day,Low
2025-01-14 10:20:00,Parking Area,1251,1500,0.834,21.3,58,70,36.1,10,1,Weather Disruption,High
2025-01-14 10:30:00,Gate A,480,1000,0.48,17.6,58,63,29.3,10,1,Normal Day,Medium
2025-01-14 10:40:00,Prayer Area,386,800,0.482,10.9,66,58,27.6,10,1,Normal Day,Low
2025-01-14 10:50:00,Gate B,916,1000,0.916,17.4,117,61,34.3,10,1,Special Event,High
2025-01-14 11:00:00,Parking Area,858,1500,0.572,16.5,74,69,18.2,11,1,Maintenance Window,Medium
2025-01-14 11:10:00,Food Court,1147,1200,0.956,23.5,103,105,29.6,11,1,Peak Hour,High
2025-01-14 11:20:00,Gate A,1214,1000,1.214,33.0,111,86,35.1,11,1,Special Event,High
2025-01-14 11:30:00,Service Corridor,318,500,0.636,20.0,85,88,39.8,11,1,Weather Disruption,High
2025-01-14 11:40:00,Emergency Exit,303,600,0.505,13.7,88,108,25.2,11,1,Normal Day,Medium
2025-01-14 11:50:00,Food Court,1075,1200,0.896,26.4,66,51,27.1,11,1,Peak Hour,High
2025-01-14 12:00:00,Emergency Exit,498,600,0.83,21.9,105,115,38.2,12,1,Weather Disruption,High
2025-01-14 12:10:00,Parking Area,1381,1500,0.921,22.7,68,31,27.7,12,1,Peak Hour,High
2025-01-14 12:20:00,Prayer Area,465,800,0.581,15.1,45,58,36.8,12,1,Normal Day,Low
2025-01-14 12:30:00,Parking Area,467,1500,0.311,6.4,39,61,26.1,12,1,Normal Day,Low
2025-01-14 12:40:00,Emergency Exit,254,600,0.423,11.0,74,72,30.6,12,1,Maintenance Window,Low
2025-01-14 12:50:00,Emergency Exit,628,600,1.047,32.0,90,96,32.7,12,1,Peak Hour,High
2025-01-14 13:00:00,Emergency Exit,236,600,0.393,15.5,58,89,31.0,13,1,Maintenance Window,Low
2025-01-14 13:10:00,Parking Area,1048,1500,0.699,18.2,71,75,23.4,13,1,Peak Hour,Medium
2025-01-14 13:20:00,Prayer Area,781,800,0.976,23.6,101,109,42.5,13,1,Weather Disruption,High
2025-01-14 13:30:00,Main Hall,851,4000,0.213,8.0,36,42,26.3,13,1,Maintenance Window,Low
2025-01-14 13:40:00,Emergency Exit,433,600,0.722,18.5,113,130,43.2,13,1,Weather Disruption,High
2025-01-14 13:50:00,Gate B,751,1000,0.751,21.1,83,78,36.2,13,1,Weather Disruption,High
2025-01-14 14:00:00,Gate B,1003,1000,1.003,21.5,105,114,29.1,14,1,Peak Hour,High
2025-01-14 14:10:00,Main Hall,1151,4000,0.288,10.3,23,0,29.2,14,1,Maintenance Window,Low
2025-01-14 14:20:00,Main Hall,2622,4000,0.655,24.0,63,84,32.0,14,1,Normal Day,Medium
2025-01-14 14:30:00,Gate A,1065,1000,1.065,24.3,123,114,25.1,14,1,Peak Hour,High
2025-01-14 14:40:00,Service Corridor,498,500,0.996,24.4,85,91,37.2,14,1,Weather Disruption,High
2025-01-14 14:50:00,Emergency Exit,121,600,0.202,9.8,33,35,31.2,14,1,Maintenance Window,Low
2025-01-14 15:00:00,Main Hall,2754,4000,0.689,19.0,76,49,37.5,15,1,Weather Disruption,High
2025-01-14 15:10:00,Emergency Exit,231,600,0.385,12.3,47,32,22.9,15,1,Maintenance Window,Low
2025-01-14 15:20:00,Emergency Exit,162,600,0.27,8.4,70,60,31.7,15,1,Maintenance Window,Low
2025-01-14 15:30:00,Food Court,275,1200,0.229,6.9,41,77,26.2,15,1,Maintenance Window,Low
2025-01-14 15:40:00,Gate B,574,1000,0.574,18.7,46,38,31.1,15,1,Normal Day,Medium
2025-01-14 15:50:00,Prayer Area,816,800,1.02,23.4,142,123,35.4,15,1,Special Event,High
2025-01-14 16:00:00,Emergency Exit,364,600,0.607,10.9,103,88,31.0,16,1,Peak Hour,Medium
2025-01-14 16:10:00,Parking Area,742,1500,0.495,20.1,38,51,31.0,16,1,Maintenance Window,Medium
2025-01-14 16:20:00,Emergency Exit,439,600,0.732,23.8,95,80,36.9,16,1,Peak Hour,High
2025-01-14 16:30:00,Food Court,765,1200,0.637,21.8,79,12,32.2,16,1,Normal Day,High
2025-01-14 16:40:00,Emergency Exit,516,600,0.86,23.7,104,83,37.5,16,1,Peak Hour,High
2025-01-14 16:50:00,Parking Area,1191,1500,0.794,24.9,103,106,43.0,16,1,Weather Disruption,High
2025-01-14 17:00:00,Gate B,473,1000,0.473,12.5,81,47,33.2,17,1,Maintenance Window,Low
2025-01-14 17:10:00,Emergency Exit,428,600,0.713,17.3,80,71,36.5,17,1,Weather Disruption,High
2025-01-14 17:20:00,Main Hall,3727,4000,0.932,25.7,95,50,31.6,17,1,Special Event,High
2025-01-14 17:30:00,Main Hall,3001,4000,0.75,25.2,100,153,50.0,17,1,Weather Disruption,High
2025-01-14 17:40:00,Parking Area,1025,1500,0.683,20.5,82,98,36.6,17,1,Weather Disruption,High
2025-01-14 17:50:00,Parking Area,1313,1500,0.875,25.8,101,80,32.9,17,1,Special Event,High
2025-01-14 18:00:00,Parking Area,1076,1500,0.717,16.4,106,97,25.7,18,1,Special Event,High
2025-01-14 18:10:00,Parking Area,359,1500,0.239,13.7,1,20,25.7,18,1,Maintenance Window,Low
2025-01-14 18:20:00,Prayer Area,655,800,0.819,19.6,103,120,29.5,18,1,Special Event,High
2025-01-14 18:30:00,Emergency Exit,604,600,1.007,21.3,109,83,37.7,18,1,Special Event,High
2025-01-14 18:40:00,Gate A,670,1000,0.67,15.7,114,111,28.5,18,1,Special Event,High
2025-01-14 18:50:00,Gate B,692,1000,0.692,20.6,106,85,32.0,18,1,Special Event,High
2025-01-14 19:00:00,Emergency Exit,125,600,0.208,10.4,59,67,33.0,19,1,Normal Day,Low
2025-01-14 19:10:00,Gate B,377,1000,0.377,8.9,63,36,31.4,19,1,Normal Day,Low
2025-01-14 19:20:00,Prayer Area,312,800,0.39,10.5,59,62,26.9,19,1,Normal Day,Low
2025-01-14 19:30:00,Prayer Area,356,800,0.445,18.0,74,88,28.5,19,1,Normal Day,Low
2025-01-14 19:40:00,Service Corridor,250,500,0.5,16.1,4,19,34.7,19,1,Normal Day,Low
2025-01-14 19:50:00,Emergency Exit,415,600,0.692,17.2,106,67,29.7,19,1,Peak Hour,High
2025-01-14 20:00:00,Main Hall,1495,4000,0.374,16.2,69,85,21.5,20,1,Normal Day,Low
2025-01-14 20:10:00,Gate A,685,1000,0.685,17.6,129,111,32.7,20,1,Special Event,High
2025-01-14 20:20:00,Service Corridor,324,500,0.648,15.4,52,37,37.8,20,1,Normal Day,Medium
2025-01-14 20:30:00,Food Court,280,1200,0.233,13.3,50,77,29.7,20,1,Normal Day,Low
2025-01-14 20:40:00,Food Court,540,1200,0.45,13.5,56,67,41.8,20,1,Weather Disruption,Medium
2025-01-14 20:50:00,Emergency Exit,193,600,0.322,15.7,62,90,37.3,20,1,Normal Day,Low
2025-01-14 21:00:00,Prayer Area,321,800,0.401,9.4,35,13,29.5,21,1,Normal Day,Low
2025-01-14 21:10:00,Parking Area,976,1500,0.651,18.0,117,135,32.3,21,1,Special Event,High
2025-01-14 21:20:00,Service Corridor,120,500,0.24,8.6,24,16,29.1,21,1,Maintenance Window,Low
2025-01-14 21:30:00,Service Corridor,425,500,0.85,24.7,113,90,24.8,21,1,Special Event,High
2025-01-14 21:40:00,Parking Area,30,1500,0.02,1.4,60,69,28.1,21,1,Normal Day,Low
2025-01-14 21:50:00,Service Corridor,257,500,0.514,19.1,74,45,35.9,21,1,Weather Disruption,High
2025-01-14 22:00:00,Prayer Area,94,800,0.117,13.7,21,17,24.8,22,1,Normal Day,Low
2025-01-14 22:10:00,Parking Area,997,1500,0.665,22.5,94,61,32.4,22,1,Special Event,High
2025-01-14 22:20:00,Gate B,513,1000,0.513,14.9,81,65,35.4,22,1,Peak Hour,High
2025-01-14 22:30:00,Main Hall,1149,4000,0.287,11.1,37,52,32.2,22,1,Normal Day,Low
2025-01-14 22:40:00,Emergency Exit,270,600,0.45,11.0,79,87,42.8,22,1,Weather Disruption,Medium
2025-01-14 22:50:00,Parking Area,635,1500,0.423,13.3,82,78,31.5,22,1,Peak Hour,Low
2025-01-14 23:00:00,Prayer Area,301,800,0.376,19.7,86,52,30.9,23,1,Peak Hour,Medium
2025-01-14 23:10:00,Gate B,247,1000,0.247,6.3,74,46,30.8,23,1,Weather Disruption,Low
2025-01-14 23:20:00,Main Hall,520,4000,0.13,5.4,11,20,26.0,23,1,Maintenance Window,Low
2025-01-14 23:30:00,Food Court,636,1200,0.53,13.5,64,61,30.4,23,1,Special Event,Medium
2025-01-14 23:40:00,Parking Area,322,1500,0.215,10.2,38,69,33.5,23,1,Maintenance Window,Low
2025-01-14 23:50:00,Service Corridor,231,500,0.462,14.3,97,66,30.1,23,1,Peak Hour,Medium
2025-01-15 00:00:00,Prayer Area,132,800,0.165,2.5,0,37,31.5,0,2,Maintenance Window,Low
2025-01-15 00:10:00,Gate B,306,1000,0.306,9.7,54,31,27.5,0,2,Weather Disruption,Low
2025-01-15 00:20:00,Parking Area,358,1500,0.239,12.3,30,41,34.8,0,2,Normal Day,Low
2025-01-15 00:30:00,Parking Area,428,1500,0.285,9.0,65,102,37.2,0,2,Normal Day,Low
2025-01-15 00:40:00,Prayer Area,168,800,0.21,10.0,10,0,36.5,0,2,Maintenance Window,Low
2025-01-15 00:50:00,Gate B,77,1000,0.077,6.9,18,23,25.1,0,2,Maintenance Window,Low
2025-01-15 01:00:00,Emergency Exit,303,600,0.505,14.1,72,87,33.0,1,2,Peak Hour,Medium
2025-01-15 01:10:00,Prayer Area,175,800,0.219,10.0,28,27,27.1,1,2,Maintenance Window,Low
2025-01-15 01:20:00,Service Corridor,247,500,0.494,15.8,72,83,36.2,1,2,Weather Disruption,Medium
2025-01-15 01:30:00,Emergency Exit,379,600,0.632,16.4,89,72,27.2,1,2,Special Event,High
2025-01-15 01:40:00,Food Court,551,1200,0.459,11.3,89,64,26.7,1,2,Peak Hour,Medium
2025-01-15 01:50:00,Prayer Area,16,800,0.02,4.0,30,25,30.8,1,2,Maintenance Window,Low
2025-01-15 02:00:00,Gate B,363,1000,0.363,12.8,26,6,20.4,2,2,Peak Hour,Low
2025-01-15 02:10:00,Gate B,198,1000,0.198,8.0,48,50,28.9,2,2,Maintenance Window,Low
2025-01-15 02:20:00,Gate A,482,1000,0.482,14.2,70,90,36.3,2,2,Weather Disruption,Medium
2025-01-15 02:30:00,Main Hall,1584,4000,0.396,14.1,29,39,26.7,2,2,Maintenance Window,Low
2025-01-15 02:40:00,Emergency Exit,259,600,0.432,16.3,81,64,32.7,2,2,Weather Disruption,Medium
2025-01-15 02:50:00,Gate B,399,1000,0.399,17.6,88,63,26.4,2,2,Peak Hour,Medium
2025-01-15 03:00:00,Service Corridor,195,500,0.39,15.5,44,58,34.1,3,2,Maintenance Window,Low
2025-01-15 03:10:00,Emergency Exit,228,600,0.38,13.8,39,28,28.6,3,2,Normal Day,Low
2025-01-15 03:20:00,Emergency Exit,193,600,0.322,12.1,20,16,29.1,3,2,Maintenance Window,Low
2025-01-15 03:30:00,Food Court,382,1200,0.318,12.6,45,43,36.4,3,2,Weather Disruption,Low
2025-01-15 03:40:00,Gate A,707,1000,0.707,14.8,101,40,37.0,3,2,Peak Hour,Medium
2025-01-15 03:50:00,Gate B,469,1000,0.469,18.2,95,72,28.2,3,2,Peak Hour,Medium
2025-01-15 04:00:00,Main Hall,2556,4000,0.639,15.6,107,74,28.4,4,2,Special Event,High
2025-01-15 04:10:00,Gate B,631,1000,0.631,22.5,95,74,29.1,4,2,Special Event,High
2025-01-15 04:20:00,Food Court,466,1200,0.388,13.3,24,57,37.3,4,2,Normal Day,Low
2025-01-15 04:30:00,Gate B,552,1000,0.552,11.9,98,94,46.1,4,2,Weather Disruption,Medium
2025-01-15 04:40:00,Service Corridor,244,500,0.488,13.8,59,81,27.2,4,2,Normal Day,Low
2025-01-15 04:50:00,Emergency Exit,199,600,0.332,12.5,57,54,22.8,4,2,Maintenance Window,Low
2025-01-15 05:00:00,Prayer Area,511,800,0.639,18.5,85,63,34.0,5,2,Weather Disruption,High
2025-01-15 05:10:00,Service Corridor,139,500,0.278,6.4,39,35,40.2,5,2,Normal Day,Low
2025-01-15 05:20:00,Gate B,609,1000,0.609,18.2,65,62,36.0,5,2,Peak Hour,Medium
2025-01-15 05:30:00,Gate B,512,1000,0.512,10.3,74,83,33.5,5,2,Weather Disruption,High
2025-01-15 05:40:00,Service Corridor,270,500,0.54,10.6,80,96,34.5,5,2,Special Event,High
2025-01-15 05:50:00,Service Corridor,295,500,0.59,13.2,88,71,28.8,5,2,Peak Hour,High
2025-01-15 06:00:00,Main Hall,2258,4000,0.565,11.7,98,96,33.5,6,2,Normal Day,Medium
2025-01-15 06:10:00,Main Hall,3705,4000,0.926,27.0,99,71,30.2,6,2,Special Event,High
2025-01-15 06:20:00,Emergency Exit,328,600,0.547,20.2,88,91,41.0,6,2,Weather Disruption,Medium
2025-01-15 06:30:00,Service Corridor,431,500,0.862,26.3,111,120,34.3,6,2,Special Event,High
2025-01-15 06:40:00,Service Corridor,182,500,0.364,10.7,65,48,31.6,6,2,Maintenance Window,Low
2025-01-15 06:50:00,Gate A,250,1000,0.25,9.3,50,43,24.7,6,2,Maintenance Window,Low
2025-01-15 07:00:00,Parking Area,1530,1500,1.02,28.7,147,145,26.4,7,2,Special Event,High
2025-01-15 07:10:00,Food Court,462,1200,0.385,8.2,47,59,29.7,7,2,Normal Day,Low
2025-01-15 07:20:00,Gate B,595,1000,0.595,18.1,39,49,40.9,7,2,Maintenance Window,Medium
2025-01-15 07:30:00,Gate A,1217,1000,1.217,25.2,119,80,26.3,7,2,Special Event,High
2025-01-15 07:40:00,Gate A,331,1000,0.331,14.7,28,4,29.3,7,2,Maintenance Window,Low
2025-01-15 07:50:00,Main Hall,3027,4000,0.757,22.2,112,76,25.4,7,2,Special Event,High
2025-01-15 08:00:00,Emergency Exit,296,600,0.493,19.3,54,34,32.0,8,2,Normal Day,Medium
2025-01-15 08:10:00,Prayer Area,633,800,0.791,23.5,88,91,48.3,8,2,Weather Disruption,High
2025-01-15 08:20:00,Prayer Area,600,800,0.75,17.5,102,109,35.1,8,2,Weather Disruption,High
2025-01-15 08:30:00,Gate A,914,1000,0.914,26.2,99,83,26.6,8,2,Peak Hour,High
2025-01-15 08:40:00,Food Court,1052,1200,0.877,20.6,113,110,29.4,8,2,Special Event,High
2025-01-15 08:50:00,Parking Area,1424,1500,0.949,24.7,127,109,30.7,8,2,Special Event,High
2025-01-15 09:00:00,Parking Area,947,1500,0.631,11.7,81,94,26.3,9,2,Normal Day,Low
2025-01-15 09:10:00,Food Court,670,1200,0.558,15.9,52,42,30.7,9,2,Maintenance Window,Medium
2025-01-15 09:20:00,Parking Area,1577,1500,1.051,26.8,86,48,30.6,9,2,Peak Hour,High
2025-01-15 09:30:00,Main Hall,3315,4000,0.829,24.3,90,77,28.3,9,2,Special Event,High
2025-01-15 09:40:00,Main Hall,2490,4000,0.623,19.4,74,73,31.7,9,2,Maintenance Window,High
2025-01-15 09:50:00,Food Court,1010,1200,0.842,21.5,87,111,44.7,9,2,Weather Disruption,High
2025-01-15 10:00:00,Gate B,413,1000,0.413,15.6,38,54,32.7,10,2,Normal Day,Low
2025-01-15 10:10:00,Service Corridor,347,500,0.694,24.2,92,40,38.0,10,2,Peak Hour,High
2025-01-15 10:20:00,Service Corridor,377,500,0.754,15.9,126,90,23.7,10,2,Peak Hour,High
2025-01-15 10:30:00,Emergency Exit,451,600,0.752,23.5,97,75,30.1,10,2,Peak Hour,High
2025-01-15 10:40:00,Food Court,516,1200,0.43,11.7,44,33,35.2,10,2,Normal Day,Low
2025-01-15 10:50:00,Gate B,923,1000,0.923,23.8,142,102,29.2,10,2,Special Event,High
2025-01-15 11:00:00,Main Hall,1445,4000,0.361,15.4,49,66,32.9,11,2,Maintenance Window,Low
2025-01-15 11:10:00,Parking Area,1488,1500,0.992,32.8,113,106,42.2,11,2,Weather Disruption,High
2025-01-15 11:20:00,Parking Area,1163,1500,0.775,18.1,95,87,40.6,11,2,Weather Disruption,High
2025-01-15 11:30:00,Gate B,366,1000,0.366,14.4,53,58,39.8,11,2,Normal Day,Low
2025-01-15 11:40:00,Prayer Area,342,800,0.427,14.0,78,83,27.2,11,2,Maintenance Window,Medium
2025-01-15 11:50:00,Food Court,268,1200,0.223,6.7,18,0,28.2,11,2,Maintenance Window,Low
2025-01-15 12:00:00,Gate A,975,1000,0.975,27.2,85,88,37.0,12,2,Peak Hour,High
2025-01-15 12:10:00,Parking Area,1122,1500,0.748,23.6,116,104,27.0,12,2,Peak Hour,High
2025-01-15 12:20:00,Service Corridor,248,500,0.496,16.9,60,81,31.9,12,2,Normal Day,Low
2025-01-15 12:30:00,Main Hall,1409,4000,0.352,11.2,69,107,34.2,12,2,Maintenance Window,Low
2025-01-15 12:40:00,Emergency Exit,267,600,0.445,11.4,70,44,31.9,12,2,Maintenance Window,Low
2025-01-15 12:50:00,Parking Area,1379,1500,0.919,27.3,91,109,34.7,12,2,Weather Disruption,High
2025-01-15 13:00:00,Gate A,456,1000,0.456,12.4,42,62,24.5,13,2,Maintenance Window,Low
2025-01-15 13:10:00,Emergency Exit,625,600,1.042,22.6,135,94,29.0,13,2,Special Event,High
2025-01-15 13:20:00,Main Hall,1716,4000,0.429,15.6,54,74,27.0,13,2,Normal Day,Medium
2025-01-15 13:30:00,Gate A,702,1000,0.702,24.7,95,86,32.2,13,2,Peak Hour,High
2025-01-15 13:40:00,Gate B,300,1000,0.3,13.1,49,77,38.8,13,2,Maintenance Window,Low
2025-01-15 13:50:00,Emergency Exit,627,600,1.045,23.9,102,102,35.8,13,2,Weather Disruption,High
2025-01-15 14:00:00,Service Corridor,291,500,0.582,14.4,56,44,29.0,14,2,Normal Day,Medium
2025-01-15 14:10:00,Main Hall,3122,4000,0.78,14.8,108,121,37.3,14,2,Weather Disruption,High
2025-01-15 14:20:00,Service Corridor,522,500,1.044,27.1,71,80,44.0,14,2,Weather Disruption,High
2025-01-15 14:30:00,Service Corridor,474,500,0.948,22.1,134,112,21.6,14,2,Special Event,High
2025-01-15 14:40:00,Food Court,979,1200,0.816,18.9,76,84,31.2,14,2,Peak Hour,High
2025-01-15 14:50:00,Gate B,851,1000,0.851,21.3,86,111,45.1,14,2,Weather Disruption,High
2025-01-15 15:00:00,Prayer Area,899,800,1.124,34.4,145,108,36.4,15,2,Special Event,High
2025-01-15 15:10:00,Prayer Area,476,800,0.595,13.3,68,89,29.9,15,2,Normal Day,Medium
2025-01-15 15:20:00,Service Corridor,430,500,0.86,23.5,76,73,38.8,15,2,Weather Disruption,High
2025-01-15 15:30:00,Service Corridor,245,500,0.49,14.8,21,46,30.1,15,2,Maintenance Window,Low
2025-01-15 15:40:00,Service Corridor,478,500,0.956,26.7,101,101,34.3,15,2,Peak Hour,High
2025-01-15 15:50:00,Parking Area,508,1500,0.339,12.7,62,63,37.4,15,2,Maintenance Window,Low
2025-01-15 16:00:00,Emergency Exit,750,600,1.25,36.5,148,111,41.0,16,2,Special Event,High
2025-01-15 16:10:00,Gate B,528,1000,0.528,16.6,64,61,24.2,16,2,Peak Hour,High
2025-01-15 16:20:00,Prayer Area,991,800,1.239,28.2,146,91,31.0,16,2,Special Event,High
2025-01-15 16:30:00,Service Corridor,452,500,0.904,21.1,90,68,30.6,16,2,Special Event,High
2025-01-15 16:40:00,Gate B,612,1000,0.612,13.0,53,68,31.7,16,2,Normal Day,Low
2025-01-15 16:50:00,Gate A,902,1000,0.902,21.5,116,98,27.4,16,2,Special Event,High
2025-01-15 17:00:00,Food Court,470,1200,0.392,15.9,55,75,32.6,17,2,Normal Day,Low
2025-01-15 17:10:00,Gate B,328,1000,0.328,9.2,37,56,34.9,17,2,Normal Day,Low
2025-01-15 17:20:00,Gate B,876,1000,0.876,28.0,87,99,44.2,17,2,Weather Disruption,High
2025-01-15 17:30:00,Gate B,364,1000,0.364,4.9,51,40,24.6,17,2,Normal Day,Low
2025-01-15 17:40:00,Parking Area,805,1500,0.537,17.3,51,52,24.0,17,2,Normal Day,Medium
2025-01-15 17:50:00,Service Corridor,357,500,0.714,21.2,74,50,42.8,17,2,Weather Disruption,High
2025-01-15 18:00:00,Food Court,436,1200,0.363,15.8,59,51,22.6,18,2,Maintenance Window,Low
2025-01-15 18:10:00,Prayer Area,464,800,0.58,14.6,50,41,27.3,18,2,Normal Day,Medium
2025-01-15 18:20:00,Service Corridor,380,500,0.76,20.3,123,108,45.9,18,2,Weather Disruption,High
2025-01-15 18:30:00,Prayer Area,214,800,0.268,7.1,25,26,30.1,18,2,Maintenance Window,Low
2025-01-15 18:40:00,Service Corridor,141,500,0.282,10.4,29,25,28.2,18,2,Maintenance Window,Low
2025-01-15 18:50:00,Food Court,1109,1200,0.924,25.0,121,102,31.2,18,2,Special Event,High
2025-01-15 19:00:00,Food Court,786,1200,0.655,17.9,83,68,30.2,19,2,Peak Hour,High
2025-01-15 19:10:00,Prayer Area,369,800,0.461,16.6,81,74,33.3,19,2,Normal Day,Low
2025-01-15 19:20:00,Service Corridor,200,500,0.4,9.8,76,68,34.2,19,2,Weather Disruption,Low
2025-01-15 19:30:00,Main Hall,2578,4000,0.644,18.0,93,93,34.2,19,2,Special Event,Medium
2025-01-15 19:40:00,Gate B,296,1000,0.296,11.2,33,41,42.8,19,2,Normal Day,Low
2025-01-15 19:50:00,Parking Area,513,1500,0.342,7.1,71,80,24.8,19,2,Normal Day,Low
2025-01-15 20:00:00,Parking Area,561,1500,0.374,8.8,59,60,25.3,20,2,Maintenance Window,Low
2025-01-15 20:10:00,Food Court,430,1200,0.358,9.7,84,92,34.0,20,2,Weather Disruption,Medium
2025-01-15 20:20:00,Food Court,452,1200,0.377,10.5,44,51,23.4,20,2,Normal Day,Low
2025-01-15 20:30:00,Emergency Exit,140,600,0.233,10.2,55,92,37.8,20,2,Maintenance Window,Low
2025-01-15 20:40:00,Gate B,585,1000,0.585,15.4,106,140,33.9,20,2,Weather Disruption,Medium
2025-01-15 20:50:00,Gate A,501,1000,0.501,14.3,90,78,24.9,20,2,Weather Disruption,Medium
2025-01-15 21:00:00,Main Hall,2216,4000,0.554,16.7,79,45,25.4,21,2,Special Event,Medium
2025-01-15 21:10:00,Parking Area,666,1500,0.444,15.8,62,46,27.3,21,2,Peak Hour,Medium
2025-01-15 21:20:00,Prayer Area,513,800,0.641,14.6,84,61,23.9,21,2,Peak Hour,Medium
2025-01-15 21:30:00,Gate B,138,1000,0.138,6.7,13,0,26.1,21,2,Maintenance Window,Low
2025-01-15 21:40:00,Food Court,338,1200,0.282,5.3,37,47,23.2,21,2,Normal Day,Low
2025-01-15 21:50:00,Gate A,215,1000,0.215,9.8,21,38,31.8,21,2,Normal Day,Low
2025-01-15 22:00:00,Emergency Exit,264,600,0.44,11.8,98,116,26.5,22,2,Peak Hour,Low
2025-01-15 22:10:00,Gate A,214,1000,0.214,10.5,48,40,32.1,22,2,Maintenance Window,Low
2025-01-15 22:20:00,Parking Area,253,1500,0.169,5.8,56,76,33.7,22,2,Normal Day,Low
2025-01-15 22:30:00,Gate B,702,1000,0.702,20.7,92,85,32.4,22,2,Peak Hour,Medium
2025-01-15 22:40:00,Food Court,558,1200,0.465,17.6,117,60,37.8,22,2,Special Event,High
2025-01-15 22:50:00,Gate A,508,1000,0.508,19.5,79,58,37.5,22,2,Weather Disruption,High
2025-01-15 23:00:00,Prayer Area,429,800,0.536,15.6,72,41,28.0,23,2,Peak Hour,Medium
2025-01-15 23:10:00,Emergency Exit,218,600,0.363,6.0,65,76,24.1,23,2,Peak Hour,Low
2025-01-15 23:20:00,Main Hall,1552,4000,0.388,12.9,56,34,22.1,23,2,Maintenance Window,Low
2025-01-15 23:30:00,Prayer Area,275,800,0.344,9.9,44,49,29.3,23,2,Maintenance Window,Low
2025-01-15 23:40:00,Parking Area,370,1500,0.247,10.0,31,44,35.1,23,2,Maintenance Window,Low
2025-01-15 23:50:00,Emergency Exit,281,600,0.468,11.6,80,51,36.4,23,2,Peak Hour,Medium
2025-01-16 00:00:00,Prayer Area,436,800,0.545,15.2,71,105,37.2,0,3,Weather Disruption,Medium
2025-01-16 00:10:00,Parking Area,655,1500,0.437,18.1,77,80,45.6,0,3,Weather Disruption,Medium
2025-01-16 00:20:00,Food Court,124,1200,0.103,0.0,45,37,34.5,0,3,Maintenance Window,Low
2025-01-16 00:30:00,Gate B,215,1000,0.215,6.4,45,63,29.7,0,3,Normal Day,Low
2025-01-16 00:40:00,Food Court,569,1200,0.474,12.8,77,61,27.8,0,3,Peak Hour,Medium
2025-01-16 00:50:00,Prayer Area,524,800,0.655,20.7,106,96,30.0,0,3,Weather Disruption,High
2025-01-16 01:00:00,Gate A,358,1000,0.358,15.5,12,35,31.7,1,3,Normal Day,Low
2025-01-16 01:10:00,Food Court,353,1200,0.294,11.6,62,72,22.6,1,3,Normal Day,Low
2025-01-16 01:20:00,Parking Area,803,1500,0.535,20.0,62,40,25.6,1,3,Peak Hour,Medium
2025-01-16 01:30:00,Prayer Area,128,800,0.16,9.5,50,72,24.4,1,3,Maintenance Window,Low
2025-01-16 01:40:00,Prayer Area,490,800,0.613,17.0,69,54,32.5,1,3,Weather Disruption,High
2025-01-16 01:50:00,Emergency Exit,258,600,0.43,12.0,52,52,26.8,1,3,Normal Day,Low
2025-01-16 02:00:00,Gate A,241,1000,0.241,10.4,46,59,25.8,2,3,Maintenance Window,Low
2025-01-16 02:10:00,Prayer Area,137,800,0.171,8.5,40,61,24.8,2,3,Maintenance Window,Low
2025-01-16 02:20:00,Parking Area,792,1500,0.528,14.0,79,35,33.4,2,3,Special Event,High
2025-01-16 02:30:00,Prayer Area,88,800,0.11,8.7,31,47,29.5,2,3,Maintenance Window,Low
2025-01-16 02:40:00,Parking Area,454,1500,0.303,7.2,99,105,37.0,2,3,Special Event,Low
2025-01-16 02:50:00,Gate A,147,1000,0.147,11.2,58,85,28.8,2,3,Maintenance Window,Low
2025-01-16 03:00:00,Main Hall,1245,4000,0.311,15.5,51,53,30.4,3,3,Normal Day,Low
2025-01-16 03:10:00,Emergency Exit,236,600,0.393,9.5,92,67,46.2,3,3,Weather Disruption,Low
2025-01-16 03:20:00,Gate B,426,1000,0.426,13.4,33,42,30.3,3,3,Normal Day,Low
2025-01-16 03:30:00,Gate A,628,1000,0.628,16.1,135,110,28.1,3,3,Special Event,High
2025-01-16 03:40:00,Food Court,383,1200,0.319,12.1,69,33,25.9,3,3,Peak Hour,Medium
2025-01-16 03:50:00,Emergency Exit,398,600,0.663,23.8,102,60,25.8,3,3,Special Event,High
2025-01-16 04:00:00,Food Court,849,1200,0.708,20.5,127,107,24.2,4,3,Special Event,High
2025-01-16 04:10:00,Gate B,590,1000,0.59,16.2,92,74,19.7,4,3,Peak Hour,High
2025-01-16 04:20:00,Food Court,1035,1200,0.863,20.8,111,98,30.4,4,3,Special Event,High
2025-01-16 04:30:00,Food Court,345,1200,0.287,12.5,57,46,29.1,4,3,Maintenance Window,Low
2025-01-16 04:40:00,Parking Area,744,1500,0.496,15.0,100,82,30.0,4,3,Special Event,Medium
2025-01-16 04:50:00,Main Hall,848,4000,0.212,5.1,35,70,24.2,4,3,Maintenance Window,Low
2025-01-16 05:00:00,Main Hall,80,4000,0.02,5.7,37,34,26.8,5,3,Maintenance Window,Low
2025-01-16 05:10:00,Main Hall,2157,4000,0.539,14.4,72,97,31.9,5,3,Weather Disruption,Medium
2025-01-16 05:20:00,Prayer Area,474,800,0.593,15.9,82,73,27.4,5,3,Peak Hour,Medium
2025-01-16 05:30:00,Emergency Exit,323,600,0.538,9.2,95,96,41.4,5,3,Weather Disruption,Medium
2025-01-16 05:40:00,Gate A,574,1000,0.574,17.8,64,46,37.5,5,3,Weather Disruption,High
2025-01-16 05:50:00,Food Court,498,1200,0.415,11.0,48,52,29.7,5,3,Normal Day,Low
2025-01-16 06:00:00,Emergency Exit,142,600,0.237,2.8,39,51,28.2,6,3,Normal Day,Low
2025-01-16 06:10:00,Service Corridor,238,500,0.476,17.9,62,43,30.1,6,3,Maintenance Window,Medium
2025-01-16 06:20:00,Gate A,894,1000,0.894,19.5,138,103,20.0,6,3,Special Event,High
2025-01-16 06:30:00,Gate A,697,1000,0.697,27.0,95,55,30.1,6,3,Special Event,High
2025-01-16 06:40:00,Main Hall,2273,4000,0.568,17.3,65,102,32.5,6,3,Peak Hour,Medium
2025-01-16 06:50:00,Gate A,338,1000,0.338,9.2,37,69,27.2,6,3,Normal Day,Low
2025-01-16 07:00:00,Gate A,1010,1000,1.01,25.5,111,115,26.1,7,3,Special Event,High
2025-01-16 07:10:00,Main Hall,3874,4000,0.969,24.1,108,106,33.7,7,3,Special Event,High
2025-01-16 07:20:00,Emergency Exit,555,600,0.925,26.1,91,65,35.1,7,3,Peak Hour,High
2025-01-16 07:30:00,Parking Area,1369,1500,0.913,25.1,109,114,36.3,7,3,Special Event,High
2025-01-16 07:40:00,Food Court,822,1200,0.685,21.1,98,121,42.6,7,3,Weather Disruption,High
2025-01-16 07:50:00,Gate B,619,1000,0.619,17.2,77,74,28.1,7,3,Weather Disruption,High
2025-01-16 08:00:00,Gate B,986,1000,0.986,21.4,122,89,24.3,8,3,Special Event,High
2025-01-16 08:10:00,Food Court,799,1200,0.666,19.2,94,83,33.0,8,3,Weather Disruption,High
2025-01-16 08:20:00,Gate B,910,1000,0.91,20.8,87,112,47.9,8,3,Weather Disruption,High
2025-01-16 08:30:00,Food Court,936,1200,0.78,19.4,75,83,45.7,8,3,Weather Disruption,High
2025-01-16 08:40:00,Prayer Area,532,800,0.665,19.7,106,117,36.5,8,3,Weather Disruption,High
2025-01-16 08:50:00,Gate B,430,1000,0.43,12.8,58,35,24.9,8,3,Maintenance Window,Low
2025-01-16 09:00:00,Prayer Area,475,800,0.594,15.0,63,92,33.0,9,3,Weather Disruption,Medium
2025-01-16 09:10:00,Gate A,702,1000,0.702,19.1,63,89,34.4,9,3,Normal Day,Medium
2025-01-16 09:20:00,Service Corridor,221,500,0.442,9.6,36,63,36.5,9,3,Maintenance Window,Low
2025-01-16 09:30:00,Gate A,633,1000,0.633,15.9,78,59,36.8,9,3,Weather Disruption,High
2025-01-16 09:40:00,Main Hall,3219,4000,0.805,18.7,63,44,29.6,9,3,Weather Disruption,High
2025-01-16 09:50:00,Gate A,907,1000,0.907,24.4,131,146,33.9,9,3,Special Event,High
2025-01-16 10:00:00,Gate A,974,1000,0.974,19.4,117,113,35.3,10,3,Weather Disruption,High
2025-01-16 10:10:00,Main Hall,2714,4000,0.678,18.1,90,98,39.9,10,3,Weather Disruption,High
2025-01-16 10:20:00,Main Hall,3754,4000,0.939,27.6,99,120,42.4,10,3,Weather Disruption,High
2025-01-16 10:30:00,Prayer Area,687,800,0.859,20.2,90,70,32.6,10,3,Peak Hour,High
2025-01-16 10:40:00,Parking Area,532,1500,0.355,6.9,48,35,23.7,10,3,Normal Day,Low
2025-01-16 10:50:00,Food Court,975,1200,0.812,20.0,80,83,43.1,10,3,Weather Disruption,High
2025-01-16 11:00:00,Food Court,532,1200,0.443,13.2,52,61,36.6,11,3,Maintenance Window,Low
2025-01-16 11:10:00,Service Corridor,288,500,0.576,16.6,44,22,34.0,11,3,Normal Day,Medium
2025-01-16 11:20:00,Main Hall,3742,4000,0.935,25.9,91,79,37.4,11,3,Weather Disruption,High
2025-01-16 11:30:00,Parking Area,521,1500,0.347,9.8,49,42,33.2,11,3,Normal Day,Low
2025-01-16 11:40:00,Main Hall,2410,4000,0.603,18.1,60,39,24.9,11,3,Normal Day,Medium
2025-01-16 11:50:00,Food Court,675,1200,0.562,12.0,59,46,24.7,11,3,Normal Day,Low
2025-01-16 12:00:00,Emergency Exit,583,600,0.972,24.9,111,86,28.0,12,3,Peak Hour,High
2025-01-16 12:10:00,Food Court,688,1200,0.573,21.6,62,59,37.1,12,3,Maintenance Window,Medium
2025-01-16 12:20:00,Gate A,373,1000,0.373,10.5,28,49,26.1,12,3,Maintenance Window,Low
2025-01-16 12:30:00,Main Hall,4430,4000,1.107,24.9,100,83,35.3,12,3,Special Event,High
2025-01-16 12:40:00,Main Hall,2097,4000,0.524,14.5,68,61,34.2,12,3,Normal Day,Medium
2025-01-16 12:50:00,Prayer Area,653,800,0.816,20.3,70,51,36.5,12,3,Peak Hour,High
2025-01-16 13:00:00,Prayer Area,672,800,0.84,28.8,83,67,25.4,13,3,Peak Hour,High
2025-01-16 13:10:00,Parking Area,1423,1500,0.949,28.0,78,78,25.1,13,3,Peak Hour,High
2025-01-16 13:20:00,Gate A,1122,1000,1.122,28.8,129,125,37.3,13,3,Special Event,High
2025-01-16 13:30:00,Prayer Area,513,800,0.641,17.0,28,4,27.7,13,3,Maintenance Window,High
2025-01-16 13:40:00,Service Corridor,171,500,0.342,9.5,21,37,29.5,13,3,Maintenance Window,Low
2025-01-16 13:50:00,Food Court,1190,1200,0.992,25.1,83,54,23.2,13,3,Peak Hour,High
2025-01-16 14:00:00,Gate A,984,1000,0.984,26.1,94,58,31.5,14,3,Peak Hour,High
2025-01-16 14:10:00,Main Hall,1280,4000,0.32,12.9,65,73,33.9,14,3,Maintenance Window,Low
2025-01-16 14:20:00,Parking Area,675,1500,0.45,16.0,45,33,24.0,14,3,Maintenance Window,Medium
2025-01-16 14:30:00,Food Court,1151,1200,0.959,26.3,112,85,26.0,14,3,Peak Hour,High
2025-01-16 14:40:00,Service Corridor,459,500,0.918,30.0,98,65,28.8,14,3,Special Event,High
2025-01-16 14:50:00,Main Hall,2649,4000,0.662,15.8,66,57,40.0,14,3,Normal Day,Medium
2025-01-16 15:00:00,Prayer Area,789,800,0.986,26.0,115,105,30.0,15,3,Special Event,High
2025-01-16 15:10:00,Gate A,573,1000,0.573,14.6,69,73,28.9,15,3,Normal Day,Medium
2025-01-16 15:20:00,Prayer Area,246,800,0.307,14.5,67,111,30.3,15,3,Maintenance Window,Low
2025-01-16 15:30:00,Gate B,542,1000,0.542,16.9,63,74,32.6,15,3,Maintenance Window,Low
2025-01-16 15:40:00,Main Hall,1750,4000,0.438,10.1,28,21,28.7,15,3,Normal Day,Low
2025-01-16 15:50:00,Food Court,961,1200,0.801,20.9,74,93,37.5,15,3,Weather Disruption,High
2025-01-16 16:00:00,Food Court,839,1200,0.699,17.8,79,61,33.3,16,3,Peak Hour,High
2025-01-16 16:10:00,Prayer Area,410,800,0.512,21.1,56,68,27.6,16,3,Maintenance Window,Medium
2025-01-16 16:20:00,Prayer Area,236,800,0.295,15.1,29,38,25.6,16,3,Normal Day,Low
2025-01-16 16:30:00,Food Court,643,1200,0.536,19.5,57,100,33.7,16,3,Normal Day,Low
2025-01-16 16:40:00,Food Court,923,1200,0.769,20.2,65,62,23.1,16,3,Peak Hour,Medium
2025-01-16 16:50:00,Prayer Area,305,800,0.381,9.8,4,0,29.1,16,3,Normal Day,Low
2025-01-16 17:00:00,Prayer Area,407,800,0.509,16.7,63,86,24.9,17,3,Maintenance Window,Medium
2025-01-16 17:10:00,Gate B,289,1000,0.289,8.0,47,22,24.6,17,3,Maintenance Window,Low
2025-01-16 17:20:00,Prayer Area,372,800,0.465,17.3,40,24,32.6,17,3,Normal Day,Low
2025-01-16 17:30:00,Emergency Exit,130,600,0.217,9.6,67,51,35.1,17,3,Normal Day,Low
2025-01-16 17:40:00,Prayer Area,266,800,0.333,8.5,44,53,39.2,17,3,Normal Day,Low
2025-01-16 17:50:00,Main Hall,3167,4000,0.792,17.6,106,90,20.9,17,3,Special Event,High
2025-01-16 18:00:00,Emergency Exit,405,600,0.675,22.7,93,82,27.4,18,3,Peak Hour,High
2025-01-16 18:10:00,Emergency Exit,530,600,0.883,23.1,112,71,26.3,18,3,Special Event,High
2025-01-16 18:20:00,Gate B,641,1000,0.641,22.5,89,89,31.9,18,3,Weather Disruption,High
2025-01-16 18:30:00,Emergency Exit,626,600,1.043,33.4,96,58,15.7,18,3,Special Event,High
2025-01-16 18:40:00,Gate A,839,1000,0.839,18.8,105,92,33.9,18,3,Special Event,High
2025-01-16 18:50:00,Prayer Area,312,800,0.39,16.1,61,42,36.9,18,3,Normal Day,Medium
2025-01-16 19:00:00,Gate A,403,1000,0.403,17.8,27,50,27.6,19,3,Normal Day,Medium
2025-01-16 19:10:00,Food Court,511,1200,0.426,11.9,88,88,34.9,19,3,Weather Disruption,Low
2025-01-16 19:20:00,Prayer Area,628,800,0.785,14.8,129,139,40.9,19,3,Weather Disruption,High
2025-01-16 19:30:00,Parking Area,589,1500,0.393,9.5,39,62,22.2,19,3,Normal Day,Low
2025-01-16 19:40:00,Main Hall,2005,4000,0.501,20.9,65,34,29.1,19,3,Peak Hour,Medium
2025-01-16 19:50:00,Main Hall,3100,4000,0.775,21.8,102,74,33.2,19,3,Special Event,High
2025-01-16 20:00:00,Service Corridor,351,500,0.702,19.1,100,127,44.4,20,3,Weather Disruption,High
2025-01-16 20:10:00,Food Court,620,1200,0.517,14.6,44,59,39.2,20,3,Weather Disruption,Medium
2025-01-16 20:20:00,Parking Area,513,1500,0.342,7.4,24,0,29.3,20,3,Maintenance Window,Low
2025-01-16 20:30:00,Gate A,602,1000,0.602,16.0,62,98,29.8,20,3,Peak Hour,Medium
2025-01-16 20:40:00,Gate A,669,1000,0.669,18.2,119,99,39.3,20,3,Special Event,High
2025-01-16 20:50:00,Service Corridor,192,500,0.384,16.0,63,61,30.0,20,3,Maintenance Window,Low
2025-01-16 21:00:00,Gate B,763,1000,0.763,23.5,102,117,28.1,21,3,Special Event,High
2025-01-16 21:10:00,Main Hall,1387,4000,0.347,13.5,74,88,35.9,21,3,Weather Disruption,Medium
2025-01-16 21:20:00,Food Court,343,1200,0.286,10.6,22,21,28.7,21,3,Maintenance Window,Low
2025-01-16 21:30:00,Prayer Area,444,800,0.555,12.9,73,67,28.9,21,3,Peak Hour,Medium
2025-01-16 21:40:00,Parking Area,860,1500,0.573,19.3,91,75,31.8,21,3,Special Event,High
2025-01-16 21:50:00,Gate B,519,1000,0.519,16.8,71,55,30.9,21,3,Weather Disruption,Medium
2025-01-16 22:00:00,Prayer Area,146,800,0.182,11.6,50,73,27.0,22,3,Weather Disruption,Low
2025-01-16 22:10:00,Emergency Exit,404,600,0.673,17.8,71,36,36.9,22,3,Special Event,High
2025-01-16 22:20:00,Main Hall,1459,4000,0.365,12.9,68,65,27.9,22,3,Special Event,Medium
2025-01-16 22:30:00,Gate B,400,1000,0.4,11.5,99,91,30.2,22,3,Special Event,Medium
2025-01-16 22:40:00,Gate B,294,1000,0.294,9.0,62,70,27.2,22,3,Normal Day,Low
2025-01-16 22:50:00,Main Hall,539,4000,0.135,7.2,68,85,38.1,22,3,Maintenance Window,Low
2025-01-16 23:00:00,Service Corridor,108,500,0.216,9.9,66,64,30.1,23,3,Maintenance Window,Low
2025-01-16 23:10:00,Parking Area,539,1500,0.359,15.0,45,57,34.8,23,3,Weather Disruption,Medium
2025-01-16 23:20:00,Emergency Exit,236,600,0.393,11.5,62,67,24.8,23,3,Peak Hour,Low
2025-01-16 23:30:00,Prayer Area,604,800,0.755,20.6,100,89,19.6,23,3,Special Event,High
2025-01-16 23:40:00,Prayer Area,380,800,0.475,9.6,105,93,30.7,23,3,Special Event,Medium
2025-01-16 23:50:00,Main Hall,2077,4000,0.519,14.6,87,59,30.5,23,3,Peak Hour,High
2025-01-17 00:00:00,Service Corridor,289,500,0.578,17.6,79,74,29.0,0,4,Weather Disruption,Medium
2025-01-17 00:10:00,Service Corridor,269,500,0.538,20.1,114,84,34.1,0,4,Special Event,High
2025-01-17 00:20:00,Gate A,516,1000,0.516,19.1,69,90,28.6,0,4,Weather Disruption,High
2025-01-17 00:30:00,Emergency Exit,330,600,0.55,10.0,89,100,27.9,0,4,Special Event,Medium
2025-01-17 00:40:00,Main Hall,2310,4000,0.578,17.3,69,59,38.0,0,4,Peak Hour,Medium
2025-01-17 00:50:00,Prayer Area,432,800,0.54,19.4,69,78,33.7,0,4,Normal Day,Medium
2025-01-17 01:00:00,Emergency Exit,193,600,0.322,10.6,41,39,22.2,1,4,Normal Day,Low
2025-01-17 01:10:00,Emergency Exit,370,600,0.617,10.3,89,91,28.6,1,4,Special Event,High
2025-01-17 01:20:00,Prayer Area,89,800,0.111,6.0,33,9,22.7,1,4,Normal Day,Low
2025-01-17 01:30:00,Service Corridor,297,500,0.594,20.2,105,102,28.7,1,4,Special Event,High
2025-01-17 01:40:00,Food Court,449,1200,0.374,17.9,36,4,39.9,1,4,Weather Disruption,Medium
2025-01-17 01:50:00,Gate B,434,1000,0.434,10.8,104,110,38.2,1,4,Special Event,Low
2025-01-17 02:00:00,Gate B,275,1000,0.275,13.9,73,78,39.1,2,4,Weather Disruption,Low
2025-01-17 02:10:00,Gate A,541,1000,0.541,15.3,63,63,27.9,2,4,Peak Hour,Medium
2025-01-17 02:20:00,Service Corridor,277,500,0.554,16.8,64,72,39.8,2,4,Weather Disruption,High
2025-01-17 02:30:00,Parking Area,609,1500,0.406,14.9,50,40,28.6,2,4,Peak Hour,Medium
2025-01-17 02:40:00,Main Hall,1444,4000,0.361,6.7,45,32,42.4,2,4,Normal Day,Low
2025-01-17 02:50:00,Service Corridor,302,500,0.604,12.5,89,82,30.4,2,4,Special Event,Medium
2025-01-17 03:00:00,Emergency Exit,383,600,0.638,19.8,103,69,36.4,3,4,Peak Hour,High
2025-01-17 03:10:00,Food Court,371,1200,0.309,4.7,61,56,28.1,3,4,Normal Day,Low
2025-01-17 03:20:00,Emergency Exit,272,600,0.453,18.7,71,43,36.6,3,4,Peak Hour,Medium
2025-01-17 03:30:00,Food Court,393,1200,0.328,9.8,75,55,35.3,3,4,Weather Disruption,Low
2025-01-17 03:40:00,Main Hall,1948,4000,0.487,13.8,45,96,27.8,3,4,Normal Day,Low
2025-01-17 03:50:00,Gate A,276,1000,0.276,10.3,60,70,35.4,3,4,Normal Day,Low
2025-01-17 04:00:00,Main Hall,1530,4000,0.383,15.8,34,80,27.4,4,4,Normal Day,Low
2025-01-17 04:10:00,Parking Area,630,1500,0.42,16.2,110,83,31.7,4,4,Peak Hour,Medium
2025-01-17 04:20:00,Main Hall,3164,4000,0.791,26.0,84,97,41.1,4,4,Weather Disruption,High
2025-01-17 04:30:00,Main Hall,2376,4000,0.594,20.5,116,94,31.3,4,4,Special Event,High
2025-01-17 04:40:00,Parking Area,313,1500,0.209,14.7,40,21,30.6,4,4,Maintenance Window,Low
2025-01-17 04:50:00,Main Hall,2334,4000,0.584,15.7,58,50,29.3,4,4,Peak Hour,Medium
2025-01-17 05:00:00,Gate B,494,1000,0.494,10.5,69,74,31.2,5,4,Peak Hour,Low
2025-01-17 05:10:00,Service Corridor,121,500,0.242,11.5,45,38,16.9,5,4,Maintenance Window,Low
2025-01-17 05:20:00,Emergency Exit,156,600,0.26,8.5,58,60,34.9,5,4,Normal Day,Low
2025-01-17 05:30:00,Prayer Area,44,800,0.055,3.9,14,37,32.0,5,4,Maintenance Window,Low
2025-01-17 05:40:00,Parking Area,371,1500,0.247,6.3,49,84,32.1,5,4,Normal Day,Low
2025-01-17 05:50:00,Prayer Area,490,800,0.613,23.6,103,92,30.5,5,4,Peak Hour,High
2025-01-17 06:00:00,Food Court,696,1200,0.58,14.2,94,99,42.7,6,4,Weather Disruption,High
2025-01-17 06:10:00,Emergency Exit,522,600,0.87,32.7,111,74,28.6,6,4,Special Event,High
2025-01-17 06:20:00,Prayer Area,431,800,0.539,19.2,73,74,43.4,6,4,Weather Disruption,Medium
2025-01-17 06:30:00,Prayer Area,529,800,0.661,20.3,103,75,24.2,6,4,Special Event,High
2025-01-17 06:40:00,Main Hall,2298,4000,0.575,14.7,65,48,31.7,6,4,Peak Hour,High
2025-01-17 06:50:00,Food Court,748,1200,0.623,20.3,91,85,49.5,6,4,Weather Disruption,High
2025-01-17 07:00:00,Service Corridor,204,500,0.408,14.0,67,59,33.9,7,4,Maintenance Window,Low
2025-01-17 07:10:00,Main Hall,3494,4000,0.874,22.2,119,107,25.9,7,4,Special Event,High
2025-01-17 07:20:00,Gate A,675,1000,0.675,17.4,88,104,30.0,7,4,Weather Disruption,High
2025-01-17 07:30:00,Food Court,71,1200,0.059,5.9,40,52,34.0,7,4,Maintenance Window,Low
2025-01-17 07:40:00,Prayer Area,546,800,0.682,22.3,111,115,26.4,7,4,Special Event,High
2025-01-17 07:50:00,Prayer Area,503,800,0.629,18.2,95,110,28.8,7,4,Peak Hour,Medium
2025-01-17 08:00:00,Emergency Exit,391,600,0.652,25.0,93,117,36.8,8,4,Weather Disruption,High
2025-01-17 08:10:00,Parking Area,617,1500,0.411,12.2,42,36,30.2,8,4,Normal Day,Low
2025-01-17 08:20:00,Emergency Exit,240,600,0.4,12.3,31,34,27.5,8,4,Maintenance Window,Low
2025-01-17 08:30:00,Parking Area,876,1500,0.584,23.4,78,89,34.2,8,4,Weather Disruption,High
2025-01-17 08:40:00,Parking Area,1110,1500,0.74,18.6,85,79,30.9,8,4,Peak Hour,High
2025-01-17 08:50:00,Parking Area,570,1500,0.38,11.0,58,72,34.0,8,4,Normal Day,Low
2025-01-17 09:00:00,Food Court,442,1200,0.368,6.9,39,34,24.8,9,4,Maintenance Window,Low
2025-01-17 09:10:00,Food Court,771,1200,0.642,16.0,104,80,37.1,9,4,Weather Disruption,High
2025-01-17 09:20:00,Parking Area,715,1500,0.477,11.5,63,90,34.2,9,4,Normal Day,Low
2025-01-17 09:30:00,Emergency Exit,282,600,0.47,15.7,67,101,35.3,9,4,Normal Day,Medium
2025-01-17 09:40:00,Service Corridor,200,500,0.4,11.9,46,31,30.3,9,4,Maintenance Window,Low
2025-01-17 09:50:00,Main Hall,1501,4000,0.375,15.1,59,44,40.4,9,4,Maintenance Window,Low
2025-01-17 10:00:00,Parking Area,317,1500,0.211,6.8,52,57,30.5,10,4,Maintenance Window,Low
2025-01-17 10:10:00,Emergency Exit,480,600,0.8,25.8,104,106,45.8,10,4,Weather Disruption,High
2025-01-17 10:20:00,Gate B,1250,1000,1.25,33.2,119,100,26.0,10,4,Special Event,High
2025-01-17 10:30:00,Service Corridor,262,500,0.524,12.0,60,53,25.1,10,4,Normal Day,Medium
2025-01-17 10:40:00,Emergency Exit,383,600,0.638,20.0,49,50,32.0,10,4,Maintenance Window,Medium
2025-01-17 10:50:00,Service Corridor,138,500,0.276,9.2,59,46,28.8,10,4,Normal Day,Low
2025-01-17 11:00:00,Service Corridor,338,500,0.676,14.8,68,43,30.7,11,4,Weather Disruption,High
2025-01-17 11:10:00,Parking Area,1193,1500,0.795,21.6,73,88,47.4,11,4,Weather Disruption,High
2025-01-17 11:20:00,Service Corridor,438,500,0.876,23.3,97,108,47.3,11,4,Weather Disruption,High
2025-01-17 11:30:00,Gate A,484,1000,0.484,17.2,41,45,44.4,11,4,Normal Day,Low
2025-01-17 11:40:00,Main Hall,3699,4000,0.925,23.7,93,80,28.7,11,4,Peak Hour,High
2025-01-17 11:50:00,Parking Area,1167,1500,0.778,20.4,75,66,34.7,11,4,Normal Day,High
2025-01-17 12:00:00,Gate B,416,1000,0.416,10.9,77,67,33.2,12,4,Normal Day,Low
2025-01-17 12:10:00,Main Hall,1350,4000,0.338,8.5,30,21,32.0,12,4,Maintenance Window,Low
2025-01-17 12:20:00,Gate B,836,1000,0.836,19.0,99,118,37.9,12,4,Weather Disruption,High
2025-01-17 12:30:00,Gate A,821,1000,0.821,19.2,97,81,36.9,12,4,Weather Disruption,High
2025-01-17 12:40:00,Main Hall,2039,4000,0.51,17.9,72,92,31.7,12,4,Normal Day,Medium
2025-01-17 12:50:00,Prayer Area,918,800,1.147,22.4,90,73,31.3,12,4,Special Event,High
2025-01-17 13:00:00,Food Court,623,1200,0.519,16.8,53,80,37.8,13,4,Normal Day,Medium
2025-01-17 13:10:00,Prayer Area,822,800,1.028,22.3,114,77,28.4,13,4,Special Event,High
2025-01-17 13:20:00,Service Corridor,132,500,0.264,8.3,37,29,28.6,13,4,Maintenance Window,Low
2025-01-17 13:30:00,Prayer Area,376,800,0.47,13.7,50,54,32.1,13,4,Normal Day,Low
2025-01-17 13:40:00,Gate B,703,1000,0.703,23.3,93,61,31.4,13,4,Peak Hour,High
2025-01-17 13:50:00,Service Corridor,431,500,0.862,26.1,72,74,36.3,13,4,Weather Disruption,High
2025-01-17 14:00:00,Main Hall,3599,4000,0.9,21.0,77,95,32.6,14,4,Peak Hour,High
2025-01-17 14:10:00,Emergency Exit,659,600,1.098,25.2,123,83,28.2,14,4,Special Event,High
2025-01-17 14:20:00,Main Hall,3312,4000,0.828,19.5,89,75,38.8,14,4,Peak Hour,High
2025-01-17 14:30:00,Service Corridor,563,500,1.126,31.4,125,111,33.6,14,4,Special Event,High
2025-01-17 14:40:00,Gate A,596,1000,0.596,17.8,30,53,26.5,14,4,Maintenance Window,Medium
2025-01-17 14:50:00,Gate A,1079,1000,1.079,23.4,100,66,37.8,14,4,Weather Disruption,High
2025-01-17 15:00:00,Parking Area,1458,1500,0.972,28.8,97,77,28.7,15,4,Special Event,High
2025-01-17 15:10:00,Emergency Exit,665,600,1.108,29.2,127,91,31.9,15,4,Special Event,High
2025-01-17 15:20:00,Food Court,1004,1200,0.837,24.4,111,129,38.5,15,4,Weather Disruption,High
2025-01-17 15:30:00,Gate B,731,1000,0.731,16.1,107,120,33.4,15,4,Weather Disruption,High
2025-01-17 15:40:00,Gate A,619,1000,0.619,14.8,13,20,25.6,15,4,Normal Day,Medium
2025-01-17 15:50:00,Service Corridor,456,500,0.912,29.3,111,148,44.9,15,4,Weather Disruption,High
2025-01-17 16:00:00,Emergency Exit,127,600,0.212,16.1,37,60,27.2,16,4,Maintenance Window,Low
2025-01-17 16:10:00,Gate B,916,1000,0.916,23.9,117,118,24.5,16,4,Special Event,High
2025-01-17 16:20:00,Emergency Exit,452,600,0.753,22.7,59,39,39.1,16,4,Normal Day,High
2025-01-17 16:30:00,Gate B,593,1000,0.593,14.3,93,85,20.3,16,4,Peak Hour,Medium
2025-01-17 16:40:00,Gate A,897,1000,0.897,24.4,84,106,39.8,16,4,Weather Disruption,High
2025-01-17 16:50:00,Main Hall,1956,4000,0.489,13.9,59,92,27.5,16,4,Normal Day,Medium
2025-01-17 17:00:00,Emergency Exit,390,600,0.65,18.9,105,87,22.5,17,4,Special Event,High
2025-01-17 17:10:00,Emergency Exit,199,600,0.332,7.2,45,59,32.1,17,4,Normal Day,Low
2025-01-17 17:20:00,Emergency Exit,603,600,1.005,22.6,114,121,23.6,17,4,Special Event,High
2025-01-17 17:30:00,Main Hall,3491,4000,0.873,22.2,124,102,18.2,17,4,Special Event,High
2025-01-17 17:40:00,Parking Area,1482,1500,0.988,23.1,109,110,29.7,17,4,Special Event,High
2025-01-17 17:50:00,Food Court,379,1200,0.316,14.2,19,17,32.5,17,4,Maintenance Window,Low
2025-01-17 18:00:00,Gate B,388,1000,0.388,17.1,79,88,34.6,18,4,Peak Hour,Medium
2025-01-17 18:10:00,Gate B,463,1000,0.463,18.5,55,91,22.5,18,4,Normal Day,Low
2025-01-17 18:20:00,Gate B,216,1000,0.216,14.9,56,87,34.4,18,4,Maintenance Window,Low
2025-01-17 18:30:00,Emergency Exit,512,600,0.853,18.3,117,111,29.6,18,4,Peak Hour,High
2025-01-17 18:40:00,Gate A,290,1000,0.29,14.7,60,65,27.0,18,4,Maintenance Window,Low
2025-01-17 18:50:00,Prayer Area,582,800,0.728,22.2,76,82,29.9,18,4,Peak Hour,High
2025-01-17 19:00:00,Emergency Exit,143,600,0.238,11.8,15,20,30.2,19,4,Normal Day,Low
2025-01-17 19:10:00,Emergency Exit,273,600,0.455,13.8,90,104,40.3,19,4,Weather Disruption,Medium
2025-01-17 19:20:00,Service Corridor,166,500,0.332,12.0,46,68,30.5,19,4,Normal Day,Low
2025-01-17 19:30:00,Prayer Area,583,800,0.729,18.3,73,91,33.5,19,4,Peak Hour,High
2025-01-17 19:40:00,Prayer Area,451,800,0.564,15.6,90,114,37.7,19,4,Weather Disruption,High
2025-01-17 19:50:00,Prayer Area,162,800,0.203,3.3,18,11,28.8,19,4,Normal Day,Low
2025-01-17 20:00:00,Prayer Area,632,800,0.79,21.5,105,78,37.1,20,4,Special Event,High
2025-01-17 20:10:00,Emergency Exit,189,600,0.315,13.3,48,50,28.7,20,4,Normal Day,Low
2025-01-17 20:20:00,Main Hall,3195,4000,0.799,22.4,92,75,32.8,20,4,Peak Hour,High
2025-01-17 20:30:00,Parking Area,507,1500,0.338,12.4,54,63,30.5,20,4,Normal Day,Low
2025-01-17 20:40:00,Service Corridor,501,500,1.002,26.2,128,95,37.0,20,4,Special Event,High
2025-01-17 20:50:00,Emergency Exit,138,600,0.23,10.4,33,20,28.6,20,4,Maintenance Window,Low
2025-01-17 21:00:00,Gate B,478,1000,0.478,17.8,79,80,32.8,21,4,Special Event,Medium
2025-01-17 21:10:00,Food Court,169,1200,0.141,8.9,52,43,26.3,21,4,Maintenance Window,Low
2025-01-17 21:20:00,Gate A,140,1000,0.14,8.7,20,44,32.6,21,4,Normal Day,Low
2025-01-17 21:30:00,Food Court,715,1200,0.596,14.7,101,85,35.9,21,4,Special Event,Medium
2025-01-17 21:40:00,Parking Area,693,1500,0.462,13.6,81,70,31.0,21,4,Normal Day,Low
2025-01-17 21:50:00,Gate B,318,1000,0.318,6.7,63,77,34.8,21,4,Peak Hour,Low
2025-01-17 22:00:00,Emergency Exit,279,600,0.465,15.5,103,83,26.2,22,4,Peak Hour,Medium
2025-01-17 22:10:00,Gate B,602,1000,0.602,20.3,94,82,31.9,22,4,Special Event,High
2025-01-17 22:20:00,Main Hall,2533,4000,0.633,17.0,106,108,33.9,22,4,Special Event,High
2025-01-17 22:30:00,Prayer Area,119,800,0.149,11.1,68,71,41.5,22,4,Weather Disruption,Low
2025-01-17 22:40:00,Food Court,407,1200,0.339,8.8,30,0,33.2,22,4,Maintenance Window,Low
2025-01-17 22:50:00,Main Hall,2244,4000,0.561,15.9,73,47,29.2,22,4,Peak Hour,Medium
2025-01-17 23:00:00,Service Corridor,28,500,0.056,4.6,1,6,30.0,23,4,Maintenance Window,Low
2025-01-17 23:10:00,Parking Area,686,1500,0.457,12.4,76,99,30.9,23,4,Peak Hour,Medium
2025-01-17 23:20:00,Prayer Area,266,800,0.333,11.3,106,106,39.8,23,4,Weather Disruption,Low
2025-01-17 23:30:00,Gate A,118,1000,0.118,13.7,41,72,28.3,23,4,Maintenance Window,Low
2025-01-17 23:40:00,Food Court,569,1200,0.474,15.1,74,68,42.7,23,4,Weather Disruption,Medium
2025-01-17 23:50:00,Gate B,298,1000,0.298,9.5,34,28,39.4,23,4,Normal Day,Low
2025-01-18 00:00:00,Service Corridor,228,500,0.456,9.7,108,108,30.7,0,5,Special Event,Medium
2025-01-18 00:10:00,Gate A,554,1000,0.554,19.7,71,46,36.2,0,5,Peak Hour,Medium
2025-01-18 00:20:00,Gate A,196,1000,0.196,7.2,36,30,35.6,0,5,Maintenance Window,Low
2025-01-18 00:30:00,Food Court,530,1200,0.442,12.4,73,68,45.3,0,5,Weather Disruption,Medium
2025-01-18 00:40:00,Gate A,98,1000,0.098,10.8,33,32,37.7,0,5,Maintenance Window,Low
2025-01-18 00:50:00,Emergency Exit,314,600,0.523,11.6,99,70,27.1,0,5,Special Event,Medium
2025-01-18 01:00:00,Gate B,112,1000,0.112,7.2,30,32,41.8,1,5,Maintenance Window,Low
2025-01-18 01:10:00,Parking Area,541,1500,0.361,11.8,54,57,31.0,1,5,Normal Day,Low
2025-01-18 01:20:00,Food Court,515,1200,0.429,7.5,95,138,38.9,1,5,Weather Disruption,Medium
2025-01-18 01:30:00,Prayer Area,321,800,0.401,15.6,83,111,29.1,1,5,Special Event,Medium
2025-01-18 01:40:00,Service Corridor,269,500,0.538,14.3,74,88,32.0,1,5,Normal Day,Medium
2025-01-18 01:50:00,Parking Area,30,1500,0.02,7.7,29,51,31.8,1,5,Normal Day,Low
2025-01-18 02:00:00,Gate B,293,1000,0.293,12.3,80,88,33.0,2,5,Special Event,Medium
2025-01-18 02:10:00,Gate A,178,1000,0.178,6.6,16,6,22.7,2,5,Normal Day,Low
2025-01-18 02:20:00,Emergency Exit,391,600,0.652,18.2,92,61,28.4,2,5,Special Event,High
2025-01-18 02:30:00,Main Hall,1190,4000,0.297,12.6,63,60,34.4,2,5,Peak Hour,Low
2025-01-18 02:40:00,Gate A,232,1000,0.232,7.6,85,81,39.2,2,5,Peak Hour,Low
2025-01-18 02:50:00,Food Court,670,1200,0.558,13.4,88,67,27.0,2,5,Special Event,Medium
2025-01-18 03:00:00,Parking Area,1027,1500,0.685,21.9,78,100,39.7,3,5,Weather Disruption,High
2025-01-18 03:10:00,Gate A,457,1000,0.457,16.0,76,66,34.1,3,5,Weather Disruption,Medium
2025-01-18 03:20:00,Gate A,271,1000,0.271,6.6,65,86,20.1,3,5,Normal Day,Low
2025-01-18 03:30:00,Parking Area,808,1500,0.539,19.3,106,108,31.2,3,5,Peak Hour,Medium
2025-01-18 03:40:00,Main Hall,2485,4000,0.621,21.7,72,56,27.2,3,5,Peak Hour,Medium
2025-01-18 03:50:00,Parking Area,988,1500,0.659,17.8,139,92,32.7,3,5,Special Event,High
2025-01-18 04:00:00,Service Corridor,140,500,0.28,12.7,35,30,28.6,4,5,Maintenance Window,Low
2025-01-18 04:10:00,Gate A,723,1000,0.723,21.2,101,82,35.9,4,5,Special Event,High
2025-01-18 04:20:00,Service Corridor,383,500,0.766,25.1,109,116,27.9,4,5,Special Event,High
2025-01-18 04:30:00,Prayer Area,500,800,0.625,16.9,65,64,34.6,4,5,Weather Disruption,High
2025-01-18 04:40:00,Main Hall,1732,4000,0.433,10.4,61,53,37.2,4,5,Weather Disruption,Medium
2025-01-18 04:50:00,Main Hall,2148,4000,0.537,13.0,28,59,36.6,4,5,Maintenance Window,Low
2025-01-18 05:00:00,Prayer Area,269,800,0.336,11.8,21,0,25.8,5,5,Maintenance Window,Medium
2025-01-18 05:10:00,Gate A,725,1000,0.725,17.1,106,98,33.0,5,5,Special Event,Medium
2025-01-18 05:20:00,Gate B,206,1000,0.206,11.9,41,30,34.9,5,5,Normal Day,Low
2025-01-18 05:30:00,Emergency Exit,378,600,0.63,17.5,87,104,39.7,5,5,Weather Disruption,High
2025-01-18 05:40:00,Main Hall,2259,4000,0.565,14.0,96,68,28.0,5,5,Special Event,High
2025-01-18 05:50:00,Parking Area,534,1500,0.356,10.6,71,75,40.8,5,5,Weather Disruption,Medium
2025-01-18 06:00:00,Emergency Exit,157,600,0.262,8.4,37,33,33.5,6,5,Normal Day,Low
2025-01-18 06:10:00,Food Court,938,1200,0.782,25.7,114,98,33.0,6,5,Special Event,High
2025-01-18 06:20:00,Gate B,332,1000,0.332,13.5,50,50,25.8,6,5,Normal Day,Low
2025-01-18 06:30:00,Food Court,780,1200,0.65,17.0,75,86,34.4,6,5,Peak Hour,Medium
2025-01-18 06:40:00,Emergency Exit,394,600,0.657,16.6,81,54,23.4,6,5,Peak Hour,High
2025-01-18 06:50:00,Gate B,389,1000,0.389,13.4,51,16,25.7,6,5,Maintenance Window,Medium
2025-01-18 07:00:00,Gate A,778,1000,0.778,16.9,91,106,33.9,7,5,Peak Hour,Medium
2025-01-18 07:10:00,Prayer Area,894,800,1.117,37.0,125,81,32.2,7,5,Special Event,High
2025-01-18 07:20:00,Emergency Exit,614,600,1.023,24.0,120,57,25.2,7,5,Special Event,High
2025-01-18 07:30:00,Gate B,743,1000,0.743,18.8,108,90,30.3,7,5,Special Event,High
2025-01-18 07:40:00,Emergency Exit,361,600,0.602,14.3,89,113,28.2,7,5,Normal Day,Medium
2025-01-18 07:50:00,Parking Area,1456,1500,0.971,28.6,92,86,19.4,7,5,Special Event,High
2025-01-18 08:00:00,Food Court,740,1200,0.617,12.8,87,98,31.6,8,5,Peak Hour,Low
2025-01-18 08:10:00,Prayer Area,303,800,0.379,8.8,45,50,27.6,8,5,Maintenance Window,Low
2025-01-18 08:20:00,Food Court,1119,1200,0.932,27.3,95,77,28.5,8,5,Peak Hour,High
2025-01-18 08:30:00,Food Court,689,1200,0.574,14.4,54,52,27.7,8,5,Maintenance Window,High
