scenario,city,regime,units,policy,config,total_loss,final_carryover
normative_weights,austin,scarce,8,uniform,uniform,34181621.0,136216.0
normative_weights,austin,scarce,8,proportional,valbest,29316337.0,108390.0
normative_weights,austin,scarce,8,greedy_ev_point,valbest,22815237.0,111247.0
normative_weights,austin,scarce,8,greedy_ev_quantile,quantile/full_arm,22665235.0,110682.0
normative_weights,austin,scarce,8,hindsight_myopic_reference,hindsight_myopic_reference,22521177.0,110143.0
yield_housing_building_x070,austin,scarce,8,uniform,uniform,19977670.0,136216.0
yield_housing_building_x070,austin,scarce,8,proportional,valbest,16383102.0,108390.0
yield_housing_building_x070,austin,scarce,8,greedy_ev_point,valbest,16571030.0,110238.0
yield_housing_building_x070,austin,scarce,8,greedy_ev_quantile,quantile/full_arm,16410288.0,108684.0
yield_housing_building_x070,austin,scarce,8,hindsight_myopic_reference,hindsight_myopic_reference,16381998.0,108386.0
yield_housing_building_x130,austin,scarce,8,uniform,uniform,19977636.0,136216.0
yield_housing_building_x130,austin,scarce,8,proportional,valbest,16383102.0,108390.0
yield_housing_building_x130,austin,scarce,8,greedy_ev_point,valbest,16492724.0,109625.0
yield_housing_building_x130,austin,scarce,8,greedy_ev_quantile,quantile/full_arm,16322661.0,108021.0
yield_housing_building_x130,austin,scarce,8,hindsight_myopic_reference,hindsight_myopic_reference,16300254.0,107793.0
yield_noise_x070,austin,scarce,8,uniform,uniform,20548282.0,140346.0
yield_noise_x070,austin,scarce,8,proportional,valbest,16951263.0,112511.0
yield_noise_x070,austin,scarce,8,greedy_ev_point,valbest,16508814.0,109261.0
yield_noise_x070,austin,scarce,8,greedy_ev_quantile,quantile/full_arm,16398957.0,108552.0
yield_noise_x070,austin,scarce,8,hindsight_myopic_reference,hindsight_myopic_reference,16381998.0,108386.0
yield_noise_x130,austin,scarce,8,uniform,uniform,19416627.0,132121.0
yield_noise_x130,austin,scarce,8,proportional,valbest,15959922.0,104985.0
yield_noise_x130,austin,scarce,8,greedy_ev_point,valbest,15980735.0,105674.0
yield_noise_x130,austin,scarce,8,greedy_ev_quantile,quantile/full_arm,15872646.0,104718.0
yield_noise_x130,austin,scarce,8,hindsight_myopic_reference,hindsight_myopic_reference,15766245.0,103719.0
yield_other_x070,austin,scarce,8,uniform,uniform,20551032.0,140356.0
yield_other_x070,austin,scarce,8,proportional,valbest,17529882.0,116670.0
yield_other_x070,austin,scarce,8,greedy_ev_point,valbest,16509667.0,110046.0
yield_other_x070,austin,scarce,8,greedy_ev_quantile,quantile/full_arm,16396238.0,108581.0
yield_other_x070,austin,scarce,8,hindsight_myopic_reference,hindsight_myopic_reference,16381998.0,108386.0
yield_other_x130,austin,scarce,8,uniform,uniform,19404252.0,132076.0
yield_other_x130,austin,scarce,8,proportional,valbest,15465522.0,101820.0
yield_other_x130,austin,scarce,8,greedy_ev_point,valbest,15089127.0,100006.0
yield_other_x130,austin,scarce,8,greedy_ev_quantile,quantile/full_arm,14990962.0,98799.0
yield_other_x130,austin,scarce,8,hindsight_myopic_reference,hindsight_myopic_reference,14883272.0,97960.0
yield_parks_trees_x070,austin,scarce,8,uniform,uniform,19987785.0,136216.0
yield_parks_trees_x070,austin,scarce,8,proportional,valbest,16447227.0,108675.0
yield_parks_trees_x070,austin,scarce,8,greedy_ev_point,valbest,16558447.0,110173.0
yield_parks_trees_x070,austin,scarce,8,greedy_ev_quantile,quantile/full_arm,16410288.0,108684.0
yield_parks_trees_x070,austin,scarce,8,hindsight_myopic_reference,hindsight_myopic_reference,16381998.0,108386.0
yield_parks_trees_x130,austin,scarce,8,uniform,uniform,19977152.0,136216.0
yield_parks_trees_x130,austin,scarce,8,proportional,valbest,16344312.0,108225.0
yield_parks_trees_x130,austin,scarce,8,greedy_ev_point,valbest,16370299.0,109028.0
yield_parks_trees_x130,austin,scarce,8,greedy_ev_quantile,quantile/full_arm,16221454.0,107539.0
yield_parks_trees_x130,austin,scarce,8,hindsight_myopic_reference,hindsight_myopic_reference,16178807.0,107180.0
yield_public_safety_x070,austin,scarce,8,uniform,uniform,20078237.0,136825.0
yield_public_safety_x070,austin,scarce,8,proportional,valbest,16538682.0,109710.0
yield_public_safety_x070,austin,scarce,8,greedy_ev_point,valbest,16567097.0,110202.0
yield_public_safety_x070,austin,scarce,8,greedy_ev_quantile,quantile/full_arm,16410288.0,108684.0
yield_public_safety_x070,austin,scarce,8,hindsight_myopic_reference,hindsight_myopic_reference,16381998.0,108386.0
yield_public_safety_x130,austin,scarce,8,uniform,uniform,19969313.0,136216.0
yield_public_safety_x130,austin,scarce,8,proportional,valbest,16289052.0,107640.0
yield_public_safety_x130,austin,scarce,8,greedy_ev_point,valbest,16292440.0,108222.0
yield_public_safety_x130,austin,scarce,8,greedy_ev_quantile,quantile/full_arm,16147021.0,106822.0
yield_public_safety_x130,austin,scarce,8,hindsight_myopic_reference,hindsight_myopic_reference,16104835.0,106418.0
yield_sanitation_x070,austin,scarce,8,uniform,uniform,20551032.0,140356.0
yield_sanitation_x070,austin,scarce,8,proportional,valbest,17529882.0,116670.0
yield_sanitation_x070,austin,scarce,8,greedy_ev_point,valbest,16572872.0,110249.0
yield_sanitation_x070,austin,scarce,8,greedy_ev_quantile,quantile/full_arm,16410288.0,108684.0
yield_sanitation_x070,austin,scarce,8,hindsight_myopic_reference,hindsight_myopic_reference,16381998.0,108386.0
yield_sanitation_x130,austin,scarce,8,uniform,uniform,19404252.0,132076.0
yield_sanitation_x130,austin,scarce,8,proportional,valbest,15436182.0,101685.0
yield_sanitation_x130,austin,scarce,8,greedy_ev_point,valbest,14978728.0,99503.0
yield_sanitation_x130,austin,scarce,8,greedy_ev_quantile,quantile/full_arm,14893276.0,98350.0
yield_sanitation_x130,austin,scarce,8,hindsight_myopic_reference,hindsight_myopic_reference,14825539.0,97718.0
yield_streets_transport_x070,austin,scarce,8,uniform,uniform,20551032.0,140356.0
yield_streets_transport_x070,austin,scarce,8,proportional,valbest,18107382.0,120825.0
yield_streets_transport_x070,austin,scarce,8,greedy_ev_point,valbest,16572872.0,110249.0
yield_streets_transport_x070,austin,scarce,8,greedy_ev_quantile,quantile/full_arm,16410344.0,108684.0
yield_streets_transport_x070,austin,scarce,8,hindsight_myopic_reference,hindsight_myopic_reference,16381998.0,108386.0
yield_streets_transport_x130,austin,scarce,8,uniform,uniform,19404252.0,132076.0
yield_streets_transport_x130,austin,scarce,8,proportional,valbest,14871897.0,97845.0
yield_streets_transport_x130,austin,scarce,8,greedy_ev_point,valbest,14251225.0,94340.0
yield_streets_transport_x130,austin,scarce,8,greedy_ev_quantile,quantile/full_arm,14077775.0,92714.0
yield_streets_transport_x130,austin,scarce,8,hindsight_myopic_reference,hindsight_myopic_reference,13866489.0,91298.0
yield_water_sewer_x070,austin,scarce,8,uniform,uniform,19977726.0,136216.0
yield_water_sewer_x070,austin,scarce,8,proportional,valbest,16383102.0,108390.0
yield_water_sewer_x070,austin,scarce,8,greedy_ev_point,valbest,16572872.0,110249.0
yield_water_sewer_x070,austin,scarce,8,greedy_ev_quantile,quantile/full_arm,16410288.0,108684.0
yield_water_sewer_x070,austin,scarce,8,hindsight_myopic_reference,hindsight_myopic_reference,16381998.0,108386.0
yield_water_sewer_x130,austin,scarce,8,uniform,uniform,19977638.0,136216.0
yield_water_sewer_x130,austin,scarce,8,proportional,valbest,16383102.0,108390.0
yield_water_sewer_x130,austin,scarce,8,greedy_ev_point,valbest,16440752.0,109383.0
yield_water_sewer_x130,austin,scarce,8,greedy_ev_quantile,quantile/full_arm,16279368.0,107819.0
yield_water_sewer_x130,austin,scarce,8,hindsight_myopic_reference,hindsight_myopic_reference,16240877.0,107485.0
abandonment_10,austin,scarce,8,uniform,uniform,1324695.2133,4428.1383
abandonment_10,austin,scarce,8,proportional,valbest,1049998.0015,3390.1999
abandonment_10,austin,scarce,8,greedy_ev_point,valbest,1070230.9121,3418.5672
abandonment_10,austin,scarce,8,greedy_ev_quantile,quantile/full_arm,1052240.8764,3392.1452
abandonment_10,austin,scarce,8,hindsight_myopic_reference,hindsight_myopic_reference,1049958.0015,3390.1999
normative_weights,austin,moderate,11,uniform,uniform,31317861.0,114472.0
normative_weights,austin,moderate,11,proportional,valbest,18406295.0,66998.0
normative_weights,austin,moderate,11,greedy_ev_point,valbest,11674130.0,72206.0
normative_weights,austin,moderate,11,greedy_ev_quantile,quantile/full_arm,11559283.0,71893.0
normative_weights,austin,moderate,11,hindsight_myopic_reference,hindsight_myopic_reference,11412536.0,70556.0
yield_housing_building_x070,austin,moderate,11,uniform,uniform,17113888.0,114472.0
yield_housing_building_x070,austin,moderate,11,proportional,valbest,10758705.0,67943.0
yield_housing_building_x070,austin,moderate,11,greedy_ev_point,valbest,10872803.0,69251.0
yield_housing_building_x070,austin,moderate,11,greedy_ev_quantile,quantile/full_arm,10679297.0,67347.0
yield_housing_building_x070,austin,moderate,11,hindsight_myopic_reference,hindsight_myopic_reference,10648098.0,66986.0
yield_housing_building_x130,austin,moderate,11,uniform,uniform,17113888.0,114472.0
yield_housing_building_x130,austin,moderate,11,proportional,valbest,10589310.0,66473.0
yield_housing_building_x130,austin,moderate,11,greedy_ev_point,valbest,10793156.0,68638.0
yield_housing_building_x130,austin,moderate,11,greedy_ev_quantile,quantile/full_arm,10591670.0,66684.0
yield_housing_building_x130,austin,moderate,11,hindsight_myopic_reference,hindsight_myopic_reference,10566354.0,66393.0
yield_noise_x070,austin,moderate,11,uniform,uniform,17376113.0,117251.0
yield_noise_x070,austin,moderate,11,proportional,valbest,11302176.0,72439.0
yield_noise_x070,austin,moderate,11,greedy_ev_point,valbest,10833179.0,68531.0
yield_noise_x070,austin,moderate,11,greedy_ev_quantile,quantile/full_arm,10668118.0,67215.0
yield_noise_x070,austin,moderate,11,hindsight_myopic_reference,hindsight_myopic_reference,10648098.0,66986.0
yield_noise_x130,austin,moderate,11,uniform,uniform,17103960.0,114472.0
yield_noise_x130,austin,moderate,11,proportional,valbest,10140420.0,63143.0
yield_noise_x130,austin,moderate,11,greedy_ev_point,valbest,10278628.0,64687.0
yield_noise_x130,austin,moderate,11,greedy_ev_quantile,quantile/full_arm,10141655.0,63381.0
yield_noise_x130,austin,moderate,11,hindsight_myopic_reference,hindsight_myopic_reference,10032345.0,62319.0
yield_other_x070,austin,moderate,11,uniform,uniform,18260668.0,122752.0
yield_other_x070,austin,moderate,11,proportional,valbest,12338460.0,79193.0
yield_other_x070,austin,moderate,11,greedy_ev_point,valbest,10810991.0,68850.0
yield_other_x070,austin,moderate,11,greedy_ev_quantile,quantile/full_arm,10662546.0,67181.0
yield_other_x070,austin,moderate,11,hindsight_myopic_reference,hindsight_myopic_reference,10648098.0,66986.0
yield_other_x130,austin,moderate,11,uniform,uniform,15967108.0,106192.0
yield_other_x130,austin,moderate,11,proportional,valbest,9485415.0,58643.0
yield_other_x130,austin,moderate,11,greedy_ev_point,valbest,9394049.0,59129.0
yield_other_x130,austin,moderate,11,greedy_ev_quantile,quantile/full_arm,9259971.0,57462.0
yield_other_x130,austin,moderate,11,hindsight_myopic_reference,hindsight_myopic_reference,9149372.0,56560.0
yield_parks_trees_x070,austin,moderate,11,uniform,uniform,17124031.0,114472.0
yield_parks_trees_x070,austin,moderate,11,proportional,valbest,10964382.0,68985.0
yield_parks_trees_x070,austin,moderate,11,greedy_ev_point,valbest,10863985.0,69286.0
yield_parks_trees_x070,austin,moderate,11,greedy_ev_quantile,quantile/full_arm,10679297.0,67347.0
yield_parks_trees_x070,austin,moderate,11,hindsight_myopic_reference,hindsight_myopic_reference,10648098.0,66986.0
yield_parks_trees_x130,austin,moderate,11,uniform,uniform,17113398.0,114472.0
yield_parks_trees_x130,austin,moderate,11,proportional,valbest,10474755.0,65888.0
yield_parks_trees_x130,austin,moderate,11,greedy_ev_point,valbest,10670971.0,68000.0
yield_parks_trees_x130,austin,moderate,11,greedy_ev_quantile,quantile/full_arm,10490463.0,66202.0
yield_parks_trees_x130,austin,moderate,11,hindsight_myopic_reference,hindsight_myopic_reference,10444907.0,65780.0
yield_public_safety_x070,austin,moderate,11,uniform,uniform,17214483.0,115081.0
yield_public_safety_x070,austin,moderate,11,proportional,valbest,11065965.0,70223.0
yield_public_safety_x070,austin,moderate,11,greedy_ev_point,valbest,10875071.0,69387.0
yield_public_safety_x070,austin,moderate,11,greedy_ev_quantile,quantile/full_arm,10679297.0,67347.0
yield_public_safety_x070,austin,moderate,11,hindsight_myopic_reference,hindsight_myopic_reference,10648098.0,66986.0
yield_public_safety_x130,austin,moderate,11,uniform,uniform,17105559.0,114472.0
yield_public_safety_x130,austin,moderate,11,proportional,valbest,10411720.0,65173.0
yield_public_safety_x130,austin,moderate,11,greedy_ev_point,valbest,10595528.0,67294.0
yield_public_safety_x130,austin,moderate,11,greedy_ev_quantile,quantile/full_arm,10416015.0,65485.0
yield_public_safety_x130,austin,moderate,11,hindsight_myopic_reference,hindsight_myopic_reference,10370935.0,65018.0
yield_sanitation_x070,austin,moderate,11,uniform,uniform,17687278.0,118612.0
yield_sanitation_x070,austin,moderate,11,proportional,valbest,12347310.0,79328.0
yield_sanitation_x070,austin,moderate,11,greedy_ev_point,valbest,10840069.0,68855.0
yield_sanitation_x070,austin,moderate,11,greedy_ev_quantile,quantile/full_arm,10676388.0,67284.0
yield_sanitation_x070,austin,moderate,11,hindsight_myopic_reference,hindsight_myopic_reference,10648098.0,66986.0
yield_sanitation_x130,austin,moderate,11,uniform,uniform,16540498.0,110332.0
yield_sanitation_x130,austin,moderate,11,proportional,valbest,9491070.0,58643.0
yield_sanitation_x130,austin,moderate,11,greedy_ev_point,valbest,9358347.0,58961.0
yield_sanitation_x130,austin,moderate,11,greedy_ev_quantile,quantile/full_arm,9176081.0,57116.0
yield_sanitation_x130,austin,moderate,11,hindsight_myopic_reference,hindsight_myopic_reference,9093844.0,56318.0
yield_streets_transport_x070,austin,moderate,11,uniform,uniform,17687278.0,118612.0
yield_streets_transport_x070,austin,moderate,11,proportional,valbest,13189590.0,85148.0
yield_streets_transport_x070,austin,moderate,11,greedy_ev_point,valbest,11039799.0,72050.0
yield_streets_transport_x070,austin,moderate,11,greedy_ev_quantile,quantile/full_arm,10959941.0,71430.0
yield_streets_transport_x070,austin,moderate,11,hindsight_myopic_reference,hindsight_myopic_reference,10882101.0,70401.0
yield_streets_transport_x130,austin,moderate,11,uniform,uniform,16540498.0,110332.0
yield_streets_transport_x130,austin,moderate,11,proportional,valbest,8701845.0,53258.0
yield_streets_transport_x130,austin,moderate,11,greedy_ev_point,valbest,8569404.0,53437.0
yield_streets_transport_x130,austin,moderate,11,greedy_ev_quantile,quantile/full_arm,8356944.0,51430.0
yield_streets_transport_x130,austin,moderate,11,hindsight_myopic_reference,hindsight_myopic_reference,8132514.0,49898.0
yield_water_sewer_x070,austin,moderate,11,uniform,uniform,17113972.0,114472.0
yield_water_sewer_x070,austin,moderate,11,proportional,valbest,10844370.0,68363.0
yield_water_sewer_x070,austin,moderate,11,greedy_ev_point,valbest,10869184.0,69174.0
yield_water_sewer_x070,austin,moderate,11,greedy_ev_quantile,quantile/full_arm,10679297.0,67347.0
yield_water_sewer_x070,austin,moderate,11,hindsight_myopic_reference,hindsight_myopic_reference,10648098.0,66986.0
yield_water_sewer_x130,austin,moderate,11,uniform,uniform,17113884.0,114472.0
yield_water_sewer_x130,austin,moderate,11,proportional,valbest,10541520.0,66233.0
yield_water_sewer_x130,austin,moderate,11,greedy_ev_point,valbest,10717580.0,68208.0
yield_water_sewer_x130,austin,moderate,11,greedy_ev_quantile,quantile/full_arm,10548377.0,66482.0
yield_water_sewer_x130,austin,moderate,11,hindsight_myopic_reference,hindsight_myopic_reference,10506977.0,66085.0
abandonment_10,austin,moderate,11,uniform,uniform,1120919.8348,3792.2988
abandonment_10,austin,moderate,11,proportional,valbest,649963.7065,2040.6268
abandonment_10,austin,moderate,11,greedy_ev_point,valbest,674662.4666,2089.3898
abandonment_10,austin,moderate,11,greedy_ev_quantile,quantile/full_arm,652419.7719,2042.5476
abandonment_10,austin,moderate,11,hindsight_myopic_reference,hindsight_myopic_reference,649458.0015,2040.1999
normative_weights,austin,generous,13,uniform,uniform,31277293.0,114472.0
normative_weights,austin,generous,13,proportional,valbest,11875924.0,39433.0
normative_weights,austin,generous,13,greedy_ev_point,valbest,8280867.0,51742.0
normative_weights,austin,generous,13,greedy_ev_quantile,quantile/full_arm,8380399.0,52338.0
normative_weights,austin,generous,13,hindsight_myopic_reference,hindsight_myopic_reference,7849215.0,48741.0
yield_housing_building_x070,austin,generous,13,uniform,uniform,17099914.0,114472.0
yield_housing_building_x070,austin,generous,13,proportional,valbest,7000168.0,40753.0
yield_housing_building_x070,austin,generous,13,greedy_ev_point,valbest,7083399.0,41919.0
yield_housing_building_x070,austin,generous,13,greedy_ev_quantile,quantile/full_arm,6856849.0,39747.0
yield_housing_building_x070,austin,generous,13,hindsight_myopic_reference,hindsight_myopic_reference,6825498.0,39386.0
yield_housing_building_x130,austin,generous,13,uniform,uniform,17099914.0,114472.0
yield_housing_building_x130,austin,generous,13,proportional,valbest,6747343.0,38698.0
yield_housing_building_x130,austin,generous,13,greedy_ev_point,valbest,7005048.0,41306.0
yield_housing_building_x130,austin,generous,13,greedy_ev_quantile,quantile/full_arm,6769222.0,39084.0
yield_housing_building_x130,austin,generous,13,hindsight_myopic_reference,hindsight_myopic_reference,6743754.0,38793.0
yield_noise_x070,austin,generous,13,uniform,uniform,17362139.0,117251.0
yield_noise_x070,austin,generous,13,proportional,valbest,7657989.0,46147.0
yield_noise_x070,austin,generous,13,greedy_ev_point,valbest,7030362.0,41088.0
yield_noise_x070,austin,generous,13,greedy_ev_quantile,quantile/full_arm,6845518.0,39615.0
yield_noise_x070,austin,generous,13,hindsight_myopic_reference,hindsight_myopic_reference,6825498.0,39386.0
yield_noise_x130,austin,generous,13,uniform,uniform,17089986.0,114472.0
yield_noise_x130,austin,generous,13,proportional,valbest,6299173.0,35308.0
yield_noise_x130,austin,generous,13,greedy_ev_point,valbest,6492663.0,37355.0
yield_noise_x130,austin,generous,13,greedy_ev_quantile,quantile/full_arm,6319207.0,35781.0
yield_noise_x130,austin,generous,13,hindsight_myopic_reference,hindsight_myopic_reference,6209745.0,34719.0
yield_other_x070,austin,generous,13,uniform,uniform,18246694.0,122752.0
yield_other_x070,austin,generous,13,proportional,valbest,8742088.0,53458.0
yield_other_x070,austin,generous,13,greedy_ev_point,valbest,7124790.0,44133.0
yield_other_x070,austin,generous,13,greedy_ev_quantile,quantile/full_arm,7002956.0,43213.0
yield_other_x070,austin,generous,13,hindsight_myopic_reference,hindsight_myopic_reference,6942773.0,42246.0
yield_other_x130,austin,generous,13,uniform,uniform,15953134.0,106192.0
yield_other_x130,austin,generous,13,proportional,valbest,5520718.0,29908.0
yield_other_x130,austin,generous,13,greedy_ev_point,valbest,5609105.0,31741.0
yield_other_x130,austin,generous,13,greedy_ev_quantile,quantile/full_arm,5437523.0,29862.0
yield_other_x130,austin,generous,13,hindsight_myopic_reference,hindsight_myopic_reference,5326772.0,28960.0
yield_parks_trees_x070,austin,generous,13,uniform,uniform,17100039.0,114472.0
yield_parks_trees_x070,austin,generous,13,proportional,valbest,7203325.0,41795.0
yield_parks_trees_x070,austin,generous,13,greedy_ev_point,valbest,7070959.0,41849.0
yield_parks_trees_x070,austin,generous,13,greedy_ev_quantile,quantile/full_arm,6856849.0,39747.0
yield_parks_trees_x070,austin,generous,13,hindsight_myopic_reference,hindsight_myopic_reference,6825498.0,39386.0
yield_parks_trees_x130,austin,generous,13,uniform,uniform,17099897.0,114472.0
yield_parks_trees_x130,austin,generous,13,proportional,valbest,6633133.0,38128.0
yield_parks_trees_x130,austin,generous,13,greedy_ev_point,valbest,6882954.0,40704.0
yield_parks_trees_x130,austin,generous,13,greedy_ev_quantile,quantile/full_arm,6668015.0,38602.0
yield_parks_trees_x130,austin,generous,13,hindsight_myopic_reference,hindsight_myopic_reference,6622307.0,38180.0
yield_public_safety_x070,austin,generous,13,uniform,uniform,17103503.0,114472.0
yield_public_safety_x070,austin,generous,13,proportional,valbest,7304683.0,42973.0
yield_public_safety_x070,austin,generous,13,greedy_ev_point,valbest,7077444.0,41937.0
yield_public_safety_x070,austin,generous,13,greedy_ev_quantile,quantile/full_arm,6856849.0,39747.0
yield_public_safety_x070,austin,generous,13,hindsight_myopic_reference,hindsight_myopic_reference,6825498.0,39386.0
yield_public_safety_x130,austin,generous,13,uniform,uniform,17098474.0,114472.0
yield_public_safety_x130,austin,generous,13,proportional,valbest,6571723.0,37408.0
yield_public_safety_x130,austin,generous,13,greedy_ev_point,valbest,6800806.0,39907.0
yield_public_safety_x130,austin,generous,13,greedy_ev_quantile,quantile/full_arm,6593567.0,37885.0
yield_public_safety_x130,austin,generous,13,hindsight_myopic_reference,hindsight_myopic_reference,6548335.0,37418.0
yield_sanitation_x070,austin,generous,13,uniform,uniform,17673304.0,118612.0
yield_sanitation_x070,austin,generous,13,proportional,valbest,8801668.0,53713.0
yield_sanitation_x070,austin,generous,13,greedy_ev_point,valbest,7164480.0,44208.0
yield_sanitation_x070,austin,generous,13,greedy_ev_quantile,quantile/full_arm,7025996.0,43423.0
yield_sanitation_x070,austin,generous,13,hindsight_myopic_reference,hindsight_myopic_reference,6959402.0,42475.0
yield_sanitation_x130,austin,generous,13,uniform,uniform,16526524.0,110332.0
yield_sanitation_x130,austin,generous,13,proportional,valbest,5485648.0,29788.0
yield_sanitation_x130,austin,generous,13,greedy_ev_point,valbest,5555891.0,31464.0
yield_sanitation_x130,austin,generous,13,greedy_ev_quantile,quantile/full_arm,5353735.0,29516.0
yield_sanitation_x130,austin,generous,13,hindsight_myopic_reference,hindsight_myopic_reference,5284366.0,28768.0
yield_streets_transport_x070,austin,generous,13,uniform,uniform,17673304.0,118612.0
yield_streets_transport_x070,austin,generous,13,proportional,valbest,9847258.0,61093.0
yield_streets_transport_x070,austin,generous,13,greedy_ev_point,valbest,8814810.0,55828.0
yield_streets_transport_x070,austin,generous,13,greedy_ev_quantile,quantile/full_arm,8699620.0,54924.0
yield_streets_transport_x070,austin,generous,13,hindsight_myopic_reference,hindsight_myopic_reference,8460190.0,52839.0
yield_streets_transport_x130,austin,generous,13,uniform,uniform,16526524.0,110332.0
yield_streets_transport_x130,austin,generous,13,proportional,valbest,4573198.0,23518.0
yield_streets_transport_x130,austin,generous,13,greedy_ev_point,valbest,4813081.0,26248.0
yield_streets_transport_x130,austin,generous,13,greedy_ev_quantile,quantile/full_arm,4542015.0,23930.0
yield_streets_transport_x130,austin,generous,13,hindsight_myopic_reference,hindsight_myopic_reference,4309899.0,22298.0
yield_water_sewer_x070,austin,generous,13,uniform,uniform,17099998.0,114472.0
yield_water_sewer_x070,austin,generous,13,proportional,valbest,7082308.0,41158.0
yield_water_sewer_x070,austin,generous,13,greedy_ev_point,valbest,7085533.0,41928.0
yield_water_sewer_x070,austin,generous,13,greedy_ev_quantile,quantile/full_arm,6856849.0,39747.0
yield_water_sewer_x070,austin,generous,13,hindsight_myopic_reference,hindsight_myopic_reference,6825498.0,39386.0
yield_water_sewer_x130,austin,generous,13,uniform,uniform,17099910.0,114472.0
yield_water_sewer_x130,austin,generous,13,proportional,valbest,6701398.0,38473.0
yield_water_sewer_x130,austin,generous,13,greedy_ev_point,valbest,6953527.0,41062.0
yield_water_sewer_x130,austin,generous,13,greedy_ev_quantile,quantile/full_arm,6725777.0,38882.0
yield_water_sewer_x130,austin,generous,13,hindsight_myopic_reference,hindsight_myopic_reference,6684377.0,38485.0
abandonment_10,austin,generous,13,uniform,uniform,1116835.7137,3792.2988
abandonment_10,austin,generous,13,proportional,valbest,402509.687,1167.7737
abandonment_10,austin,generous,13,greedy_ev_point,valbest,421837.8007,1218.6638
abandonment_10,austin,generous,13,greedy_ev_quantile,quantile/full_arm,401775.3685,1158.8621
abandonment_10,austin,generous,13,hindsight_myopic_reference,hindsight_myopic_reference,398328.8684,1149.772
budgets_train_plus_validation,austin,scarce,9,uniform,uniform,19977636.0,136216.0
budgets_train_plus_validation,austin,scarce,9,proportional,valbest,14471802.0,94590.0
budgets_train_plus_validation,austin,scarce,9,greedy_ev_point,valbest,14662503.0,96455.0
budgets_train_plus_validation,austin,scarce,9,greedy_ev_quantile,quantile/full_arm,14498988.0,94884.0
budgets_train_plus_validation,austin,scarce,9,hindsight_myopic_reference,hindsight_myopic_reference,14470698.0,94586.0
budgets_train_plus_validation,austin,moderate,11,uniform,uniform,17113888.0,114472.0
budgets_train_plus_validation,austin,moderate,11,proportional,valbest,10651410.0,66998.0
budgets_train_plus_validation,austin,moderate,11,greedy_ev_point,valbest,10869184.0,69174.0
budgets_train_plus_validation,austin,moderate,11,greedy_ev_quantile,quantile/full_arm,10679297.0,67347.0
budgets_train_plus_validation,austin,moderate,11,hindsight_myopic_reference,hindsight_myopic_reference,10648098.0,66986.0
budgets_train_plus_validation,austin,generous,14,uniform,uniform,15188614.0,100672.0
budgets_train_plus_validation,austin,generous,14,proportional,valbest,4922185.0,25615.0
budgets_train_plus_validation,austin,generous,14,greedy_ev_point,valbest,5174600.0,28133.0
budgets_train_plus_validation,austin,generous,14,greedy_ev_quantile,quantile/full_arm,4945549.0,25947.0
budgets_train_plus_validation,austin,generous,14,hindsight_myopic_reference,hindsight_myopic_reference,4914198.0,25586.0
austin_other_excluded_recalibrated,austin,scarce,7,uniform,uniform,15152673.0,103140.0
austin_other_excluded_recalibrated,austin,scarce,7,proportional,valbest,11558133.0,75314.0
austin_other_excluded_recalibrated,austin,scarce,7,greedy_ev_point,valbest,11663007.0,76666.0
austin_other_excluded_recalibrated,austin,scarce,7,greedy_ev_quantile,quantile/full_arm,11569152.0,75453.0
austin_other_excluded_recalibrated,austin,scarce,7,hindsight_myopic_reference,hindsight_myopic_reference,11557029.0,75310.0
austin_other_excluded_recalibrated,austin,moderate,8,uniform,uniform,15152667.0,103140.0
austin_other_excluded_recalibrated,austin,moderate,8,proportional,valbest,9649591.0,61524.0
austin_other_excluded_recalibrated,austin,moderate,8,greedy_ev_point,valbest,9773398.0,63170.0
austin_other_excluded_recalibrated,austin,moderate,8,greedy_ev_quantile,quantile/full_arm,9659969.0,61705.0
austin_other_excluded_recalibrated,austin,moderate,8,hindsight_myopic_reference,hindsight_myopic_reference,9645729.0,61510.0
austin_other_excluded_recalibrated,austin,generous,10,uniform,uniform,14199542.0,95196.0
austin_other_excluded_recalibrated,austin,generous,10,proportional,valbest,5826991.0,33924.0
austin_other_excluded_recalibrated,austin,generous,10,greedy_ev_point,valbest,5985449.0,35769.0
austin_other_excluded_recalibrated,austin,generous,10,greedy_ev_quantile,quantile/full_arm,5837521.0,34105.0
austin_other_excluded_recalibrated,austin,generous,10,hindsight_myopic_reference,hindsight_myopic_reference,5823129.0,33910.0
normative_weights,chicago,scarce,29,uniform,uniform,93101553.0,302482.0
normative_weights,chicago,scarce,29,proportional,valbest,71827906.0,209768.0
normative_weights,chicago,scarce,29,greedy_ev_point,valbest,60565756.0,219236.0
normative_weights,chicago,scarce,29,greedy_ev_quantile,quantile/full_arm,59525811.0,214865.0
normative_weights,chicago,scarce,29,hindsight_myopic_reference,hindsight_myopic_reference,58310045.0,211168.0
yield_housing_building_x070,chicago,scarce,29,uniform,uniform,47739815.0,302573.0
yield_housing_building_x070,chicago,scarce,29,proportional,valbest,38396103.0,219068.0
yield_housing_building_x070,chicago,scarce,29,greedy_ev_point,valbest,38143298.0,215943.0
yield_housing_building_x070,chicago,scarce,29,greedy_ev_quantile,quantile/full_arm,37225727.0,210400.0
yield_housing_building_x070,chicago,scarce,29,hindsight_myopic_reference,hindsight_myopic_reference,37162683.0,209768.0
yield_housing_building_x130,chicago,scarce,29,uniform,uniform,47723380.0,302482.0
yield_housing_building_x130,chicago,scarce,29,proportional,valbest,36191118.0,202583.0
yield_housing_building_x130,chicago,scarce,29,greedy_ev_point,valbest,36797517.0,206166.0
yield_housing_building_x130,chicago,scarce,29,greedy_ev_quantile,quantile/full_arm,35901036.0,201033.0
yield_housing_building_x130,chicago,scarce,29,hindsight_myopic_reference,hindsight_myopic_reference,35820249.0,200419.0
yield_other_x070,chicago,scarce,29,uniform,uniform,48618472.0,306063.0
yield_other_x070,chicago,scarce,29,proportional,valbest,38448978.0,219503.0
yield_other_x070,chicago,scarce,29,greedy_ev_point,valbest,38175414.0,216190.0
yield_other_x070,chicago,scarce,29,greedy_ev_quantile,quantile/full_arm,37232993.0,210432.0
yield_other_x070,chicago,scarce,29,hindsight_myopic_reference,hindsight_myopic_reference,37162683.0,209768.0
yield_other_x130,chicago,scarce,29,uniform,uniform,47723437.0,302482.0
yield_other_x130,chicago,scarce,29,proportional,valbest,36158928.0,202463.0
yield_other_x130,chicago,scarce,29,greedy_ev_point,valbest,36728312.0,206096.0
yield_other_x130,chicago,scarce,29,greedy_ev_quantile,quantile/full_arm,35882927.0,201233.0
yield_other_x130,chicago,scarce,29,hindsight_myopic_reference,hindsight_myopic_reference,35782055.0,200492.0
yield_parks_trees_x070,chicago,scarce,29,uniform,uniform,50017315.0,319042.0
yield_parks_trees_x070,chicago,scarce,29,proportional,valbest,39410643.0,225443.0
yield_parks_trees_x070,chicago,scarce,29,greedy_ev_point,valbest,37763452.0,214768.0
yield_parks_trees_x070,chicago,scarce,29,greedy_ev_quantile,quantile/full_arm,37205593.0,210315.0
yield_parks_trees_x070,chicago,scarce,29,hindsight_myopic_reference,hindsight_myopic_reference,37162683.0,209768.0
yield_parks_trees_x130,chicago,scarce,29,uniform,uniform,45776369.0,293193.0
yield_parks_trees_x130,chicago,scarce,29,proportional,valbest,35521383.0,198668.0
yield_parks_trees_x130,chicago,scarce,29,greedy_ev_point,valbest,35800781.0,200606.0
yield_parks_trees_x130,chicago,scarce,29,greedy_ev_quantile,quantile/full_arm,35190744.0,197209.0
yield_parks_trees_x130,chicago,scarce,29,hindsight_myopic_reference,hindsight_myopic_reference,34872624.0,195257.0
yield_public_safety_x070,chicago,scarce,29,uniform,uniform,47922974.0,302482.0
yield_public_safety_x070,chicago,scarce,29,proportional,valbest,38232318.0,216683.0
yield_public_safety_x070,chicago,scarce,29,greedy_ev_point,valbest,37940495.0,214754.0
yield_public_safety_x070,chicago,scarce,29,greedy_ev_quantile,quantile/full_arm,37207529.0,210121.0
yield_public_safety_x070,chicago,scarce,29,hindsight_myopic_reference,hindsight_myopic_reference,37162683.0,209768.0
yield_public_safety_x130,chicago,scarce,29,uniform,uniform,47654273.0,302482.0
yield_public_safety_x130,chicago,scarce,29,proportional,valbest,36403038.0,204728.0
yield_public_safety_x130,chicago,scarce,29,greedy_ev_point,valbest,37127455.0,210355.0
yield_public_safety_x130,chicago,scarce,29,greedy_ev_quantile,quantile/full_arm,36346344.0,205605.0
yield_public_safety_x130,chicago,scarce,29,hindsight_myopic_reference,hindsight_myopic_reference,36114259.0,204404.0
yield_sanitation_x070,chicago,scarce,29,uniform,uniform,50017315.0,319042.0
yield_sanitation_x070,chicago,scarce,29,proportional,valbest,44352288.0,262898.0
yield_sanitation_x070,chicago,scarce,29,greedy_ev_point,valbest,38655870.0,225659.0
yield_sanitation_x070,chicago,scarce,29,greedy_ev_quantile,quantile/full_arm,37903374.0,222256.0
yield_sanitation_x070,chicago,scarce,29,hindsight_myopic_reference,hindsight_myopic_reference,37745615.0,220005.0
yield_sanitation_x130,chicago,scarce,29,uniform,uniform,45430195.0,285922.0
yield_sanitation_x130,chicago,scarce,29,proportional,valbest,31205328.0,166433.0
yield_sanitation_x130,chicago,scarce,29,greedy_ev_point,valbest,29874779.0,163609.0
yield_sanitation_x130,chicago,scarce,29,greedy_ev_quantile,quantile/full_arm,29149499.0,158196.0
yield_sanitation_x130,chicago,scarce,29,hindsight_myopic_reference,hindsight_myopic_reference,28623752.0,154516.0
yield_streets_transport_x070,chicago,scarce,29,uniform,uniform,50017315.0,319042.0
yield_streets_transport_x070,chicago,scarce,29,proportional,valbest,41827668.0,244313.0
yield_streets_transport_x070,chicago,scarce,29,greedy_ev_point,valbest,38101878.0,215361.0
yield_streets_transport_x070,chicago,scarce,29,greedy_ev_quantile,quantile/full_arm,37208413.0,210125.0
yield_streets_transport_x070,chicago,scarce,29,hindsight_myopic_reference,hindsight_myopic_reference,37162683.0,209768.0
yield_streets_transport_x130,chicago,scarce,29,uniform,uniform,45430195.0,285922.0
yield_streets_transport_x130,chicago,scarce,29,proportional,valbest,33559548.0,183023.0
yield_streets_transport_x130,chicago,scarce,29,greedy_ev_point,valbest,32973926.0,180273.0
yield_streets_transport_x130,chicago,scarce,29,greedy_ev_quantile,quantile/full_arm,32195041.0,175018.0
yield_streets_transport_x130,chicago,scarce,29,hindsight_myopic_reference,hindsight_myopic_reference,31890892.0,172801.0
yield_water_sewer_x070,chicago,scarce,29,uniform,uniform,47882486.0,303462.0
yield_water_sewer_x070,chicago,scarce,29,proportional,valbest,38338488.0,217793.0
yield_water_sewer_x070,chicago,scarce,29,greedy_ev_point,valbest,38101878.0,215361.0
yield_water_sewer_x070,chicago,scarce,29,greedy_ev_quantile,quantile/full_arm,37208413.0,210125.0
yield_water_sewer_x070,chicago,scarce,29,hindsight_myopic_reference,hindsight_myopic_reference,37162683.0,209768.0
yield_water_sewer_x130,chicago,scarce,29,uniform,uniform,47709577.0,301756.0
yield_water_sewer_x130,chicago,scarce,29,proportional,valbest,36402018.0,204593.0
yield_water_sewer_x130,chicago,scarce,29,greedy_ev_point,valbest,37212437.0,209343.0
yield_water_sewer_x130,chicago,scarce,29,greedy_ev_quantile,quantile/full_arm,36259803.0,203707.0
yield_water_sewer_x130,chicago,scarce,29,hindsight_myopic_reference,hindsight_myopic_reference,36053031.0,202415.0
abandonment_10,chicago,scarce,29,uniform,uniform,3040685.8789,8789.8847
abandonment_10,chicago,scarce,29,proportional,valbest,2057074.1667,5390.372
abandonment_10,chicago,scarce,29,greedy_ev_point,valbest,2130635.7666,5548.5084
abandonment_10,chicago,scarce,29,greedy_ev_quantile,quantile/full_arm,2061635.6094,5395.6317
abandonment_10,chicago,scarce,29,hindsight_myopic_reference,hindsight_myopic_reference,2056101.5855,5388.7937
normative_weights,chicago,moderate,38,uniform,uniform,82862260.0,264751.0
normative_weights,chicago,moderate,38,proportional,valbest,38429560.0,85586.0
normative_weights,chicago,moderate,38,greedy_ev_point,valbest,27736605.0,99693.0
normative_weights,chicago,moderate,38,greedy_ev_quantile,quantile/full_arm,25910019.0,93417.0
normative_weights,chicago,moderate,38,hindsight_myopic_reference,hindsight_myopic_reference,24571084.0,88049.0
yield_housing_building_x070,chicago,moderate,38,uniform,uniform,41458823.0,264751.0
yield_housing_building_x070,chicago,moderate,38,proportional,valbest,21742191.0,99131.0
yield_housing_building_x070,chicago,moderate,38,greedy_ev_point,valbest,21543522.0,96789.0
yield_housing_building_x070,chicago,moderate,38,greedy_ev_quantile,quantile/full_arm,20101876.0,86765.0
yield_housing_building_x070,chicago,moderate,38,hindsight_myopic_reference,hindsight_myopic_reference,19960983.0,85568.0
yield_housing_building_x130,chicago,moderate,38,uniform,uniform,41456066.0,264751.0
yield_housing_building_x130,chicago,moderate,38,proportional,valbest,18803451.0,77051.0
yield_housing_building_x130,chicago,moderate,38,greedy_ev_point,valbest,20169308.0,87314.0
yield_housing_building_x130,chicago,moderate,38,greedy_ev_quantile,quantile/full_arm,18787837.0,77640.0
yield_housing_building_x130,chicago,moderate,38,hindsight_myopic_reference,hindsight_myopic_reference,18618549.0,76219.0
yield_other_x070,chicago,moderate,38,uniform,uniform,41456275.0,264751.0
yield_other_x070,chicago,moderate,38,proportional,valbest,21810486.0,99671.0
yield_other_x070,chicago,moderate,38,greedy_ev_point,valbest,21581212.0,96986.0
yield_other_x070,chicago,moderate,38,greedy_ev_quantile,quantile/full_arm,20108587.0,86782.0
yield_other_x070,chicago,moderate,38,hindsight_myopic_reference,hindsight_myopic_reference,19960983.0,85568.0
yield_other_x130,chicago,moderate,38,uniform,uniform,41456191.0,264751.0
yield_other_x130,chicago,moderate,38,proportional,valbest,18781566.0,76961.0
yield_other_x130,chicago,moderate,38,greedy_ev_point,valbest,20089408.0,87194.0
yield_other_x130,chicago,moderate,38,greedy_ev_quantile,quantile/full_arm,18769728.0,77840.0
yield_other_x130,chicago,moderate,38,hindsight_myopic_reference,hindsight_myopic_reference,18580355.0,76292.0
yield_parks_trees_x070,chicago,moderate,38,uniform,uniform,43443855.0,271400.0
yield_parks_trees_x070,chicago,moderate,38,proportional,valbest,23042901.0,106931.0
yield_parks_trees_x070,chicago,moderate,38,greedy_ev_point,valbest,21332281.0,95125.0
yield_parks_trees_x070,chicago,moderate,38,greedy_ev_quantile,quantile/full_arm,20085690.0,86572.0
yield_parks_trees_x070,chicago,moderate,38,hindsight_myopic_reference,hindsight_myopic_reference,19960983.0,85568.0
yield_parks_trees_x130,chicago,moderate,38,uniform,uniform,41294116.0,264649.0
yield_parks_trees_x130,chicago,moderate,38,proportional,valbest,17949681.0,71966.0
yield_parks_trees_x130,chicago,moderate,38,greedy_ev_point,valbest,19235918.0,82104.0
yield_parks_trees_x130,chicago,moderate,38,greedy_ev_quantile,quantile/full_arm,18077545.0,73816.0
yield_parks_trees_x130,chicago,moderate,38,hindsight_myopic_reference,hindsight_myopic_reference,17670924.0,71057.0
yield_public_safety_x070,chicago,moderate,38,uniform,uniform,41570689.0,264751.0
yield_public_safety_x070,chicago,moderate,38,proportional,valbest,21440661.0,94961.0
yield_public_safety_x070,chicago,moderate,38,greedy_ev_point,valbest,21326009.0,95850.0
yield_public_safety_x070,chicago,moderate,38,greedy_ev_quantile,quantile/full_arm,20094321.0,86728.0
yield_public_safety_x070,chicago,moderate,38,hindsight_myopic_reference,hindsight_myopic_reference,19960983.0,85568.0
yield_public_safety_x130,chicago,moderate,38,uniform,uniform,41412316.0,264751.0
yield_public_safety_x130,chicago,moderate,38,proportional,valbest,19025976.0,80081.0
yield_public_safety_x130,chicago,moderate,38,greedy_ev_point,valbest,20413981.0,91053.0
yield_public_safety_x130,chicago,moderate,38,greedy_ev_quantile,quantile/full_arm,19222145.0,82162.0
yield_public_safety_x130,chicago,moderate,38,hindsight_myopic_reference,hindsight_myopic_reference,18912439.0,80204.0
yield_sanitation_x070,chicago,moderate,38,uniform,uniform,44323141.0,285451.0
yield_sanitation_x070,chicago,moderate,38,proportional,valbest,29831496.0,158396.0
yield_sanitation_x070,chicago,moderate,38,greedy_ev_point,valbest,26852214.0,143563.0
yield_sanitation_x070,chicago,moderate,38,greedy_ev_quantile,quantile/full_arm,26157920.0,139878.0
yield_sanitation_x070,chicago,moderate,38,hindsight_myopic_reference,hindsight_myopic_reference,25407613.0,134247.0
yield_sanitation_x130,chicago,moderate,38,uniform,uniform,38589241.0,244051.0
yield_sanitation_x130,chicago,moderate,38,proportional,valbest,12386946.0,31856.0
yield_sanitation_x130,chicago,moderate,38,greedy_ev_point,valbest,13088396.0,41509.0
yield_sanitation_x130,chicago,moderate,38,greedy_ev_quantile,quantile/full_arm,12014994.0,34350.0
yield_sanitation_x130,chicago,moderate,38,hindsight_myopic_reference,hindsight_myopic_reference,11421861.0,30316.0
yield_streets_transport_x070,chicago,moderate,38,uniform,uniform,44323141.0,285451.0
yield_streets_transport_x070,chicago,moderate,38,proportional,valbest,26338971.0,133751.0
yield_streets_transport_x070,chicago,moderate,38,greedy_ev_point,valbest,22587328.0,118116.0
yield_streets_transport_x070,chicago,moderate,38,greedy_ev_quantile,quantile/full_arm,21679041.0,113341.0
yield_streets_transport_x070,chicago,moderate,38,hindsight_myopic_reference,hindsight_myopic_reference,21361352.0,109507.0
yield_streets_transport_x130,chicago,moderate,38,uniform,uniform,38589241.0,244051.0
yield_streets_transport_x130,chicago,moderate,38,proportional,valbest,15408501.0,51476.0
yield_streets_transport_x130,chicago,moderate,38,greedy_ev_point,valbest,16107285.0,57573.0
yield_streets_transport_x130,chicago,moderate,38,greedy_ev_quantile,quantile/full_arm,14993176.0,50818.0
yield_streets_transport_x130,chicago,moderate,38,hindsight_myopic_reference,hindsight_myopic_reference,14689012.0,48601.0
yield_water_sewer_x070,chicago,moderate,38,uniform,uniform,41482383.0,265873.0
yield_water_sewer_x070,chicago,moderate,38,proportional,valbest,21486696.0,96146.0
yield_water_sewer_x070,chicago,moderate,38,greedy_ev_point,valbest,21402749.0,96159.0
yield_water_sewer_x070,chicago,moderate,38,greedy_ev_quantile,quantile/full_arm,20087932.0,86705.0
yield_water_sewer_x070,chicago,moderate,38,hindsight_myopic_reference,hindsight_myopic_reference,19960983.0,85568.0
yield_water_sewer_x130,chicago,moderate,38,uniform,uniform,41451127.0,264747.0
yield_water_sewer_x130,chicago,moderate,38,proportional,valbest,18991551.0,79031.0
yield_water_sewer_x130,chicago,moderate,38,greedy_ev_point,valbest,20399684.0,89291.0
yield_water_sewer_x130,chicago,moderate,38,greedy_ev_quantile,quantile/full_arm,19100210.0,80087.0
yield_water_sewer_x130,chicago,moderate,38,hindsight_myopic_reference,hindsight_myopic_reference,18851331.0,78215.0
abandonment_10,chicago,moderate,38,uniform,uniform,2652234.6969,7494.1944
abandonment_10,chicago,moderate,38,proportional,valbest,1046456.2091,2020.4028
abandonment_10,chicago,moderate,38,greedy_ev_point,valbest,1125607.8886,2209.6443
abandonment_10,chicago,moderate,38,greedy_ev_quantile,quantile/full_arm,1052658.9193,2026.4397
abandonment_10,chicago,moderate,38,hindsight_myopic_reference,hindsight_myopic_reference,1041811.8617,2012.4926
normative_weights,chicago,generous,46,uniform,uniform,74894659.0,237057.0
normative_weights,chicago,generous,46,proportional,valbest,10561065.0,1002.0
normative_weights,chicago,generous,46,greedy_ev_point,valbest,8340325.0,1308.0
normative_weights,chicago,generous,46,greedy_ev_quantile,quantile/full_arm,7663790.0,1341.0
normative_weights,chicago,generous,46,hindsight_myopic_reference,hindsight_myopic_reference,6374349.0,1025.0
yield_housing_building_x070,chicago,generous,46,uniform,uniform,37425899.0,237057.0
yield_housing_building_x070,chicago,generous,46,proportional,valbest,7123443.0,1164.0
yield_housing_building_x070,chicago,generous,46,greedy_ev_point,valbest,7532065.0,7131.0
yield_housing_building_x070,chicago,generous,46,greedy_ev_quantile,quantile/full_arm,6108100.0,1084.0
yield_housing_building_x070,chicago,generous,46,hindsight_myopic_reference,hindsight_myopic_reference,5833655.0,854.0
yield_housing_building_x130,chicago,generous,46,uniform,uniform,37425324.0,237057.0
yield_housing_building_x130,chicago,generous,46,proportional,valbest,4559807.0,886.0
yield_housing_building_x130,chicago,generous,46,greedy_ev_point,valbest,5937856.0,988.0
yield_housing_building_x130,chicago,generous,46,greedy_ev_quantile,quantile/full_arm,4661099.0,891.0
yield_housing_building_x130,chicago,generous,46,hindsight_myopic_reference,hindsight_myopic_reference,4534064.0,717.0
yield_other_x070,chicago,generous,46,uniform,uniform,37425429.0,237057.0
yield_other_x070,chicago,generous,46,proportional,valbest,7187374.0,1104.0
yield_other_x070,chicago,generous,46,greedy_ev_point,valbest,7599834.0,7333.0
yield_other_x070,chicago,generous,46,greedy_ev_quantile,quantile/full_arm,6154457.0,1036.0
yield_other_x070,chicago,generous,46,hindsight_myopic_reference,hindsight_myopic_reference,5871328.0,852.0
yield_other_x130,chicago,generous,46,uniform,uniform,37425429.0,237057.0
yield_other_x130,chicago,generous,46,proportional,valbest,4530838.0,929.0
yield_other_x130,chicago,generous,46,greedy_ev_point,valbest,5881764.0,1016.0
yield_other_x130,chicago,generous,46,greedy_ev_quantile,quantile/full_arm,4644463.0,886.0
yield_other_x130,chicago,generous,46,hindsight_myopic_reference,hindsight_myopic_reference,4507165.0,752.0
yield_parks_trees_x070,chicago,generous,46,uniform,uniform,38309801.0,237312.0
yield_parks_trees_x070,chicago,generous,46,proportional,valbest,8530701.0,2681.0
yield_parks_trees_x070,chicago,generous,46,greedy_ev_point,valbest,8125837.0,13290.0
yield_parks_trees_x070,chicago,generous,46,greedy_ev_quantile,quantile/full_arm,7096341.0,7952.0
yield_parks_trees_x070,chicago,generous,46,hindsight_myopic_reference,hindsight_myopic_reference,6649328.0,3127.0
yield_parks_trees_x130,chicago,generous,46,uniform,uniform,37406658.0,237045.0
yield_parks_trees_x130,chicago,generous,46,proportional,valbest,3941483.0,776.0
yield_parks_trees_x130,chicago,generous,46,greedy_ev_point,valbest,5215828.0,913.0
yield_parks_trees_x130,chicago,generous,46,greedy_ev_quantile,quantile/full_arm,4168560.0,797.0
yield_parks_trees_x130,chicago,generous,46,hindsight_myopic_reference,hindsight_myopic_reference,3896252.0,637.0
yield_public_safety_x070,chicago,generous,46,uniform,uniform,37482832.0,237057.0
yield_public_safety_x070,chicago,generous,46,proportional,valbest,6848352.0,1002.0
yield_public_safety_x070,chicago,generous,46,greedy_ev_point,valbest,7073225.0,1296.0
yield_public_safety_x070,chicago,generous,46,greedy_ev_quantile,quantile/full_arm,5805023.0,991.0
yield_public_safety_x070,chicago,generous,46,hindsight_myopic_reference,hindsight_myopic_reference,5629886.0,852.0
yield_public_safety_x130,chicago,generous,46,uniform,uniform,37402864.0,237057.0
yield_public_safety_x130,chicago,generous,46,proportional,valbest,4683363.0,1002.0
yield_public_safety_x130,chicago,generous,46,greedy_ev_point,valbest,6111378.0,1121.0
yield_public_safety_x130,chicago,generous,46,greedy_ev_quantile,quantile/full_arm,4907340.0,991.0
yield_public_safety_x130,chicago,generous,46,hindsight_myopic_reference,hindsight_myopic_reference,4663113.0,852.0
yield_sanitation_x070,chicago,generous,46,uniform,uniform,40865769.0,261897.0
yield_sanitation_x070,chicago,generous,46,proportional,valbest,17041296.0,66101.0
yield_sanitation_x070,chicago,generous,46,greedy_ev_point,valbest,16453791.0,67788.0
yield_sanitation_x070,chicago,generous,46,greedy_ev_quantile,quantile/full_arm,15763146.0,64033.0
yield_sanitation_x070,chicago,generous,46,hindsight_myopic_reference,hindsight_myopic_reference,14792640.0,57453.0
yield_sanitation_x130,chicago,generous,46,uniform,uniform,33985089.0,212217.0
yield_sanitation_x130,chicago,generous,46,proportional,valbest,1287657.0,574.0
yield_sanitation_x130,chicago,generous,46,greedy_ev_point,valbest,1795829.0,573.0
yield_sanitation_x130,chicago,generous,46,greedy_ev_quantile,quantile/full_arm,1374535.0,544.0
yield_sanitation_x130,chicago,generous,46,hindsight_myopic_reference,hindsight_myopic_reference,1178186.0,287.0
yield_streets_transport_x070,chicago,generous,46,uniform,uniform,40865769.0,261897.0
yield_streets_transport_x070,chicago,generous,46,proportional,valbest,12762351.0,37646.0
yield_streets_transport_x070,chicago,generous,46,greedy_ev_point,valbest,12152528.0,44581.0
yield_streets_transport_x070,chicago,generous,46,greedy_ev_quantile,quantile/full_arm,11229161.0,39351.0
yield_streets_transport_x070,chicago,generous,46,hindsight_myopic_reference,hindsight_myopic_reference,10459781.0,33058.0
yield_streets_transport_x130,chicago,generous,46,uniform,uniform,33985089.0,212217.0
yield_streets_transport_x130,chicago,generous,46,proportional,valbest,2504127.0,484.0
yield_streets_transport_x130,chicago,generous,46,greedy_ev_point,valbest,3240788.0,482.0
yield_streets_transport_x130,chicago,generous,46,greedy_ev_quantile,quantile/full_arm,2541226.0,474.0
yield_streets_transport_x130,chicago,generous,46,hindsight_myopic_reference,hindsight_myopic_reference,2389548.0,247.0
yield_water_sewer_x070,chicago,generous,46,uniform,uniform,37439134.0,237623.0
yield_water_sewer_x070,chicago,generous,46,proportional,valbest,6878087.0,1044.0
yield_water_sewer_x070,chicago,generous,46,greedy_ev_point,valbest,7270384.0,4084.0
yield_water_sewer_x070,chicago,generous,46,greedy_ev_quantile,quantile/full_arm,5923174.0,1008.0
yield_water_sewer_x070,chicago,generous,46,hindsight_myopic_reference,hindsight_myopic_reference,5708935.0,852.0
yield_water_sewer_x130,chicago,generous,46,uniform,uniform,37422842.0,237057.0
yield_water_sewer_x130,chicago,generous,46,proportional,valbest,4677288.0,974.0
yield_water_sewer_x130,chicago,generous,46,greedy_ev_point,valbest,6074686.0,1128.0
yield_water_sewer_x130,chicago,generous,46,greedy_ev_quantile,quantile/full_arm,4867389.0,912.0
yield_water_sewer_x130,chicago,generous,46,hindsight_myopic_reference,hindsight_myopic_reference,4657844.0,762.0
abandonment_10,chicago,generous,46,uniform,uniform,2353188.4643,6518.0904
abandonment_10,chicago,generous,46,proportional,valbest,466693.6454,786.78
abandonment_10,chicago,generous,46,greedy_ev_point,valbest,530402.5186,860.1862
abandonment_10,chicago,generous,46,greedy_ev_quantile,quantile/full_arm,470716.5905,795.8354
abandonment_10,chicago,generous,46,hindsight_myopic_reference,hindsight_myopic_reference,457993.6697,677.565
budgets_train_plus_validation,chicago,scarce,29,uniform,uniform,47723755.0,302482.0
budgets_train_plus_validation,chicago,scarce,29,proportional,valbest,37162683.0,209768.0
budgets_train_plus_validation,chicago,scarce,29,greedy_ev_point,valbest,38101878.0,215361.0
budgets_train_plus_validation,chicago,scarce,29,greedy_ev_quantile,quantile/full_arm,37208413.0,210125.0
budgets_train_plus_validation,chicago,scarce,29,hindsight_myopic_reference,hindsight_myopic_reference,37162683.0,209768.0
budgets_train_plus_validation,chicago,moderate,38,uniform,uniform,41456191.0,264751.0
budgets_train_plus_validation,chicago,moderate,38,proportional,valbest,19965951.0,85586.0
budgets_train_plus_validation,chicago,moderate,38,greedy_ev_point,valbest,21402749.0,96159.0
budgets_train_plus_validation,chicago,moderate,38,greedy_ev_quantile,quantile/full_arm,20087932.0,86705.0
budgets_train_plus_validation,chicago,moderate,38,hindsight_myopic_reference,hindsight_myopic_reference,19960983.0,85568.0
budgets_train_plus_validation,chicago,generous,46,uniform,uniform,37425429.0,237057.0
budgets_train_plus_validation,chicago,generous,46,proportional,valbest,5451379.0,1002.0
budgets_train_plus_validation,chicago,generous,46,greedy_ev_point,valbest,6920807.0,1121.0
budgets_train_plus_validation,chicago,generous,46,greedy_ev_quantile,quantile/full_arm,5561653.0,991.0
budgets_train_plus_validation,chicago,generous,46,hindsight_myopic_reference,hindsight_myopic_reference,5443612.0,852.0
normative_weights,nyc,scarce,119,uniform,uniform,319715284.0,1472303.0
normative_weights,nyc,scarce,119,proportional,valbest,253823521.0,1103316.0
normative_weights,nyc,scarce,119,greedy_ev_point,valbest,173234652.0,1144557.0
normative_weights,nyc,scarce,119,greedy_ev_quantile,quantile/full_arm,167009140.0,1115207.0
normative_weights,nyc,scarce,119,hindsight_myopic_reference,hindsight_myopic_reference,164251678.0,1104786.0
yield_housing_building_x070,nyc,scarce,119,uniform,uniform,198789194.0,1534403.0
yield_housing_building_x070,nyc,scarce,119,proportional,valbest,158998916.0,1207296.0
yield_housing_building_x070,nyc,scarce,119,greedy_ev_point,valbest,154512408.0,1168690.0
yield_housing_building_x070,nyc,scarce,119,greedy_ev_quantile,quantile/full_arm,146796333.0,1113128.0
yield_housing_building_x070,nyc,scarce,119,hindsight_myopic_reference,hindsight_myopic_reference,146024681.0,1103316.0
yield_housing_building_x130,nyc,scarce,119,uniform,uniform,181587494.0,1410203.0
yield_housing_building_x130,nyc,scarce,119,proportional,valbest,136311086.0,1022706.0
yield_housing_building_x130,nyc,scarce,119,greedy_ev_point,valbest,139045323.0,1025060.0
yield_housing_building_x130,nyc,scarce,119,greedy_ev_quantile,quantile/full_arm,132067300.0,979237.0
yield_housing_building_x130,nyc,scarce,119,hindsight_myopic_reference,hindsight_myopic_reference,130530976.0,963762.0
yield_noise_x070,nyc,scarce,119,uniform,uniform,198789194.0,1534403.0
yield_noise_x070,nyc,scarce,119,proportional,valbest,164762711.0,1238976.0
yield_noise_x070,nyc,scarce,119,greedy_ev_point,valbest,150964368.0,1145465.0
yield_noise_x070,nyc,scarce,119,greedy_ev_quantile,quantile/full_arm,146673940.0,1108691.0
yield_noise_x070,nyc,scarce,119,hindsight_myopic_reference,hindsight_myopic_reference,146024681.0,1103316.0
yield_noise_x130,nyc,scarce,119,uniform,uniform,181587494.0,1410203.0
yield_noise_x130,nyc,scarce,119,proportional,valbest,131798936.0,1000131.0
yield_noise_x130,nyc,scarce,119,greedy_ev_point,valbest,133831633.0,1016254.0
yield_noise_x130,nyc,scarce,119,greedy_ev_quantile,quantile/full_arm,128452525.0,981326.0
yield_noise_x130,nyc,scarce,119,hindsight_myopic_reference,hindsight_myopic_reference,125458602.0,953220.0
yield_other_x070,nyc,scarce,119,uniform,uniform,195477380.0,1498798.0
yield_other_x070,nyc,scarce,119,proportional,valbest,151762151.0,1143396.0
yield_other_x070,nyc,scarce,119,greedy_ev_point,valbest,154578774.0,1163775.0
yield_other_x070,nyc,scarce,119,greedy_ev_quantile,quantile/full_arm,146954061.0,1109964.0
yield_other_x070,nyc,scarce,119,hindsight_myopic_reference,hindsight_myopic_reference,146024681.0,1103316.0
yield_other_x130,nyc,scarce,119,uniform,uniform,190174837.0,1472303.0
yield_other_x130,nyc,scarce,119,proportional,valbest,141953006.0,1075221.0
yield_other_x130,nyc,scarce,119,greedy_ev_point,valbest,148330918.0,1121098.0
yield_other_x130,nyc,scarce,119,greedy_ev_quantile,quantile/full_arm,141326130.0,1071939.0
yield_other_x130,nyc,scarce,119,hindsight_myopic_reference,hindsight_myopic_reference,140237893.0,1064218.0
yield_parks_trees_x070,nyc,scarce,119,uniform,uniform,190232207.0,1472303.0
yield_parks_trees_x070,nyc,scarce,119,proportional,valbest,149508806.0,1125576.0
yield_parks_trees_x070,nyc,scarce,119,greedy_ev_point,valbest,154284334.0,1162194.0
yield_parks_trees_x070,nyc,scarce,119,greedy_ev_quantile,quantile/full_arm,146881539.0,1109589.0
yield_parks_trees_x070,nyc,scarce,119,hindsight_myopic_reference,hindsight_myopic_reference,146024681.0,1103316.0
yield_parks_trees_x130,nyc,scarce,119,uniform,uniform,190180717.0,1472303.0
yield_parks_trees_x130,nyc,scarce,119,proportional,valbest,143609546.0,1088511.0
yield_parks_trees_x130,nyc,scarce,119,greedy_ev_point,valbest,151205892.0,1145021.0
yield_parks_trees_x130,nyc,scarce,119,greedy_ev_quantile,quantile/full_arm,143916878.0,1093409.0
yield_parks_trees_x130,nyc,scarce,119,hindsight_myopic_reference,hindsight_myopic_reference,142834480.0,1085669.0
yield_public_safety_x070,nyc,scarce,119,uniform,uniform,190220606.0,1472303.0
yield_public_safety_x070,nyc,scarce,119,proportional,valbest,148597631.0,1121286.0
yield_public_safety_x070,nyc,scarce,119,greedy_ev_point,valbest,154286594.0,1162158.0
yield_public_safety_x070,nyc,scarce,119,greedy_ev_quantile,quantile/full_arm,146916722.0,1109755.0
yield_public_safety_x070,nyc,scarce,119,hindsight_myopic_reference,hindsight_myopic_reference,146024681.0,1103316.0
yield_public_safety_x130,nyc,scarce,119,uniform,uniform,190178179.0,1472303.0
yield_public_safety_x130,nyc,scarce,119,proportional,valbest,144217151.0,1091151.0
yield_public_safety_x130,nyc,scarce,119,greedy_ev_point,valbest,151693898.0,1145255.0
yield_public_safety_x130,nyc,scarce,119,greedy_ev_quantile,quantile/full_arm,144576480.0,1094260.0
yield_public_safety_x130,nyc,scarce,119,hindsight_myopic_reference,hindsight_myopic_reference,143483280.0,1086603.0
yield_sanitation_x070,nyc,scarce,119,uniform,uniform,198789194.0,1534403.0
yield_sanitation_x070,nyc,scarce,119,proportional,valbest,153892796.0,1158921.0
yield_sanitation_x070,nyc,scarce,119,greedy_ev_point,valbest,154395062.0,1162833.0
yield_sanitation_x070,nyc,scarce,119,greedy_ev_quantile,quantile/full_arm,146938634.0,1109869.0
yield_sanitation_x070,nyc,scarce,119,hindsight_myopic_reference,hindsight_myopic_reference,146024681.0,1103316.0
yield_sanitation_x130,nyc,scarce,119,uniform,uniform,183747808.0,1441627.0
yield_sanitation_x130,nyc,scarce,119,proportional,valbest,140360906.0,1063731.0
yield_sanitation_x130,nyc,scarce,119,greedy_ev_point,valbest,145748714.0,1104681.0
yield_sanitation_x130,nyc,scarce,119,greedy_ev_quantile,quantile/full_arm,139130444.0,1057973.0
yield_sanitation_x130,nyc,scarce,119,hindsight_myopic_reference,hindsight_myopic_reference,137895736.0,1048797.0
yield_streets_transport_x070,nyc,scarce,119,uniform,uniform,198789194.0,1534403.0
yield_streets_transport_x070,nyc,scarce,119,proportional,valbest,169938026.0,1271931.0
yield_streets_transport_x070,nyc,scarce,119,greedy_ev_point,valbest,154437576.0,1162991.0
yield_streets_transport_x070,nyc,scarce,119,greedy_ev_quantile,quantile/full_arm,147114233.0,1110512.0
yield_streets_transport_x070,nyc,scarce,119,hindsight_myopic_reference,hindsight_myopic_reference,146084223.0,1103538.0
yield_streets_transport_x130,nyc,scarce,119,uniform,uniform,181587494.0,1410203.0
yield_streets_transport_x130,nyc,scarce,119,proportional,valbest,127539446.0,973371.0
yield_streets_transport_x130,nyc,scarce,119,greedy_ev_point,valbest,124079618.0,946694.0
yield_streets_transport_x130,nyc,scarce,119,greedy_ev_quantile,quantile/full_arm,122072036.0,930859.0
yield_streets_transport_x130,nyc,scarce,119,hindsight_myopic_reference,hindsight_myopic_reference,120073781.0,918178.0
yield_water_sewer_x070,nyc,scarce,119,uniform,uniform,190954865.0,1472303.0
yield_water_sewer_x070,nyc,scarce,119,proportional,valbest,150154991.0,1132101.0
yield_water_sewer_x070,nyc,scarce,119,greedy_ev_point,valbest,154437576.0,1162991.0
yield_water_sewer_x070,nyc,scarce,119,greedy_ev_quantile,quantile/full_arm,146938634.0,1109869.0
yield_water_sewer_x070,nyc,scarce,119,hindsight_myopic_reference,hindsight_myopic_reference,146024681.0,1103316.0
yield_water_sewer_x130,nyc,scarce,119,uniform,uniform,190168705.0,1472303.0
yield_water_sewer_x130,nyc,scarce,119,proportional,valbest,143117741.0,1083441.0
yield_water_sewer_x130,nyc,scarce,119,greedy_ev_point,valbest,149985450.0,1133032.0
yield_water_sewer_x130,nyc,scarce,119,greedy_ev_quantile,quantile/full_arm,142988139.0,1083229.0
yield_water_sewer_x130,nyc,scarce,119,hindsight_myopic_reference,hindsight_myopic_reference,141927299.0,1075664.0
abandonment_10,nyc,scarce,119,uniform,uniform,14346797.4121,51003.9285
abandonment_10,nyc,scarce,119,proportional,valbest,10689848.6426,34331.1357
abandonment_10,nyc,scarce,119,greedy_ev_point,valbest,11295309.2216,36521.9654
abandonment_10,nyc,scarce,119,greedy_ev_quantile,quantile/full_arm,10765481.5875,34758.6784
abandonment_10,nyc,scarce,119,hindsight_myopic_reference,hindsight_myopic_reference,10689848.6426,34331.1357
normative_weights,nyc,moderate,153,uniform,uniform,265187815.0,1262227.0
normative_weights,nyc,moderate,153,proportional,valbest,141000371.0,634116.0
normative_weights,nyc,moderate,153,greedy_ev_point,valbest,90076060.0,696148.0
normative_weights,nyc,moderate,153,greedy_ev_quantile,quantile/full_arm,90625469.0,688682.0
normative_weights,nyc,moderate,153,hindsight_myopic_reference,hindsight_myopic_reference,82670631.0,641522.0
yield_housing_building_x070,nyc,moderate,153,uniform,uniform,170574356.0,1345027.0
yield_housing_building_x070,nyc,moderate,153,proportional,valbest,98829611.0,780171.0
yield_housing_building_x070,nyc,moderate,153,greedy_ev_point,valbest,90112912.0,704629.0
yield_housing_building_x070,nyc,moderate,153,greedy_ev_quantile,quantile/full_arm,82257830.0,645914.0
yield_housing_building_x070,nyc,moderate,153,hindsight_myopic_reference,hindsight_myopic_reference,81243067.0,634869.0
yield_housing_building_x130,nyc,moderate,153,uniform,uniform,147638756.0,1179427.0
yield_housing_building_x130,nyc,moderate,153,proportional,valbest,68642669.0,526934.0
yield_housing_building_x130,nyc,moderate,153,greedy_ev_point,valbest,75920121.0,576299.0
yield_housing_building_x130,nyc,moderate,153,greedy_ev_quantile,quantile/full_arm,67293941.0,514210.0
yield_housing_building_x130,nyc,moderate,153,hindsight_myopic_reference,hindsight_myopic_reference,65546776.0,494562.0
yield_noise_x070,nyc,moderate,153,uniform,uniform,170000966.0,1340887.0
yield_noise_x070,nyc,moderate,153,proportional,valbest,106165301.0,816096.0
yield_noise_x070,nyc,moderate,153,greedy_ev_point,valbest,89180532.0,693733.0
yield_noise_x070,nyc,moderate,153,greedy_ev_quantile,quantile/full_arm,85452332.0,659898.0
yield_noise_x070,nyc,moderate,153,hindsight_myopic_reference,hindsight_myopic_reference,84236307.0,651368.0
yield_noise_x130,nyc,moderate,153,uniform,uniform,148212146.0,1183567.0
yield_noise_x130,nyc,moderate,153,proportional,valbest,63475136.0,506376.0
yield_noise_x130,nyc,moderate,153,greedy_ev_point,valbest,70158378.0,562854.0
yield_noise_x130,nyc,moderate,153,greedy_ev_quantile,quantile/full_arm,63547197.0,513203.0
yield_noise_x130,nyc,moderate,153,hindsight_myopic_reference,hindsight_myopic_reference,60474147.0,484020.0
yield_other_x070,nyc,moderate,153,uniform,uniform,159663512.0,1262227.0
yield_other_x070,nyc,moderate,153,proportional,valbest,88827416.0,687666.0
yield_other_x070,nyc,moderate,153,greedy_ev_point,valbest,91336772.0,713244.0
yield_other_x070,nyc,moderate,153,greedy_ev_quantile,quantile/full_arm,82136871.0,643739.0
yield_other_x070,nyc,moderate,153,hindsight_myopic_reference,hindsight_myopic_reference,81040481.0,634116.0
yield_other_x130,nyc,moderate,153,uniform,uniform,159106556.0,1262227.0
yield_other_x130,nyc,moderate,153,proportional,valbest,76058516.0,600351.0
yield_other_x130,nyc,moderate,153,greedy_ev_point,valbest,85633434.0,673369.0
yield_other_x130,nyc,moderate,153,greedy_ev_quantile,quantile/full_arm,76469742.0,605279.0
yield_other_x130,nyc,moderate,153,hindsight_myopic_reference,hindsight_myopic_reference,75254987.0,595022.0
yield_parks_trees_x070,nyc,moderate,153,uniform,uniform,159120631.0,1262227.0
yield_parks_trees_x070,nyc,moderate,153,proportional,valbest,85710791.0,662691.0
yield_parks_trees_x070,nyc,moderate,153,greedy_ev_point,valbest,91160143.0,712395.0
yield_parks_trees_x070,nyc,moderate,153,greedy_ev_quantile,quantile/full_arm,82080410.0,643456.0
yield_parks_trees_x070,nyc,moderate,153,hindsight_myopic_reference,hindsight_myopic_reference,81040481.0,634116.0
yield_parks_trees_x130,nyc,moderate,153,uniform,uniform,159104287.0,1262227.0
yield_parks_trees_x130,nyc,moderate,153,proportional,valbest,78169061.0,617301.0
yield_parks_trees_x130,nyc,moderate,153,greedy_ev_point,valbest,88328006.0,696454.0
yield_parks_trees_x130,nyc,moderate,153,greedy_ev_quantile,quantile/full_arm,79083576.0,626976.0
yield_parks_trees_x130,nyc,moderate,153,hindsight_myopic_reference,hindsight_myopic_reference,77850355.0,616472.0
yield_public_safety_x070,nyc,moderate,153,uniform,uniform,159123716.0,1262227.0
yield_public_safety_x070,nyc,moderate,153,proportional,valbest,84581786.0,658071.0
yield_public_safety_x070,nyc,moderate,153,greedy_ev_point,valbest,91152123.0,712422.0
yield_public_safety_x070,nyc,moderate,153,greedy_ev_quantile,quantile/full_arm,82130419.0,643735.0
yield_public_safety_x070,nyc,moderate,153,hindsight_myopic_reference,hindsight_myopic_reference,81040481.0,634116.0
yield_public_safety_x130,nyc,moderate,153,uniform,uniform,159101202.0,1262227.0
yield_public_safety_x130,nyc,moderate,153,proportional,valbest,78828686.0,619441.0
yield_public_safety_x130,nyc,moderate,153,greedy_ev_point,valbest,88838511.0,696759.0
yield_public_safety_x130,nyc,moderate,153,greedy_ev_quantile,quantile/full_arm,79764145.0,627883.0
yield_public_safety_x130,nyc,moderate,153,hindsight_myopic_reference,hindsight_myopic_reference,78505199.0,617453.0
yield_sanitation_x070,nyc,moderate,153,uniform,uniform,168540193.0,1316363.0
yield_sanitation_x070,nyc,moderate,153,proportional,valbest,91734701.0,708786.0
yield_sanitation_x070,nyc,moderate,153,greedy_ev_point,valbest,90805344.0,710139.0
yield_sanitation_x070,nyc,moderate,153,greedy_ev_quantile,quantile/full_arm,82114339.0,643435.0
yield_sanitation_x070,nyc,moderate,153,hindsight_myopic_reference,hindsight_myopic_reference,81040481.0,634116.0
yield_sanitation_x130,nyc,moderate,153,uniform,uniform,158568786.0,1262227.0
yield_sanitation_x130,nyc,moderate,153,proportional,valbest,74075816.0,586401.0
yield_sanitation_x130,nyc,moderate,153,greedy_ev_point,valbest,83088089.0,656314.0
yield_sanitation_x130,nyc,moderate,153,greedy_ev_quantile,quantile/full_arm,74306496.0,591262.0
yield_sanitation_x130,nyc,moderate,153,hindsight_myopic_reference,hindsight_myopic_reference,72911570.0,579597.0
yield_streets_transport_x070,nyc,moderate,153,uniform,uniform,170000966.0,1340887.0
yield_streets_transport_x070,nyc,moderate,153,proportional,valbest,112699601.0,857211.0
yield_streets_transport_x070,nyc,moderate,153,greedy_ev_point,valbest,99267497.0,754443.0
yield_streets_transport_x070,nyc,moderate,153,greedy_ev_quantile,quantile/full_arm,95006494.0,717357.0
yield_streets_transport_x070,nyc,moderate,153,hindsight_myopic_reference,hindsight_myopic_reference,91197583.0,691338.0
yield_streets_transport_x130,nyc,moderate,153,uniform,uniform,148212146.0,1183567.0
yield_streets_transport_x130,nyc,moderate,153,proportional,valbest,58286741.0,474636.0
yield_streets_transport_x130,nyc,moderate,153,greedy_ev_point,valbest,64426835.0,515115.0
yield_streets_transport_x130,nyc,moderate,153,greedy_ev_quantile,quantile/full_arm,57476037.0,464831.0
yield_streets_transport_x130,nyc,moderate,153,hindsight_myopic_reference,hindsight_myopic_reference,55089581.0,448978.0
yield_water_sewer_x070,nyc,moderate,153,uniform,uniform,159139842.0,1262227.0
yield_water_sewer_x070,nyc,moderate,153,proportional,valbest,86664671.0,672156.0
yield_water_sewer_x070,nyc,moderate,153,greedy_ev_point,valbest,91571785.0,714654.0
yield_water_sewer_x070,nyc,moderate,153,greedy_ev_quantile,quantile/full_arm,82149267.0,643799.0
yield_water_sewer_x070,nyc,moderate,153,hindsight_myopic_reference,hindsight_myopic_reference,81040481.0,634116.0
yield_water_sewer_x130,nyc,moderate,153,uniform,uniform,159105731.0,1262227.0
yield_water_sewer_x130,nyc,moderate,153,proportional,valbest,77486306.0,610416.0
yield_water_sewer_x130,nyc,moderate,153,greedy_ev_point,valbest,87563293.0,686203.0
yield_water_sewer_x130,nyc,moderate,153,greedy_ev_quantile,quantile/full_arm,78187027.0,616789.0
yield_water_sewer_x130,nyc,moderate,153,hindsight_myopic_reference,hindsight_myopic_reference,76943099.0,606464.0
abandonment_10,nyc,moderate,153,uniform,uniform,12258169.8874,45153.9285
abandonment_10,nyc,moderate,153,proportional,valbest,6150848.6426,19031.1357
abandonment_10,nyc,moderate,153,greedy_ev_point,valbest,6957084.1519,22253.6707
abandonment_10,nyc,moderate,153,greedy_ev_quantile,quantile/full_arm,6260194.9417,19836.5607
abandonment_10,nyc,moderate,153,hindsight_myopic_reference,hindsight_myopic_reference,6150848.6426,19031.1357
normative_weights,nyc,generous,187,uniform,uniform,223963675.0,1082827.0
normative_weights,nyc,generous,187,proportional,valbest,30761316.0,170762.0
normative_weights,nyc,generous,187,greedy_ev_point,valbest,27865402.0,248955.0
normative_weights,nyc,generous,187,greedy_ev_quantile,quantile/full_arm,27940098.0,249809.0
normative_weights,nyc,generous,187,hindsight_myopic_reference,hindsight_myopic_reference,18725082.0,179434.0
yield_housing_building_x070,nyc,generous,187,uniform,uniform,147479051.0,1182187.0
yield_housing_building_x070,nyc,generous,187,proportional,valbest,39760451.0,365077.0
yield_housing_building_x070,nyc,generous,187,greedy_ev_point,valbest,40460409.0,364787.0
yield_housing_building_x070,nyc,generous,187,greedy_ev_quantile,quantile/full_arm,37120625.0,340694.0
yield_housing_building_x070,nyc,generous,187,hindsight_myopic_reference,hindsight_myopic_reference,31849691.0,299910.0
yield_housing_building_x130,nyc,generous,187,uniform,uniform,122099226.0,992466.0
yield_housing_building_x130,nyc,generous,187,proportional,valbest,4780367.0,44103.0
yield_housing_building_x130,nyc,generous,187,greedy_ev_point,valbest,13980499.0,125257.0
yield_housing_building_x130,nyc,generous,187,greedy_ev_quantile,quantile/full_arm,5719841.0,59945.0
yield_housing_building_x130,nyc,generous,187,hindsight_myopic_reference,hindsight_myopic_reference,4161212.0,39794.0
yield_noise_x070,nyc,generous,187,uniform,uniform,147479051.0,1182187.0
yield_noise_x070,nyc,generous,187,proportional,valbest,48132356.0,396482.0
yield_noise_x070,nyc,generous,187,greedy_ev_point,valbest,44501827.0,360419.0
yield_noise_x070,nyc,generous,187,greedy_ev_quantile,quantile/full_arm,42394188.0,342454.0
yield_noise_x070,nyc,generous,187,hindsight_myopic_reference,hindsight_myopic_reference,38447116.0,313612.0
yield_noise_x130,nyc,generous,187,uniform,uniform,119956331.0,983467.0
yield_noise_x130,nyc,generous,187,proportional,valbest,3634858.0,53795.0
yield_noise_x130,nyc,generous,187,greedy_ev_point,valbest,9701925.0,116063.0
yield_noise_x130,nyc,generous,187,greedy_ev_quantile,quantile/full_arm,4852516.0,72751.0
yield_noise_x130,nyc,generous,187,hindsight_myopic_reference,hindsight_myopic_reference,3019862.0,50052.0
yield_other_x070,nyc,generous,187,uniform,uniform,133718391.0,1082827.0
yield_other_x070,nyc,generous,187,proportional,valbest,26499395.0,233583.0
yield_other_x070,nyc,generous,187,greedy_ev_point,valbest,29923894.0,269387.0
yield_other_x070,nyc,generous,187,greedy_ev_quantile,quantile/full_arm,22328420.0,202826.0
yield_other_x070,nyc,generous,187,hindsight_myopic_reference,hindsight_myopic_reference,19968487.0,183772.0
yield_other_x130,nyc,generous,187,uniform,uniform,133717691.0,1082827.0
yield_other_x130,nyc,generous,187,proportional,valbest,12726522.0,135704.0
yield_other_x130,nyc,generous,187,greedy_ev_point,valbest,22730500.0,223599.0
yield_other_x130,nyc,generous,187,greedy_ev_quantile,quantile/full_arm,13959905.0,149506.0
yield_other_x130,nyc,generous,187,hindsight_myopic_reference,hindsight_myopic_reference,12483477.0,134172.0
yield_parks_trees_x070,nyc,generous,187,uniform,uniform,133723777.0,1082827.0
yield_parks_trees_x070,nyc,generous,187,proportional,valbest,22651398.0,200766.0
yield_parks_trees_x070,nyc,generous,187,greedy_ev_point,valbest,28753557.0,264377.0
yield_parks_trees_x070,nyc,generous,187,greedy_ev_quantile,quantile/full_arm,20005365.0,190871.0
yield_parks_trees_x070,nyc,generous,187,hindsight_myopic_reference,hindsight_myopic_reference,18214584.0,174564.0
yield_parks_trees_x130,nyc,generous,187,uniform,uniform,133717040.0,1082827.0
yield_parks_trees_x130,nyc,generous,187,proportional,valbest,14873419.0,154685.0
yield_parks_trees_x130,nyc,generous,187,greedy_ev_point,valbest,25036307.0,244534.0
yield_parks_trees_x130,nyc,generous,187,greedy_ev_quantile,quantile/full_arm,16183985.0,169530.0
yield_parks_trees_x130,nyc,generous,187,hindsight_myopic_reference,hindsight_myopic_reference,14730102.0,154309.0
yield_public_safety_x070,nyc,generous,187,uniform,uniform,133727753.0,1082827.0
yield_public_safety_x070,nyc,generous,187,proportional,valbest,21684904.0,198633.0
yield_public_safety_x070,nyc,generous,187,greedy_ev_point,valbest,28127657.0,261647.0
yield_public_safety_x070,nyc,generous,187,greedy_ev_quantile,quantile/full_arm,19046691.0,185519.0
yield_public_safety_x070,nyc,generous,187,hindsight_myopic_reference,hindsight_myopic_reference,17583350.0,171004.0
yield_public_safety_x130,nyc,generous,187,uniform,uniform,133714025.0,1082827.0
yield_public_safety_x130,nyc,generous,187,proportional,valbest,15387330.0,155400.0
yield_public_safety_x130,nyc,generous,187,greedy_ev_point,valbest,25485394.0,244539.0
yield_public_safety_x130,nyc,generous,187,greedy_ev_quantile,quantile/full_arm,16662173.0,169753.0
yield_public_safety_x130,nyc,generous,187,hindsight_myopic_reference,hindsight_myopic_reference,15175024.0,154494.0
yield_sanitation_x070,nyc,generous,187,uniform,uniform,138334667.0,1098323.0
yield_sanitation_x070,nyc,generous,187,proportional,valbest,30065265.0,258718.0
yield_sanitation_x070,nyc,generous,187,greedy_ev_point,valbest,31749383.0,279078.0
yield_sanitation_x070,nyc,generous,187,greedy_ev_quantile,quantile/full_arm,26286564.0,226529.0
yield_sanitation_x070,nyc,generous,187,hindsight_myopic_reference,hindsight_myopic_reference,22692674.0,200488.0
yield_sanitation_x130,nyc,generous,187,uniform,uniform,133714626.0,1082827.0
yield_sanitation_x130,nyc,generous,187,proportional,valbest,10806993.0,121996.0
yield_sanitation_x130,nyc,generous,187,greedy_ev_point,valbest,20698345.0,208248.0
yield_sanitation_x130,nyc,generous,187,greedy_ev_quantile,quantile/full_arm,12094301.0,136308.0
yield_sanitation_x130,nyc,generous,187,hindsight_myopic_reference,hindsight_myopic_reference,10467257.0,119994.0
yield_streets_transport_x070,nyc,generous,187,uniform,uniform,146905661.0,1178047.0
yield_streets_transport_x070,nyc,generous,187,proportional,valbest,55958966.0,444991.0
yield_streets_transport_x070,nyc,generous,187,greedy_ev_point,valbest,54392014.0,430823.0
yield_streets_transport_x070,nyc,generous,187,greedy_ev_quantile,quantile/full_arm,50671088.0,401986.0
yield_streets_transport_x070,nyc,generous,187,hindsight_myopic_reference,hindsight_myopic_reference,45505869.0,359482.0
yield_streets_transport_x130,nyc,generous,187,uniform,uniform,120529721.0,987607.0
yield_streets_transport_x130,nyc,generous,187,proportional,valbest,2524843.0,43126.0
yield_streets_transport_x130,nyc,generous,187,greedy_ev_point,valbest,6681907.0,85931.0
yield_streets_transport_x130,nyc,generous,187,greedy_ev_quantile,quantile/full_arm,2682586.0,45411.0
yield_streets_transport_x130,nyc,generous,187,hindsight_myopic_reference,hindsight_myopic_reference,2049330.0,38874.0
yield_water_sewer_x070,nyc,generous,187,uniform,uniform,133723196.0,1082827.0
yield_water_sewer_x070,nyc,generous,187,proportional,valbest,24051744.0,215359.0
yield_water_sewer_x070,nyc,generous,187,greedy_ev_point,valbest,28254094.0,262361.0
yield_water_sewer_x070,nyc,generous,187,greedy_ev_quantile,quantile/full_arm,20780497.0,195275.0
yield_water_sewer_x070,nyc,generous,187,hindsight_myopic_reference,hindsight_myopic_reference,18818863.0,177883.0
yield_water_sewer_x130,nyc,generous,187,uniform,uniform,133717691.0,1082827.0
yield_water_sewer_x130,nyc,generous,187,proportional,valbest,14021714.0,145594.0
yield_water_sewer_x130,nyc,generous,187,greedy_ev_point,valbest,24248912.0,235063.0
yield_water_sewer_x130,nyc,generous,187,greedy_ev_quantile,quantile/full_arm,15268350.0,159448.0
yield_water_sewer_x130,nyc,generous,187,hindsight_myopic_reference,hindsight_myopic_reference,13805915.0,144234.0
abandonment_10,nyc,generous,187,uniform,uniform,10444660.231,39303.9285
abandonment_10,nyc,generous,187,proportional,valbest,1802781.764,3751.2801
abandonment_10,nyc,generous,187,greedy_ev_point,valbest,2593580.0384,7703.6555
abandonment_10,nyc,generous,187,greedy_ev_quantile,quantile/full_arm,1894087.0287,4733.2658
abandonment_10,nyc,generous,187,hindsight_myopic_reference,hindsight_myopic_reference,1729890.3267,3731.1359
budgets_train_plus_validation,nyc,scarce,121,uniform,uniform,188267000.0,1458503.0
budgets_train_plus_validation,nyc,scarce,121,proportional,valbest,142202081.0,1075716.0
budgets_train_plus_validation,nyc,scarce,121,greedy_ev_point,valbest,150711978.0,1136327.0
budgets_train_plus_validation,nyc,scarce,121,greedy_ev_quantile,quantile/full_arm,143127242.0,1082451.0
budgets_train_plus_validation,nyc,scarce,121,hindsight_myopic_reference,hindsight_myopic_reference,142202081.0,1075716.0
budgets_train_plus_validation,nyc,moderate,155,uniform,uniform,157195256.0,1248427.0
budgets_train_plus_validation,nyc,moderate,155,proportional,valbest,77217881.0,606516.0
budgets_train_plus_validation,nyc,moderate,155,greedy_ev_point,valbest,87804536.0,687654.0
budgets_train_plus_validation,nyc,moderate,155,greedy_ev_quantile,quantile/full_arm,78361456.0,616699.0
budgets_train_plus_validation,nyc,moderate,155,hindsight_myopic_reference,hindsight_myopic_reference,77217881.0,606516.0
budgets_train_plus_validation,nyc,generous,189,uniform,uniform,133716791.0,1082827.0
budgets_train_plus_validation,nyc,generous,189,proportional,valbest,14354301.0,145317.0
budgets_train_plus_validation,nyc,generous,189,greedy_ev_point,valbest,24561236.0,235634.0
budgets_train_plus_validation,nyc,generous,189,greedy_ev_quantile,quantile/full_arm,15493679.0,158830.0
budgets_train_plus_validation,nyc,generous,189,hindsight_myopic_reference,hindsight_myopic_reference,14204010.0,144752.0
normative_weights,sf,scarce,26,uniform,uniform,114606165.0,434519.0
normative_weights,sf,scarce,26,proportional,valbest,56411843.0,231169.0
normative_weights,sf,scarce,26,greedy_ev_point,valbest,51751775.0,237077.0
normative_weights,sf,scarce,26,greedy_ev_quantile,quantile/full_arm,50683757.0,232749.0
normative_weights,sf,scarce,26,hindsight_myopic_reference,hindsight_myopic_reference,50518287.0,232056.0
yield_housing_building_x070,sf,scarce,26,uniform,uniform,57455738.0,434519.0
yield_housing_building_x070,sf,scarce,26,proportional,valbest,29513312.0,231259.0
yield_housing_building_x070,sf,scarce,26,greedy_ev_point,valbest,30251727.0,236751.0
yield_housing_building_x070,sf,scarce,26,greedy_ev_quantile,quantile/full_arm,29644544.0,231935.0
yield_housing_building_x070,sf,scarce,26,hindsight_myopic_reference,hindsight_myopic_reference,29485573.0,231144.0
yield_housing_building_x130,sf,scarce,26,uniform,uniform,57455738.0,434519.0
yield_housing_building_x130,sf,scarce,26,proportional,valbest,29478482.0,231109.0
yield_housing_building_x130,sf,scarce,26,greedy_ev_point,valbest,30220257.0,236475.0
yield_housing_building_x130,sf,scarce,26,greedy_ev_quantile,quantile/full_arm,29613152.0,231659.0
yield_housing_building_x130,sf,scarce,26,hindsight_myopic_reference,hindsight_myopic_reference,29442552.0,230831.0
yield_noise_x070,sf,scarce,26,uniform,uniform,57455812.0,434519.0
yield_noise_x070,sf,scarce,26,proportional,valbest,29786053.0,233013.0
yield_noise_x070,sf,scarce,26,greedy_ev_point,valbest,30229368.0,236631.0
yield_noise_x070,sf,scarce,26,greedy_ev_quantile,quantile/full_arm,29643303.0,231928.0
yield_noise_x070,sf,scarce,26,hindsight_myopic_reference,hindsight_myopic_reference,29485573.0,231144.0
yield_noise_x130,sf,scarce,26,uniform,uniform,57455738.0,434519.0
yield_noise_x130,sf,scarce,26,proportional,valbest,29321102.0,230059.0
yield_noise_x130,sf,scarce,26,greedy_ev_point,valbest,30037655.0,235322.0
yield_noise_x130,sf,scarce,26,greedy_ev_quantile,quantile/full_arm,29449721.0,230619.0
yield_noise_x130,sf,scarce,26,hindsight_myopic_reference,hindsight_myopic_reference,29269823.0,229652.0
yield_other_x070,sf,scarce,26,uniform,uniform,59163488.0,446894.0
yield_other_x070,sf,scarce,26,proportional,valbest,30861182.0,240454.0
yield_other_x070,sf,scarce,26,greedy_ev_point,valbest,30171504.0,236157.0
yield_other_x070,sf,scarce,26,greedy_ev_quantile,quantile/full_arm,29607438.0,231766.0
yield_other_x070,sf,scarce,26,hindsight_myopic_reference,hindsight_myopic_reference,29485573.0,231144.0
yield_other_x130,sf,scarce,26,uniform,uniform,57151152.0,432585.0
yield_other_x130,sf,scarce,26,proportional,valbest,28462382.0,224029.0
yield_other_x130,sf,scarce,26,greedy_ev_point,valbest,28962364.0,227473.0
yield_other_x130,sf,scarce,26,greedy_ev_quantile,quantile/full_arm,28381865.0,222782.0
yield_other_x130,sf,scarce,26,hindsight_myopic_reference,hindsight_myopic_reference,28154191.0,221580.0
yield_parks_trees_x070,sf,scarce,26,uniform,uniform,57456041.0,434519.0
yield_parks_trees_x070,sf,scarce,26,proportional,valbest,29941472.0,233854.0
yield_parks_trees_x070,sf,scarce,26,greedy_ev_point,valbest,30225681.0,236628.0
yield_parks_trees_x070,sf,scarce,26,greedy_ev_quantile,quantile/full_arm,29641260.0,231922.0
yield_parks_trees_x070,sf,scarce,26,hindsight_myopic_reference,hindsight_myopic_reference,29485573.0,231144.0
yield_parks_trees_x130,sf,scarce,26,uniform,uniform,57455645.0,434519.0
yield_parks_trees_x130,sf,scarce,26,proportional,valbest,29221607.0,229564.0
yield_parks_trees_x130,sf,scarce,26,greedy_ev_point,valbest,29954118.0,234809.0
yield_parks_trees_x130,sf,scarce,26,greedy_ev_quantile,quantile/full_arm,29364525.0,230186.0
yield_parks_trees_x130,sf,scarce,26,hindsight_myopic_reference,hindsight_myopic_reference,29172926.0,229137.0
yield_public_safety_x070,sf,scarce,26,uniform,uniform,57455738.0,434519.0
yield_public_safety_x070,sf,scarce,26,proportional,valbest,29492447.0,231169.0
yield_public_safety_x070,sf,scarce,26,greedy_ev_point,valbest,30255010.0,236773.0
yield_public_safety_x070,sf,scarce,26,greedy_ev_quantile,quantile/full_arm,29644860.0,231937.0
yield_public_safety_x070,sf,scarce,26,hindsight_myopic_reference,hindsight_myopic_reference,29485573.0,231144.0
yield_public_safety_x130,sf,scarce,26,uniform,uniform,57455738.0,434519.0
yield_public_safety_x130,sf,scarce,26,proportional,valbest,29492447.0,231169.0
yield_public_safety_x130,sf,scarce,26,greedy_ev_point,valbest,30255010.0,236773.0
yield_public_safety_x130,sf,scarce,26,greedy_ev_quantile,quantile/full_arm,29644860.0,231937.0
yield_public_safety_x130,sf,scarce,26,hindsight_myopic_reference,hindsight_myopic_reference,29485573.0,231144.0
yield_sanitation_x070,sf,scarce,26,uniform,uniform,59163488.0,446894.0
yield_sanitation_x070,sf,scarce,26,proportional,valbest,33062897.0,256144.0
yield_sanitation_x070,sf,scarce,26,greedy_ev_point,valbest,29627333.0,232069.0
yield_sanitation_x070,sf,scarce,26,greedy_ev_quantile,quantile/full_arm,29528468.0,231341.0
yield_sanitation_x070,sf,scarce,26,hindsight_myopic_reference,hindsight_myopic_reference,29485573.0,231144.0
yield_sanitation_x130,sf,scarce,26,uniform,uniform,55747988.0,422144.0
yield_sanitation_x130,sf,scarce,26,proportional,valbest,26927057.0,213334.0
yield_sanitation_x130,sf,scarce,26,greedy_ev_point,valbest,26634699.0,210573.0
yield_sanitation_x130,sf,scarce,26,greedy_ev_quantile,quantile/full_arm,26270328.0,207545.0
yield_sanitation_x130,sf,scarce,26,hindsight_myopic_reference,hindsight_myopic_reference,25948126.0,205675.0
yield_streets_transport_x070,sf,scarce,26,uniform,uniform,59163488.0,446894.0
yield_streets_transport_x070,sf,scarce,26,proportional,valbest,39902522.0,307699.0
yield_streets_transport_x070,sf,scarce,26,greedy_ev_point,valbest,37599170.0,290529.0
yield_streets_transport_x070,sf,scarce,26,greedy_ev_quantile,quantile/full_arm,37462060.0,289129.0
yield_streets_transport_x070,sf,scarce,26,hindsight_myopic_reference,hindsight_myopic_reference,36972934.0,285637.0
yield_streets_transport_x130,sf,scarce,26,uniform,uniform,55747988.0,422144.0
yield_streets_transport_x130,sf,scarce,26,proportional,valbest,20311367.0,162979.0
yield_streets_transport_x130,sf,scarce,26,greedy_ev_point,valbest,18236025.0,144685.0
yield_streets_transport_x130,sf,scarce,26,greedy_ev_quantile,quantile/full_arm,18040177.0,143317.0
yield_streets_transport_x130,sf,scarce,26,hindsight_myopic_reference,hindsight_myopic_reference,17295878.0,138289.0
yield_water_sewer_x070,sf,scarce,26,uniform,uniform,57456561.0,434519.0
yield_water_sewer_x070,sf,scarce,26,proportional,valbest,29771462.0,233254.0
yield_water_sewer_x070,sf,scarce,26,greedy_ev_point,valbest,30255010.0,236773.0
yield_water_sewer_x070,sf,scarce,26,greedy_ev_quantile,quantile/full_arm,29644860.0,231937.0
yield_water_sewer_x070,sf,scarce,26,hindsight_myopic_reference,hindsight_myopic_reference,29485573.0,231144.0
yield_water_sewer_x130,sf,scarce,26,uniform,uniform,57455450.0,434519.0
yield_water_sewer_x130,sf,scarce,26,proportional,valbest,29325767.0,229879.0
yield_water_sewer_x130,sf,scarce,26,greedy_ev_point,valbest,30074664.0,235380.0
yield_water_sewer_x130,sf,scarce,26,greedy_ev_quantile,quantile/full_arm,29453405.0,230444.0
yield_water_sewer_x130,sf,scarce,26,hindsight_myopic_reference,hindsight_myopic_reference,29279151.0,229501.0
abandonment_10,sf,scarce,26,uniform,uniform,4207222.4812,14818.7375
abandonment_10,sf,scarce,26,proportional,valbest,2229283.4633,8242.3537
abandonment_10,sf,scarce,26,greedy_ev_point,valbest,2283159.4634,8767.1118
abandonment_10,sf,scarce,26,greedy_ev_quantile,quantile/full_arm,2236469.5397,8243.5128
abandonment_10,sf,scarce,26,hindsight_myopic_reference,hindsight_myopic_reference,2229016.4633,8242.3537
normative_weights,sf,moderate,33,uniform,uniform,106710080.0,405085.0
normative_weights,sf,moderate,33,proportional,valbest,31044107.0,134937.0
normative_weights,sf,moderate,33,greedy_ev_point,valbest,25246223.0,140936.0
normative_weights,sf,moderate,33,greedy_ev_quantile,quantile/full_arm,24211178.0,136674.0
normative_weights,sf,moderate,33,hindsight_myopic_reference,hindsight_myopic_reference,24055992.0,135897.0
yield_housing_building_x070,sf,moderate,33,uniform,uniform,53355269.0,405085.0
yield_housing_building_x070,sf,moderate,33,proportional,valbest,16297904.0,135492.0
yield_housing_building_x070,sf,moderate,33,greedy_ev_point,valbest,16969227.0,140501.0
yield_housing_building_x070,sf,moderate,33,greedy_ev_quantile,quantile/full_arm,16362044.0,135685.0
yield_housing_building_x070,sf,moderate,33,hindsight_myopic_reference,hindsight_myopic_reference,16203073.0,134894.0
yield_housing_building_x130,sf,moderate,33,uniform,uniform,53355269.0,405085.0
yield_housing_building_x130,sf,moderate,33,proportional,valbest,16167149.0,134622.0
yield_housing_building_x130,sf,moderate,33,greedy_ev_point,valbest,16937757.0,140225.0
yield_housing_building_x130,sf,moderate,33,greedy_ev_quantile,quantile/full_arm,16330652.0,135409.0
yield_housing_building_x130,sf,moderate,33,hindsight_myopic_reference,hindsight_myopic_reference,16160052.0,134581.0
yield_noise_x070,sf,moderate,33,uniform,uniform,53355343.0,405085.0
yield_noise_x070,sf,moderate,33,proportional,valbest,16612065.0,137671.0
yield_noise_x070,sf,moderate,33,greedy_ev_point,valbest,16946868.0,140381.0
yield_noise_x070,sf,moderate,33,greedy_ev_quantile,quantile/full_arm,16360803.0,135678.0
yield_noise_x070,sf,moderate,33,hindsight_myopic_reference,hindsight_myopic_reference,16203073.0,134894.0
yield_noise_x130,sf,moderate,33,uniform,uniform,53355269.0,405085.0
yield_noise_x130,sf,moderate,33,proportional,valbest,15994139.0,133422.0
yield_noise_x130,sf,moderate,33,greedy_ev_point,valbest,16755155.0,139072.0
yield_noise_x130,sf,moderate,33,greedy_ev_quantile,quantile/full_arm,16167221.0,134369.0
yield_noise_x130,sf,moderate,33,hindsight_myopic_reference,hindsight_myopic_reference,15987323.0,133402.0
yield_other_x070,sf,moderate,33,uniform,uniform,54039832.0,409769.0
yield_other_x070,sf,moderate,33,proportional,valbest,18068391.0,147910.0
yield_other_x070,sf,moderate,33,greedy_ev_point,valbest,16889004.0,139907.0
yield_other_x070,sf,moderate,33,greedy_ev_quantile,quantile/full_arm,16327688.0,135526.0
yield_other_x070,sf,moderate,33,hindsight_myopic_reference,hindsight_myopic_reference,16203073.0,134894.0
yield_other_x130,sf,moderate,33,uniform,uniform,53354463.0,405085.0
yield_other_x130,sf,moderate,33,proportional,valbest,15036042.0,126525.0
yield_other_x130,sf,moderate,33,greedy_ev_point,valbest,15679864.0,131223.0
yield_other_x130,sf,moderate,33,greedy_ev_quantile,quantile/full_arm,15099365.0,126532.0
yield_other_x130,sf,moderate,33,hindsight_myopic_reference,hindsight_myopic_reference,14871691.0,125330.0
yield_parks_trees_x070,sf,moderate,33,uniform,uniform,53355397.0,405085.0
yield_parks_trees_x070,sf,moderate,33,proportional,valbest,16778954.0,138568.0
yield_parks_trees_x070,sf,moderate,33,greedy_ev_point,valbest,16943181.0,140378.0
yield_parks_trees_x070,sf,moderate,33,greedy_ev_quantile,quantile/full_arm,16358760.0,135672.0
yield_parks_trees_x070,sf,moderate,33,hindsight_myopic_reference,hindsight_myopic_reference,16203073.0,134894.0
yield_parks_trees_x130,sf,moderate,33,uniform,uniform,53355209.0,405085.0
yield_parks_trees_x130,sf,moderate,33,proportional,valbest,15893024.0,132897.0
yield_parks_trees_x130,sf,moderate,33,greedy_ev_point,valbest,16671618.0,138559.0
yield_parks_trees_x130,sf,moderate,33,greedy_ev_quantile,quantile/full_arm,16082025.0,133936.0
yield_parks_trees_x130,sf,moderate,33,hindsight_myopic_reference,hindsight_myopic_reference,15890426.0,132887.0
yield_public_safety_x070,sf,moderate,33,uniform,uniform,53355269.0,405085.0
yield_public_safety_x070,sf,moderate,33,proportional,valbest,16214879.0,134937.0
yield_public_safety_x070,sf,moderate,33,greedy_ev_point,valbest,16972510.0,140523.0
yield_public_safety_x070,sf,moderate,33,greedy_ev_quantile,quantile/full_arm,16362360.0,135687.0
yield_public_safety_x070,sf,moderate,33,hindsight_myopic_reference,hindsight_myopic_reference,16203073.0,134894.0
yield_public_safety_x130,sf,moderate,33,uniform,uniform,53355269.0,405085.0
yield_public_safety_x130,sf,moderate,33,proportional,valbest,16214879.0,134937.0
yield_public_safety_x130,sf,moderate,33,greedy_ev_point,valbest,16972510.0,140523.0
yield_public_safety_x130,sf,moderate,33,greedy_ev_quantile,quantile/full_arm,16362360.0,135687.0
yield_public_safety_x130,sf,moderate,33,hindsight_myopic_reference,hindsight_myopic_reference,16203073.0,134894.0
yield_sanitation_x070,sf,moderate,33,uniform,uniform,55632269.0,421585.0
yield_sanitation_x070,sf,moderate,33,proportional,valbest,20833783.0,166931.0
yield_sanitation_x070,sf,moderate,33,greedy_ev_point,valbest,17622118.0,141252.0
yield_sanitation_x070,sf,moderate,33,greedy_ev_quantile,quantile/full_arm,17566581.0,140706.0
yield_sanitation_x070,sf,moderate,33,hindsight_myopic_reference,hindsight_myopic_reference,17120828.0,138807.0
yield_sanitation_x130,sf,moderate,33,uniform,uniform,51078269.0,388585.0
yield_sanitation_x130,sf,moderate,33,proportional,valbest,13087084.0,113026.0
yield_sanitation_x130,sf,moderate,33,greedy_ev_point,valbest,13352199.0,114323.0
yield_sanitation_x130,sf,moderate,33,greedy_ev_quantile,quantile/full_arm,12987828.0,111295.0
yield_sanitation_x130,sf,moderate,33,hindsight_myopic_reference,hindsight_myopic_reference,12665626.0,109425.0
yield_streets_transport_x070,sf,moderate,33,uniform,uniform,55632269.0,421585.0
yield_streets_transport_x070,sf,moderate,33,proportional,valbest,29630939.0,233788.0
yield_streets_transport_x070,sf,moderate,33,greedy_ev_point,valbest,28301440.0,223154.0
yield_streets_transport_x070,sf,moderate,33,greedy_ev_quantile,quantile/full_arm,28164310.0,221754.0
yield_streets_transport_x070,sf,moderate,33,hindsight_myopic_reference,hindsight_myopic_reference,27675184.0,218262.0
yield_streets_transport_x130,sf,moderate,33,uniform,uniform,51078269.0,388585.0
yield_streets_transport_x130,sf,moderate,33,proportional,valbest,5537757.0,52879.0
yield_streets_transport_x130,sf,moderate,33,greedy_ev_point,valbest,5326989.0,52750.0
yield_streets_transport_x130,sf,moderate,33,greedy_ev_quantile,quantile/full_arm,4998454.0,48638.0
yield_streets_transport_x130,sf,moderate,33,hindsight_myopic_reference,hindsight_myopic_reference,4692151.0,45082.0
yield_water_sewer_x070,sf,moderate,33,uniform,uniform,53355696.0,405085.0
yield_water_sewer_x070,sf,moderate,33,proportional,valbest,16592984.0,137907.0
yield_water_sewer_x070,sf,moderate,33,greedy_ev_point,valbest,16972510.0,140523.0
yield_water_sewer_x070,sf,moderate,33,greedy_ev_quantile,quantile/full_arm,16362360.0,135687.0
yield_water_sewer_x070,sf,moderate,33,hindsight_myopic_reference,hindsight_myopic_reference,16203073.0,134894.0
yield_water_sewer_x130,sf,moderate,33,uniform,uniform,53355066.0,405085.0
yield_water_sewer_x130,sf,moderate,33,proportional,valbest,16002706.0,133262.0
yield_water_sewer_x130,sf,moderate,33,greedy_ev_point,valbest,16792164.0,139130.0
yield_water_sewer_x130,sf,moderate,33,greedy_ev_quantile,quantile/full_arm,16170905.0,134194.0
yield_water_sewer_x130,sf,moderate,33,hindsight_myopic_reference,hindsight_myopic_reference,15996651.0,133251.0
abandonment_10,sf,moderate,33,uniform,uniform,3913297.4077,13871.1239
abandonment_10,sf,moderate,33,proportional,valbest,1300414.8947,5092.6447
abandonment_10,sf,moderate,33,greedy_ev_point,valbest,1352159.4634,5617.1118
abandonment_10,sf,moderate,33,greedy_ev_quantile,quantile/full_arm,1305161.1585,5093.5128
abandonment_10,sf,moderate,33,hindsight_myopic_reference,hindsight_myopic_reference,1298016.4633,5092.3537
normative_weights,sf,generous,41,uniform,uniform,99118715.0,377585.0
normative_weights,sf,generous,41,proportional,valbest,7162308.0,36344.0
normative_weights,sf,generous,41,greedy_ev_point,valbest,4663492.0,41985.0
normative_weights,sf,generous,41,greedy_ev_quantile,quantile/full_arm,4452998.0,39992.0
normative_weights,sf,generous,41,hindsight_myopic_reference,hindsight_myopic_reference,4185447.0,37456.0
yield_housing_building_x070,sf,generous,41,uniform,uniform,49559250.0,377585.0
yield_housing_building_x070,sf,generous,41,proportional,valbest,3781875.0,36986.0
yield_housing_building_x070,sf,generous,41,greedy_ev_point,valbest,3952078.0,39589.0
yield_housing_building_x070,sf,generous,41,greedy_ev_quantile,quantile/full_arm,3693654.0,36319.0
yield_housing_building_x070,sf,generous,41,hindsight_myopic_reference,hindsight_myopic_reference,3680884.0,36166.0
yield_housing_building_x130,sf,generous,41,uniform,uniform,49559250.0,377585.0
yield_housing_building_x130,sf,generous,41,proportional,valbest,3695312.0,36014.0
yield_housing_building_x130,sf,generous,41,greedy_ev_point,valbest,3926655.0,39337.0
yield_housing_building_x130,sf,generous,41,greedy_ev_quantile,quantile/full_arm,3669282.0,36071.0
yield_housing_building_x130,sf,generous,41,hindsight_myopic_reference,hindsight_myopic_reference,3655955.0,35932.0
yield_noise_x070,sf,generous,41,uniform,uniform,49559256.0,377585.0
yield_noise_x070,sf,generous,41,proportional,valbest,3961879.0,38601.0
yield_noise_x070,sf,generous,41,greedy_ev_point,valbest,3953141.0,39565.0
yield_noise_x070,sf,generous,41,greedy_ev_quantile,quantile/full_arm,3699715.0,36345.0
yield_noise_x070,sf,generous,41,hindsight_myopic_reference,hindsight_myopic_reference,3681279.0,36166.0
yield_noise_x130,sf,generous,41,uniform,uniform,49559250.0,377585.0
yield_noise_x130,sf,generous,41,proportional,valbest,3591204.0,35114.0
yield_noise_x130,sf,generous,41,greedy_ev_point,valbest,3839210.0,38595.0
yield_noise_x130,sf,generous,41,greedy_ev_quantile,quantile/full_arm,3596654.0,35425.0
yield_noise_x130,sf,generous,41,hindsight_myopic_reference,hindsight_myopic_reference,3569351.0,35140.0
yield_other_x070,sf,generous,41,uniform,uniform,49565625.0,377585.0
yield_other_x070,sf,generous,41,proportional,valbest,4994114.0,48361.0
yield_other_x070,sf,generous,41,greedy_ev_point,valbest,4230436.0,40848.0
yield_other_x070,sf,generous,41,greedy_ev_quantile,quantile/full_arm,3971573.0,37622.0
yield_other_x070,sf,generous,41,hindsight_myopic_reference,hindsight_myopic_reference,3880598.0,37164.0
yield_other_x130,sf,generous,41,uniform,uniform,49559240.0,377585.0
yield_other_x130,sf,generous,41,proportional,valbest,3094801.0,29878.0
yield_other_x130,sf,generous,41,greedy_ev_point,valbest,3287720.0,32996.0
yield_other_x130,sf,generous,41,greedy_ev_quantile,quantile/full_arm,3047330.0,29829.0
yield_other_x130,sf,generous,41,hindsight_myopic_reference,hindsight_myopic_reference,3002520.0,29412.0
yield_parks_trees_x070,sf,generous,41,uniform,uniform,49559325.0,377585.0
yield_parks_trees_x070,sf,generous,41,proportional,valbest,3967113.0,38819.0
yield_parks_trees_x070,sf,generous,41,greedy_ev_point,valbest,3970993.0,39663.0
yield_parks_trees_x070,sf,generous,41,greedy_ev_quantile,quantile/full_arm,3709648.0,36378.0
yield_parks_trees_x070,sf,generous,41,hindsight_myopic_reference,hindsight_myopic_reference,3682504.0,36166.0
yield_parks_trees_x130,sf,generous,41,uniform,uniform,49559229.0,377585.0
yield_parks_trees_x130,sf,generous,41,proportional,valbest,3599669.0,35055.0
yield_parks_trees_x130,sf,generous,41,greedy_ev_point,valbest,3823484.0,38332.0
yield_parks_trees_x130,sf,generous,41,greedy_ev_quantile,quantile/full_arm,3584994.0,35276.0
yield_parks_trees_x130,sf,generous,41,hindsight_myopic_reference,hindsight_myopic_reference,3559802.0,34953.0
yield_public_safety_x070,sf,generous,41,uniform,uniform,49559250.0,377585.0
yield_public_safety_x070,sf,generous,41,proportional,valbest,3722991.0,36344.0
yield_public_safety_x070,sf,generous,41,greedy_ev_point,valbest,3952067.0,39596.0
yield_public_safety_x070,sf,generous,41,greedy_ev_quantile,quantile/full_arm,3693238.0,36318.0
yield_public_safety_x070,sf,generous,41,hindsight_myopic_reference,hindsight_myopic_reference,3680748.0,36166.0
yield_public_safety_x130,sf,generous,41,uniform,uniform,49559250.0,377585.0
yield_public_safety_x130,sf,generous,41,proportional,valbest,3722991.0,36344.0
yield_public_safety_x130,sf,generous,41,greedy_ev_point,valbest,3952067.0,39596.0
yield_public_safety_x130,sf,generous,41,greedy_ev_quantile,quantile/full_arm,3693238.0,36318.0
yield_public_safety_x130,sf,generous,41,hindsight_myopic_reference,hindsight_myopic_reference,3680748.0,36166.0
yield_sanitation_x070,sf,generous,41,uniform,uniform,52405500.0,398210.0
yield_sanitation_x070,sf,generous,41,proportional,valbest,7165015.0,66945.0
yield_sanitation_x070,sf,generous,41,greedy_ev_point,valbest,6779577.0,61470.0
yield_sanitation_x070,sf,generous,41,greedy_ev_quantile,quantile/full_arm,6664204.0,60056.0
yield_sanitation_x070,sf,generous,41,hindsight_myopic_reference,hindsight_myopic_reference,5733963.0,53294.0
yield_sanitation_x130,sf,generous,41,uniform,uniform,46713000.0,356960.0
yield_sanitation_x130,sf,generous,41,proportional,valbest,2121408.0,19636.0
yield_sanitation_x130,sf,generous,41,greedy_ev_point,valbest,2213009.0,21649.0
yield_sanitation_x130,sf,generous,41,greedy_ev_quantile,quantile/full_arm,2059750.0,19575.0
yield_sanitation_x130,sf,generous,41,hindsight_myopic_reference,hindsight_myopic_reference,2008636.0,18863.0
yield_streets_transport_x070,sf,generous,41,uniform,uniform,52405500.0,398210.0
yield_streets_transport_x070,sf,generous,41,proportional,valbest,18023300.0,149727.0
yield_streets_transport_x070,sf,generous,41,greedy_ev_point,valbest,17675440.0,146154.0
yield_streets_transport_x070,sf,generous,41,greedy_ev_quantile,quantile/full_arm,17538310.0,144754.0
yield_streets_transport_x070,sf,generous,41,hindsight_myopic_reference,hindsight_myopic_reference,17049184.0,141262.0
yield_streets_transport_x130,sf,generous,41,uniform,uniform,46713000.0,356960.0
yield_streets_transport_x130,sf,generous,41,proportional,valbest,74811.0,297.0
yield_streets_transport_x130,sf,generous,41,greedy_ev_point,valbest,81315.0,732.0
yield_streets_transport_x130,sf,generous,41,greedy_ev_quantile,quantile/full_arm,57989.0,324.0
yield_streets_transport_x130,sf,generous,41,hindsight_myopic_reference,hindsight_myopic_reference,39737.0,0.0
yield_water_sewer_x070,sf,generous,41,uniform,uniform,49559551.0,377585.0
yield_water_sewer_x070,sf,generous,41,proportional,valbest,3953908.0,38865.0
yield_water_sewer_x070,sf,generous,41,greedy_ev_point,valbest,3966644.0,39659.0
yield_water_sewer_x070,sf,generous,41,greedy_ev_quantile,quantile/full_arm,3701021.0,36353.0
yield_water_sewer_x070,sf,generous,41,hindsight_myopic_reference,hindsight_myopic_reference,3681235.0,36166.0
yield_water_sewer_x130,sf,generous,41,uniform,uniform,49559138.0,377585.0
yield_water_sewer_x130,sf,generous,41,proportional,valbest,3605140.0,34989.0
yield_water_sewer_x130,sf,generous,41,greedy_ev_point,valbest,3832506.0,38460.0
yield_water_sewer_x130,sf,generous,41,greedy_ev_quantile,quantile/full_arm,3581098.0,35182.0
yield_water_sewer_x130,sf,generous,41,hindsight_myopic_reference,hindsight_myopic_reference,3568459.0,34930.0
abandonment_10,sf,generous,41,uniform,uniform,3646394.8611,12971.1239
abandonment_10,sf,generous,41,proportional,valbest,421472.4354,1544.8038
abandonment_10,sf,generous,41,greedy_ev_point,valbest,443035.7058,2048.8902
abandonment_10,sf,generous,41,greedy_ev_quantile,quantile/full_arm,412123.1215,1528.0338
abandonment_10,sf,generous,41,hindsight_myopic_reference,hindsight_myopic_reference,406806.6777,1521.9496
budgets_train_plus_validation,sf,scarce,26,uniform,uniform,57455738.0,434519.0
budgets_train_plus_validation,sf,scarce,26,proportional,valbest,29492447.0,231169.0
budgets_train_plus_validation,sf,scarce,26,greedy_ev_point,valbest,30255010.0,236773.0
budgets_train_plus_validation,sf,scarce,26,greedy_ev_quantile,quantile/full_arm,29644860.0,231937.0
budgets_train_plus_validation,sf,scarce,26,hindsight_myopic_reference,hindsight_myopic_reference,29485573.0,231144.0
budgets_train_plus_validation,sf,moderate,34,uniform,uniform,53355269.0,405085.0
budgets_train_plus_validation,sf,moderate,34,proportional,valbest,14321442.0,121202.0
budgets_train_plus_validation,sf,moderate,34,greedy_ev_point,valbest,15075010.0,126773.0
budgets_train_plus_validation,sf,moderate,34,greedy_ev_quantile,quantile/full_arm,14464860.0,121937.0
budgets_train_plus_validation,sf,moderate,34,hindsight_myopic_reference,hindsight_myopic_reference,14305573.0,121144.0
budgets_train_plus_validation,sf,generous,42,uniform,uniform,49559250.0,377585.0
budgets_train_plus_validation,sf,generous,42,proportional,valbest,2808574.0,26876.0
budgets_train_plus_validation,sf,generous,42,greedy_ev_point,valbest,3001632.0,29934.0
budgets_train_plus_validation,sf,generous,42,greedy_ev_quantile,quantile/full_arm,2755544.0,26719.0
budgets_train_plus_validation,sf,generous,42,hindsight_myopic_reference,hindsight_myopic_reference,2734621.0,26520.0
