date,borough,complaint_group,request_volume
2022-01-01,Bronx,Housing,261
2022-01-01,Bronx,Noise,510
2022-01-01,Bronx,Other,72
2022-01-01,Bronx,Public Safety,25
2022-01-01,Bronx,Sanitation,25
2022-01-01,Bronx,Street Condition,17
2022-01-01,Bronx,Traffic,178
2022-01-01,Bronx,Water,21
2022-01-01,Brooklyn,Housing,195
2022-01-01,Brooklyn,Noise,482
2022-01-01,Brooklyn,Other,268
2022-01-01,Brooklyn,Public Safety,107
2022-01-01,Brooklyn,Sanitation,87
2022-01-01,Brooklyn,Street Condition,51
2022-01-01,Brooklyn,Traffic,359
2022-01-01,Brooklyn,Water,61
2022-01-01,Manhattan,Housing,209
2022-01-01,Manhattan,Noise,540
2022-01-01,Manhattan,Other,169
2022-01-01,Manhattan,Public Safety,271
2022-01-01,Manhattan,Sanitation,43
2022-01-01,Manhattan,Street Condition,21
2022-01-01,Manhattan,Traffic,108
2022-01-01,Manhattan,Water,11
2022-01-01,Queens,Housing,98
2022-01-01,Queens,Noise,595
2022-01-01,Queens,Other,248
2022-01-01,Queens,Public Safety,69
2022-01-01,Queens,Sanitation,56
2022-01-01,Queens,Street Condition,39
2022-01-01,Queens,Traffic,376
2022-01-01,Queens,Water,35
2022-01-01,Staten Island,Housing,18
2022-01-01,Staten Island,Noise,48
2022-01-01,Staten Island,Other,56
2022-01-01,Staten Island,Public Safety,16
2022-01-01,Staten Island,Sanitation,46
2022-01-01,Staten Island,Street Condition,15
2022-01-01,Staten Island,Traffic,34
2022-01-01,Staten Island,Water,17
2022-01-02,Bronx,Housing,402
2022-01-02,Bronx,Noise,265
2022-01-02,Bronx,Other,104
2022-01-02,Bronx,Public Safety,14
2022-01-02,Bronx,Sanitation,31
2022-01-02,Bronx,Street Condition,33
2022-01-02,Bronx,Traffic,265
2022-01-02,Bronx,Water,33
2022-01-02,Brooklyn,Housing,359
2022-01-02,Brooklyn,Noise,314
2022-01-02,Brooklyn,Other,446
2022-01-02,Brooklyn,Public Safety,40
2022-01-02,Brooklyn,Sanitation,94
2022-01-02,Brooklyn,Street Condition,107
2022-01-02,Brooklyn,Traffic,576
2022-01-02,Brooklyn,Water,67
2022-01-02,Manhattan,Housing,363
2022-01-02,Manhattan,Noise,414
2022-01-02,Manhattan,Other,282
2022-01-02,Manhattan,Public Safety,267
2022-01-02,Manhattan,Sanitation,57
2022-01-02,Manhattan,Street Condition,30
2022-01-02,Manhattan,Traffic,120
2022-01-02,Manhattan,Water,37
2022-01-02,Queens,Housing,164
2022-01-02,Queens,Noise,370
2022-01-02,Queens,Other,417
2022-01-02,Queens,Public Safety,36
2022-01-02,Queens,Sanitation,57
2022-01-02,Queens,Street Condition,101
2022-01-02,Queens,Traffic,481
2022-01-02,Queens,Water,56
2022-01-02,Staten Island,Housing,22
2022-01-02,Staten Island,Noise,23
2022-01-02,Staten Island,Other,93
2022-01-02,Staten Island,Public Safety,6
2022-01-02,Staten Island,Sanitation,64
2022-01-02,Staten Island,Street Condition,16
2022-01-02,Staten Island,Traffic,47
2022-01-02,Staten Island,Water,33
2022-01-03,Bronx,Housing,1237
2022-01-03,Bronx,Noise,153
2022-01-03,Bronx,Other,139
2022-01-03,Bronx,Public Safety,23
2022-01-03,Bronx,Sanitation,45
2022-01-03,Bronx,Street Condition,107
2022-01-03,Bronx,Traffic,232
2022-01-03,Bronx,Water,84
2022-01-03,Brooklyn,Housing,1012
2022-01-03,Brooklyn,Noise,205
2022-01-03,Brooklyn,Other,553
2022-01-03,Brooklyn,Public Safety,55
2022-01-03,Brooklyn,Sanitation,145
2022-01-03,Brooklyn,Street Condition,191
2022-01-03,Brooklyn,Traffic,516
2022-01-03,Brooklyn,Water,82
2022-01-03,Manhattan,Housing,669
2022-01-03,Manhattan,Noise,309
2022-01-03,Manhattan,Other,337
2022-01-03,Manhattan,Public Safety,196
2022-01-03,Manhattan,Sanitation,99
2022-01-03,Manhattan,Street Condition,81
2022-01-03,Manhattan,Traffic,111
2022-01-03,Manhattan,Water,39
2022-01-03,Queens,Housing,439
2022-01-03,Queens,Noise,220
2022-01-03,Queens,Other,460
2022-01-03,Queens,Public Safety,42
2022-01-03,Queens,Sanitation,66
2022-01-03,Queens,Street Condition,206
2022-01-03,Queens,Traffic,572
2022-01-03,Queens,Water,82
2022-01-03,Staten Island,Housing,46
2022-01-03,Staten Island,Noise,20
2022-01-03,Staten Island,Other,106
2022-01-03,Staten Island,Public Safety,3
2022-01-03,Staten Island,Sanitation,55
2022-01-03,Staten Island,Street Condition,122
2022-01-03,Staten Island,Traffic,57
2022-01-03,Staten Island,Water,27
2022-01-04,Bronx,Housing,1200
2022-01-04,Bronx,Noise,147
2022-01-04,Bronx,Other,177
2022-01-04,Bronx,Public Safety,21
2022-01-04,Bronx,Sanitation,62
2022-01-04,Bronx,Street Condition,109
2022-01-04,Bronx,Traffic,261
2022-01-04,Bronx,Water,56
2022-01-04,Brooklyn,Housing,964
2022-01-04,Brooklyn,Noise,218
2022-01-04,Brooklyn,Other,512
2022-01-04,Brooklyn,Public Safety,46
2022-01-04,Brooklyn,Sanitation,173
2022-01-04,Brooklyn,Street Condition,182
2022-01-04,Brooklyn,Traffic,580
2022-01-04,Brooklyn,Water,75
2022-01-04,Manhattan,Housing,790
2022-01-04,Manhattan,Noise,356
2022-01-04,Manhattan,Other,290
2022-01-04,Manhattan,Public Safety,181
2022-01-04,Manhattan,Sanitation,95
2022-01-04,Manhattan,Street Condition,81
2022-01-04,Manhattan,Traffic,160
2022-01-04,Manhattan,Water,46
2022-01-04,Queens,Housing,548
2022-01-04,Queens,Noise,212
2022-01-04,Queens,Other,447
2022-01-04,Queens,Public Safety,41
2022-01-04,Queens,Sanitation,129
2022-01-04,Queens,Street Condition,189
2022-01-04,Queens,Traffic,517
2022-01-04,Queens,Water,91
2022-01-04,Staten Island,Housing,68
2022-01-04,Staten Island,Noise,22
2022-01-04,Staten Island,Other,116
2022-01-04,Staten Island,Public Safety,4
2022-01-04,Staten Island,Sanitation,94
2022-01-04,Staten Island,Street Condition,82
2022-01-04,Staten Island,Traffic,35
2022-01-04,Staten Island,Water,31
2022-01-05,Bronx,Housing,837
2022-01-05,Bronx,Noise,202
2022-01-05,Bronx,Other,177
2022-01-05,Bronx,Public Safety,23
2022-01-05,Bronx,Sanitation,67
2022-01-05,Bronx,Street Condition,106
2022-01-05,Bronx,Traffic,225
2022-01-05,Bronx,Water,61
2022-01-05,Brooklyn,Housing,683
2022-01-05,Brooklyn,Noise,257
2022-01-05,Brooklyn,Other,526
2022-01-05,Brooklyn,Public Safety,59
2022-01-05,Brooklyn,Sanitation,254
2022-01-05,Brooklyn,Street Condition,183
2022-01-05,Brooklyn,Traffic,526
2022-01-05,Brooklyn,Water,98
2022-01-05,Manhattan,Housing,543
2022-01-05,Manhattan,Noise,249
2022-01-05,Manhattan,Other,301
2022-01-05,Manhattan,Public Safety,201
2022-01-05,Manhattan,Sanitation,86
2022-01-05,Manhattan,Street Condition,87
2022-01-05,Manhattan,Traffic,135
2022-01-05,Manhattan,Water,59
2022-01-05,Queens,Housing,332
2022-01-05,Queens,Noise,207
2022-01-05,Queens,Other,438
2022-01-05,Queens,Public Safety,28
2022-01-05,Queens,Sanitation,139
2022-01-05,Queens,Street Condition,189
2022-01-05,Queens,Traffic,537
2022-01-05,Queens,Water,80
2022-01-05,Staten Island,Housing,69
2022-01-05,Staten Island,Noise,13
2022-01-05,Staten Island,Other,116
2022-01-05,Staten Island,Public Safety,4
2022-01-05,Staten Island,Sanitation,116
2022-01-05,Staten Island,Street Condition,79
2022-01-05,Staten Island,Traffic,53
2022-01-05,Staten Island,Water,35
2022-01-06,Bronx,Housing,730
2022-01-06,Bronx,Noise,155
2022-01-06,Bronx,Other,136
2022-01-06,Bronx,Public Safety,26
2022-01-06,Bronx,Sanitation,85
2022-01-06,Bronx,Street Condition,107
2022-01-06,Bronx,Traffic,264
2022-01-06,Bronx,Water,49
2022-01-06,Brooklyn,Housing,653
2022-01-06,Brooklyn,Noise,250
2022-01-06,Brooklyn,Other,545
2022-01-06,Brooklyn,Public Safety,56
2022-01-06,Brooklyn,Sanitation,343
2022-01-06,Brooklyn,Street Condition,140
2022-01-06,Brooklyn,Traffic,605
2022-01-06,Brooklyn,Water,61
2022-01-06,Manhattan,Housing,469
2022-01-06,Manhattan,Noise,324
2022-01-06,Manhattan,Other,290
2022-01-06,Manhattan,Public Safety,188
2022-01-06,Manhattan,Sanitation,115
2022-01-06,Manhattan,Street Condition,81
2022-01-06,Manhattan,Traffic,144
2022-01-06,Manhattan,Water,33
2022-01-06,Queens,Housing,337
2022-01-06,Queens,Noise,239
2022-01-06,Queens,Other,462
2022-01-06,Queens,Public Safety,50
2022-01-06,Queens,Sanitation,300
2022-01-06,Queens,Street Condition,118
2022-01-06,Queens,Traffic,586
2022-01-06,Queens,Water,82
2022-01-06,Staten Island,Housing,51
2022-01-06,Staten Island,Noise,20
2022-01-06,Staten Island,Other,86
2022-01-06,Staten Island,Public Safety,1
2022-01-06,Staten Island,Sanitation,199
2022-01-06,Staten Island,Street Condition,44
2022-01-06,Staten Island,Traffic,35
2022-01-06,Staten Island,Water,72
2022-01-07,Bronx,Housing,805
2022-01-07,Bronx,Noise,202
2022-01-07,Bronx,Other,121
2022-01-07,Bronx,Public Safety,18
2022-01-07,Bronx,Sanitation,21
2022-01-07,Bronx,Street Condition,126
2022-01-07,Bronx,Traffic,172
2022-01-07,Bronx,Water,53
2022-01-07,Brooklyn,Housing,750
2022-01-07,Brooklyn,Noise,245
2022-01-07,Brooklyn,Other,388
2022-01-07,Brooklyn,Public Safety,49
2022-01-07,Brooklyn,Sanitation,67
2022-01-07,Brooklyn,Street Condition,132
2022-01-07,Brooklyn,Traffic,433
2022-01-07,Brooklyn,Water,75
2022-01-07,Manhattan,Housing,513
2022-01-07,Manhattan,Noise,293
2022-01-07,Manhattan,Other,237
2022-01-07,Manhattan,Public Safety,202
2022-01-07,Manhattan,Sanitation,35
2022-01-07,Manhattan,Street Condition,58
2022-01-07,Manhattan,Traffic,89
2022-01-07,Manhattan,Water,32
2022-01-07,Queens,Housing,353
2022-01-07,Queens,Noise,225
2022-01-07,Queens,Other,344
2022-01-07,Queens,Public Safety,22
2022-01-07,Queens,Sanitation,34
2022-01-07,Queens,Street Condition,85
2022-01-07,Queens,Traffic,398
2022-01-07,Queens,Water,61
2022-01-07,Staten Island,Housing,35
2022-01-07,Staten Island,Noise,14
2022-01-07,Staten Island,Other,86
2022-01-07,Staten Island,Public Safety,2
2022-01-07,Staten Island,Sanitation,14
2022-01-07,Staten Island,Street Condition,31
2022-01-07,Staten Island,Traffic,43
2022-01-07,Staten Island,Water,21
2022-01-08,Bronx,Housing,1020
2022-01-08,Bronx,Noise,294
2022-01-08,Bronx,Other,146
2022-01-08,Bronx,Public Safety,27
2022-01-08,Bronx,Sanitation,18
2022-01-08,Bronx,Street Condition,39
2022-01-08,Bronx,Traffic,220
2022-01-08,Bronx,Water,35
2022-01-08,Brooklyn,Housing,766
2022-01-08,Brooklyn,Noise,332
2022-01-08,Brooklyn,Other,445
2022-01-08,Brooklyn,Public Safety,43
2022-01-08,Brooklyn,Sanitation,43
2022-01-08,Brooklyn,Street Condition,63
2022-01-08,Brooklyn,Traffic,422
2022-01-08,Brooklyn,Water,40
2022-01-08,Manhattan,Housing,715
2022-01-08,Manhattan,Noise,470
2022-01-08,Manhattan,Other,233
2022-01-08,Manhattan,Public Safety,271
2022-01-08,Manhattan,Sanitation,42
2022-01-08,Manhattan,Street Condition,24
2022-01-08,Manhattan,Traffic,108
2022-01-08,Manhattan,Water,33
2022-01-08,Queens,Housing,422
2022-01-08,Queens,Noise,263
2022-01-08,Queens,Other,376
2022-01-08,Queens,Public Safety,24
2022-01-08,Queens,Sanitation,23
2022-01-08,Queens,Street Condition,83
2022-01-08,Queens,Traffic,420
2022-01-08,Queens,Water,54
2022-01-08,Staten Island,Housing,48
2022-01-08,Staten Island,Noise,17
2022-01-08,Staten Island,Other,80
2022-01-08,Staten Island,Public Safety,3
2022-01-08,Staten Island,Sanitation,23
2022-01-08,Staten Island,Street Condition,13
2022-01-08,Staten Island,Traffic,47
2022-01-08,Staten Island,Water,18
2022-01-09,Bronx,Housing,684
2022-01-09,Bronx,Noise,343
2022-01-09,Bronx,Other,101
2022-01-09,Bronx,Public Safety,10
2022-01-09,Bronx,Sanitation,23
2022-01-09,Bronx,Street Condition,12
2022-01-09,Bronx,Traffic,237
2022-01-09,Bronx,Water,26
2022-01-09,Brooklyn,Housing,597
2022-01-09,Brooklyn,Noise,367
2022-01-09,Brooklyn,Other,481
2022-01-09,Brooklyn,Public Safety,94
2022-01-09,Brooklyn,Sanitation,52
2022-01-09,Brooklyn,Street Condition,116
2022-01-09,Brooklyn,Traffic,466
2022-01-09,Brooklyn,Water,65
2022-01-09,Manhattan,Housing,446
2022-01-09,Manhattan,Noise,399
2022-01-09,Manhattan,Other,212
2022-01-09,Manhattan,Public Safety,244
2022-01-09,Manhattan,Sanitation,42
2022-01-09,Manhattan,Street Condition,32
2022-01-09,Manhattan,Traffic,88
2022-01-09,Manhattan,Water,29
2022-01-09,Queens,Housing,275
2022-01-09,Queens,Noise,346
2022-01-09,Queens,Other,381
2022-01-09,Queens,Public Safety,37
2022-01-09,Queens,Sanitation,31
2022-01-09,Queens,Street Condition,86
2022-01-09,Queens,Traffic,494
2022-01-09,Queens,Water,49
2022-01-09,Staten Island,Housing,32
2022-01-09,Staten Island,Noise,21
2022-01-09,Staten Island,Other,92
2022-01-09,Staten Island,Public Safety,5
2022-01-09,Staten Island,Sanitation,46
2022-01-09,Staten Island,Street Condition,16
2022-01-09,Staten Island,Traffic,33
2022-01-09,Staten Island,Water,13
2022-01-10,Bronx,Housing,1294
2022-01-10,Bronx,Noise,180
2022-01-10,Bronx,Other,175
2022-01-10,Bronx,Public Safety,31
2022-01-10,Bronx,Sanitation,64
2022-01-10,Bronx,Street Condition,136
2022-01-10,Bronx,Traffic,269
2022-01-10,Bronx,Water,68
2022-01-10,Brooklyn,Housing,1094
2022-01-10,Brooklyn,Noise,233
2022-01-10,Brooklyn,Other,528
2022-01-10,Brooklyn,Public Safety,90
2022-01-10,Brooklyn,Sanitation,93
2022-01-10,Brooklyn,Street Condition,233
2022-01-10,Brooklyn,Traffic,638
2022-01-10,Brooklyn,Water,119
2022-01-10,Manhattan,Housing,816
2022-01-10,Manhattan,Noise,265
2022-01-10,Manhattan,Other,256
2022-01-10,Manhattan,Public Safety,188
2022-01-10,Manhattan,Sanitation,69
2022-01-10,Manhattan,Street Condition,106
2022-01-10,Manhattan,Traffic,173
2022-01-10,Manhattan,Water,47
2022-01-10,Queens,Housing,400
2022-01-10,Queens,Noise,197
2022-01-10,Queens,Other,418
2022-01-10,Queens,Public Safety,37
2022-01-10,Queens,Sanitation,56
2022-01-10,Queens,Street Condition,275
2022-01-10,Queens,Traffic,484
2022-01-10,Queens,Water,71
2022-01-10,Staten Island,Housing,61
2022-01-10,Staten Island,Noise,16
2022-01-10,Staten Island,Other,107
2022-01-10,Staten Island,Public Safety,3
2022-01-10,Staten Island,Sanitation,52
2022-01-10,Staten Island,Street Condition,60
2022-01-10,Staten Island,Traffic,39
2022-01-10,Staten Island,Water,37
2022-01-11,Bronx,Housing,2111
2022-01-11,Bronx,Noise,168
2022-01-11,Bronx,Other,163
2022-01-11,Bronx,Public Safety,34
2022-01-11,Bronx,Sanitation,42
2022-01-11,Bronx,Street Condition,93
2022-01-11,Bronx,Traffic,289
2022-01-11,Bronx,Water,94
2022-01-11,Brooklyn,Housing,1623
2022-01-11,Brooklyn,Noise,238
2022-01-11,Brooklyn,Other,545
2022-01-11,Brooklyn,Public Safety,102
2022-01-11,Brooklyn,Sanitation,91
2022-01-11,Brooklyn,Street Condition,232
2022-01-11,Brooklyn,Traffic,581
2022-01-11,Brooklyn,Water,119
2022-01-11,Manhattan,Housing,1413
2022-01-11,Manhattan,Noise,285
2022-01-11,Manhattan,Other,302
2022-01-11,Manhattan,Public Safety,228
2022-01-11,Manhattan,Sanitation,54
2022-01-11,Manhattan,Street Condition,103
2022-01-11,Manhattan,Traffic,168
2022-01-11,Manhattan,Water,60
2022-01-11,Queens,Housing,790
2022-01-11,Queens,Noise,228
2022-01-11,Queens,Other,440
2022-01-11,Queens,Public Safety,48
2022-01-11,Queens,Sanitation,56
2022-01-11,Queens,Street Condition,229
2022-01-11,Queens,Traffic,481
2022-01-11,Queens,Water,80
2022-01-11,Staten Island,Housing,64
2022-01-11,Staten Island,Noise,16
2022-01-11,Staten Island,Other,116
2022-01-11,Staten Island,Public Safety,4
2022-01-11,Staten Island,Sanitation,46
2022-01-11,Staten Island,Street Condition,70
2022-01-11,Staten Island,Traffic,50
2022-01-11,Staten Island,Water,32
2022-01-12,Bronx,Housing,1534
2022-01-12,Bronx,Noise,178
2022-01-12,Bronx,Other,176
2022-01-12,Bronx,Public Safety,32
2022-01-12,Bronx,Sanitation,44
2022-01-12,Bronx,Street Condition,111
2022-01-12,Bronx,Traffic,282
2022-01-12,Bronx,Water,90
2022-01-12,Brooklyn,Housing,1190
2022-01-12,Brooklyn,Noise,272
2022-01-12,Brooklyn,Other,517
2022-01-12,Brooklyn,Public Safety,93
2022-01-12,Brooklyn,Sanitation,163
2022-01-12,Brooklyn,Street Condition,198
2022-01-12,Brooklyn,Traffic,669
2022-01-12,Brooklyn,Water,163
2022-01-12,Manhattan,Housing,953
2022-01-12,Manhattan,Noise,349
2022-01-12,Manhattan,Other,317
2022-01-12,Manhattan,Public Safety,189
2022-01-12,Manhattan,Sanitation,71
2022-01-12,Manhattan,Street Condition,91
2022-01-12,Manhattan,Traffic,197
2022-01-12,Manhattan,Water,77
2022-01-12,Queens,Housing,520
2022-01-12,Queens,Noise,238
2022-01-12,Queens,Other,400
2022-01-12,Queens,Public Safety,35
2022-01-12,Queens,Sanitation,53
2022-01-12,Queens,Street Condition,171
2022-01-12,Queens,Traffic,536
2022-01-12,Queens,Water,107
2022-01-12,Staten Island,Housing,58
2022-01-12,Staten Island,Noise,17
2022-01-12,Staten Island,Other,106
2022-01-12,Staten Island,Public Safety,4
2022-01-12,Staten Island,Sanitation,44
2022-01-12,Staten Island,Street Condition,71
2022-01-12,Staten Island,Traffic,38
2022-01-12,Staten Island,Water,41
2022-01-13,Bronx,Housing,855
2022-01-13,Bronx,Noise,231
2022-01-13,Bronx,Other,151
2022-01-13,Bronx,Public Safety,23
2022-01-13,Bronx,Sanitation,58
2022-01-13,Bronx,Street Condition,149
2022-01-13,Bronx,Traffic,340
2022-01-13,Bronx,Water,69
2022-01-13,Brooklyn,Housing,693
2022-01-13,Brooklyn,Noise,282
2022-01-13,Brooklyn,Other,534
2022-01-13,Brooklyn,Public Safety,106
2022-01-13,Brooklyn,Sanitation,183
2022-01-13,Brooklyn,Street Condition,162
2022-01-13,Brooklyn,Traffic,714
2022-01-13,Brooklyn,Water,289
2022-01-13,Manhattan,Housing,574
2022-01-13,Manhattan,Noise,383
2022-01-13,Manhattan,Other,297
2022-01-13,Manhattan,Public Safety,165
2022-01-13,Manhattan,Sanitation,77
2022-01-13,Manhattan,Street Condition,82
2022-01-13,Manhattan,Traffic,206
2022-01-13,Manhattan,Water,41
2022-01-13,Queens,Housing,355
2022-01-13,Queens,Noise,279
2022-01-13,Queens,Other,394
2022-01-13,Queens,Public Safety,42
2022-01-13,Queens,Sanitation,102
2022-01-13,Queens,Street Condition,188
2022-01-13,Queens,Traffic,557
2022-01-13,Queens,Water,107
2022-01-13,Staten Island,Housing,59
2022-01-13,Staten Island,Noise,31
2022-01-13,Staten Island,Other,94
2022-01-13,Staten Island,Public Safety,6
2022-01-13,Staten Island,Sanitation,64
2022-01-13,Staten Island,Street Condition,56
2022-01-13,Staten Island,Traffic,57
2022-01-13,Staten Island,Water,32
2022-01-14,Bronx,Housing,836
2022-01-14,Bronx,Noise,351
2022-01-14,Bronx,Other,154
2022-01-14,Bronx,Public Safety,30
2022-01-14,Bronx,Sanitation,50
2022-01-14,Bronx,Street Condition,91
2022-01-14,Bronx,Traffic,278
2022-01-14,Bronx,Water,78
2022-01-14,Brooklyn,Housing,778
2022-01-14,Brooklyn,Noise,276
2022-01-14,Brooklyn,Other,480
2022-01-14,Brooklyn,Public Safety,68
2022-01-14,Brooklyn,Sanitation,174
2022-01-14,Brooklyn,Street Condition,178
2022-01-14,Brooklyn,Traffic,640
2022-01-14,Brooklyn,Water,199
2022-01-14,Manhattan,Housing,557
2022-01-14,Manhattan,Noise,382
2022-01-14,Manhattan,Other,287
2022-01-14,Manhattan,Public Safety,290
2022-01-14,Manhattan,Sanitation,59
2022-01-14,Manhattan,Street Condition,94
2022-01-14,Manhattan,Traffic,204
2022-01-14,Manhattan,Water,48
2022-01-14,Queens,Housing,367
2022-01-14,Queens,Noise,231
2022-01-14,Queens,Other,385
2022-01-14,Queens,Public Safety,31
2022-01-14,Queens,Sanitation,117
2022-01-14,Queens,Street Condition,134
2022-01-14,Queens,Traffic,529
2022-01-14,Queens,Water,80
2022-01-14,Staten Island,Housing,50
2022-01-14,Staten Island,Noise,24
2022-01-14,Staten Island,Other,110
2022-01-14,Staten Island,Public Safety,1
2022-01-14,Staten Island,Sanitation,93
2022-01-14,Staten Island,Street Condition,64
2022-01-14,Staten Island,Traffic,46
2022-01-14,Staten Island,Water,31
2022-01-15,Bronx,Housing,1663
2022-01-15,Bronx,Noise,332
2022-01-15,Bronx,Other,101
2022-01-15,Bronx,Public Safety,29
2022-01-15,Bronx,Sanitation,37
2022-01-15,Bronx,Street Condition,34
2022-01-15,Bronx,Traffic,249
2022-01-15,Bronx,Water,59
2022-01-15,Brooklyn,Housing,1224
2022-01-15,Brooklyn,Noise,361
2022-01-15,Brooklyn,Other,365
2022-01-15,Brooklyn,Public Safety,57
2022-01-15,Brooklyn,Sanitation,87
2022-01-15,Brooklyn,Street Condition,66
2022-01-15,Brooklyn,Traffic,475
2022-01-15,Brooklyn,Water,141
2022-01-15,Manhattan,Housing,889
2022-01-15,Manhattan,Noise,503
2022-01-15,Manhattan,Other,196
2022-01-15,Manhattan,Public Safety,184
2022-01-15,Manhattan,Sanitation,51
2022-01-15,Manhattan,Street Condition,31
2022-01-15,Manhattan,Traffic,131
2022-01-15,Manhattan,Water,33
2022-01-15,Queens,Housing,634
2022-01-15,Queens,Noise,288
2022-01-15,Queens,Other,271
2022-01-15,Queens,Public Safety,34
2022-01-15,Queens,Sanitation,65
2022-01-15,Queens,Street Condition,100
2022-01-15,Queens,Traffic,494
2022-01-15,Queens,Water,88
2022-01-15,Staten Island,Housing,53
2022-01-15,Staten Island,Noise,33
2022-01-15,Staten Island,Other,72
2022-01-15,Staten Island,Public Safety,5
2022-01-15,Staten Island,Sanitation,55
2022-01-15,Staten Island,Street Condition,25
2022-01-15,Staten Island,Traffic,41
2022-01-15,Staten Island,Water,14
2022-01-16,Bronx,Housing,1559
2022-01-16,Bronx,Noise,326
2022-01-16,Bronx,Other,76
2022-01-16,Bronx,Public Safety,9
2022-01-16,Bronx,Sanitation,21
2022-01-16,Bronx,Street Condition,31
2022-01-16,Bronx,Traffic,265
2022-01-16,Bronx,Water,82
2022-01-16,Brooklyn,Housing,1209
2022-01-16,Brooklyn,Noise,318
2022-01-16,Brooklyn,Other,354
2022-01-16,Brooklyn,Public Safety,47
2022-01-16,Brooklyn,Sanitation,113
2022-01-16,Brooklyn,Street Condition,81
2022-01-16,Brooklyn,Traffic,424
2022-01-16,Brooklyn,Water,113
2022-01-16,Manhattan,Housing,1131
2022-01-16,Manhattan,Noise,352
2022-01-16,Manhattan,Other,223
2022-01-16,Manhattan,Public Safety,136
2022-01-16,Manhattan,Sanitation,109
2022-01-16,Manhattan,Street Condition,38
2022-01-16,Manhattan,Traffic,106
2022-01-16,Manhattan,Water,30
2022-01-16,Queens,Housing,644
2022-01-16,Queens,Noise,298
2022-01-16,Queens,Other,306
2022-01-16,Queens,Public Safety,34
2022-01-16,Queens,Sanitation,85
2022-01-16,Queens,Street Condition,72
2022-01-16,Queens,Traffic,419
2022-01-16,Queens,Water,136
2022-01-16,Staten Island,Housing,70
2022-01-16,Staten Island,Noise,28
2022-01-16,Staten Island,Other,108
2022-01-16,Staten Island,Public Safety,4
2022-01-16,Staten Island,Sanitation,55
2022-01-16,Staten Island,Street Condition,39
2022-01-16,Staten Island,Traffic,37
2022-01-16,Staten Island,Water,34
2022-01-17,Bronx,Housing,1053
2022-01-17,Bronx,Noise,245
2022-01-17,Bronx,Other,147
2022-01-17,Bronx,Public Safety,22
2022-01-17,Bronx,Sanitation,25
2022-01-17,Bronx,Street Condition,93
2022-01-17,Bronx,Traffic,251
2022-01-17,Bronx,Water,130
2022-01-17,Brooklyn,Housing,893
2022-01-17,Brooklyn,Noise,246
2022-01-17,Brooklyn,Other,631
2022-01-17,Brooklyn,Public Safety,44
2022-01-17,Brooklyn,Sanitation,150
2022-01-17,Brooklyn,Street Condition,300
2022-01-17,Brooklyn,Traffic,486
2022-01-17,Brooklyn,Water,198
2022-01-17,Manhattan,Housing,635
2022-01-17,Manhattan,Noise,310
2022-01-17,Manhattan,Other,251
2022-01-17,Manhattan,Public Safety,244
2022-01-17,Manhattan,Sanitation,74
2022-01-17,Manhattan,Street Condition,81
2022-01-17,Manhattan,Traffic,136
2022-01-17,Manhattan,Water,93
2022-01-17,Queens,Housing,439
2022-01-17,Queens,Noise,247
2022-01-17,Queens,Other,519
2022-01-17,Queens,Public Safety,41
2022-01-17,Queens,Sanitation,63
2022-01-17,Queens,Street Condition,195
2022-01-17,Queens,Traffic,509
2022-01-17,Queens,Water,146
2022-01-17,Staten Island,Housing,46
2022-01-17,Staten Island,Noise,16
2022-01-17,Staten Island,Other,181
2022-01-17,Staten Island,Public Safety,8
2022-01-17,Staten Island,Sanitation,47
2022-01-17,Staten Island,Street Condition,45
2022-01-17,Staten Island,Traffic,36
2022-01-17,Staten Island,Water,58
2022-01-18,Bronx,Housing,1187
2022-01-18,Bronx,Noise,200
2022-01-18,Bronx,Other,182
2022-01-18,Bronx,Public Safety,37
2022-01-18,Bronx,Sanitation,48
2022-01-18,Bronx,Street Condition,140
2022-01-18,Bronx,Traffic,312
2022-01-18,Bronx,Water,120
2022-01-18,Brooklyn,Housing,932
2022-01-18,Brooklyn,Noise,244
2022-01-18,Brooklyn,Other,563
2022-01-18,Brooklyn,Public Safety,76
2022-01-18,Brooklyn,Sanitation,125
2022-01-18,Brooklyn,Street Condition,211
2022-01-18,Brooklyn,Traffic,585
2022-01-18,Brooklyn,Water,166
2022-01-18,Manhattan,Housing,747
2022-01-18,Manhattan,Noise,383
2022-01-18,Manhattan,Other,333
2022-01-18,Manhattan,Public Safety,173
2022-01-18,Manhattan,Sanitation,62
2022-01-18,Manhattan,Street Condition,110
2022-01-18,Manhattan,Traffic,208
2022-01-18,Manhattan,Water,53
2022-01-18,Queens,Housing,460
2022-01-18,Queens,Noise,217
2022-01-18,Queens,Other,559
2022-01-18,Queens,Public Safety,50
2022-01-18,Queens,Sanitation,73
2022-01-18,Queens,Street Condition,249
2022-01-18,Queens,Traffic,524
2022-01-18,Queens,Water,123
2022-01-18,Staten Island,Housing,51
2022-01-18,Staten Island,Noise,30
2022-01-18,Staten Island,Other,188
2022-01-18,Staten Island,Public Safety,9
2022-01-18,Staten Island,Sanitation,48
2022-01-18,Staten Island,Street Condition,100
2022-01-18,Staten Island,Traffic,48
2022-01-18,Staten Island,Water,61
2022-01-19,Bronx,Housing,941
2022-01-19,Bronx,Noise,176
2022-01-19,Bronx,Other,160
2022-01-19,Bronx,Public Safety,33
2022-01-19,Bronx,Sanitation,60
2022-01-19,Bronx,Street Condition,121
2022-01-19,Bronx,Traffic,325
2022-01-19,Bronx,Water,85
2022-01-19,Brooklyn,Housing,650
2022-01-19,Brooklyn,Noise,240
2022-01-19,Brooklyn,Other,599
2022-01-19,Brooklyn,Public Safety,108
2022-01-19,Brooklyn,Sanitation,182
2022-01-19,Brooklyn,Street Condition,298
2022-01-19,Brooklyn,Traffic,681
2022-01-19,Brooklyn,Water,177
2022-01-19,Manhattan,Housing,555
2022-01-19,Manhattan,Noise,431
2022-01-19,Manhattan,Other,297
2022-01-19,Manhattan,Public Safety,119
2022-01-19,Manhattan,Sanitation,131
2022-01-19,Manhattan,Street Condition,110
2022-01-19,Manhattan,Traffic,251
2022-01-19,Manhattan,Water,43
2022-01-19,Queens,Housing,357
2022-01-19,Queens,Noise,225
2022-01-19,Queens,Other,528
2022-01-19,Queens,Public Safety,49
2022-01-19,Queens,Sanitation,121
2022-01-19,Queens,Street Condition,288
2022-01-19,Queens,Traffic,668
2022-01-19,Queens,Water,118
2022-01-19,Staten Island,Housing,37
2022-01-19,Staten Island,Noise,24
2022-01-19,Staten Island,Other,135
2022-01-19,Staten Island,Public Safety,4
2022-01-19,Staten Island,Sanitation,63
2022-01-19,Staten Island,Street Condition,149
2022-01-19,Staten Island,Traffic,62
2022-01-19,Staten Island,Water,36
2022-01-20,Bronx,Housing,958
2022-01-20,Bronx,Noise,190
2022-01-20,Bronx,Other,143
2022-01-20,Bronx,Public Safety,44
2022-01-20,Bronx,Sanitation,60
2022-01-20,Bronx,Street Condition,128
2022-01-20,Bronx,Traffic,278
2022-01-20,Bronx,Water,90
2022-01-20,Brooklyn,Housing,709
2022-01-20,Brooklyn,Noise,228
2022-01-20,Brooklyn,Other,491
2022-01-20,Brooklyn,Public Safety,72
2022-01-20,Brooklyn,Sanitation,166
2022-01-20,Brooklyn,Street Condition,236
2022-01-20,Brooklyn,Traffic,641
2022-01-20,Brooklyn,Water,125
2022-01-20,Manhattan,Housing,513
2022-01-20,Manhattan,Noise,352
2022-01-20,Manhattan,Other,293
2022-01-20,Manhattan,Public Safety,139
2022-01-20,Manhattan,Sanitation,77
2022-01-20,Manhattan,Street Condition,122
2022-01-20,Manhattan,Traffic,184
2022-01-20,Manhattan,Water,44
2022-01-20,Queens,Housing,405
2022-01-20,Queens,Noise,277
2022-01-20,Queens,Other,445
2022-01-20,Queens,Public Safety,54
2022-01-20,Queens,Sanitation,99
2022-01-20,Queens,Street Condition,237
2022-01-20,Queens,Traffic,515
2022-01-20,Queens,Water,79
2022-01-20,Staten Island,Housing,30
2022-01-20,Staten Island,Noise,31
2022-01-20,Staten Island,Other,111
2022-01-20,Staten Island,Public Safety,7
2022-01-20,Staten Island,Sanitation,51
2022-01-20,Staten Island,Street Condition,69
2022-01-20,Staten Island,Traffic,51
2022-01-20,Staten Island,Water,26
2022-01-21,Bronx,Housing,1609
2022-01-21,Bronx,Noise,210
2022-01-21,Bronx,Other,136
2022-01-21,Bronx,Public Safety,43
2022-01-21,Bronx,Sanitation,48
2022-01-21,Bronx,Street Condition,85
2022-01-21,Bronx,Traffic,274
2022-01-21,Bronx,Water,87
2022-01-21,Brooklyn,Housing,1197
2022-01-21,Brooklyn,Noise,302
2022-01-21,Brooklyn,Other,433
2022-01-21,Brooklyn,Public Safety,72
2022-01-21,Brooklyn,Sanitation,76
2022-01-21,Brooklyn,Street Condition,157
2022-01-21,Brooklyn,Traffic,669
2022-01-21,Brooklyn,Water,106
2022-01-21,Manhattan,Housing,950
2022-01-21,Manhattan,Noise,365
2022-01-21,Manhattan,Other,273
2022-01-21,Manhattan,Public Safety,120
2022-01-21,Manhattan,Sanitation,50
2022-01-21,Manhattan,Street Condition,113
2022-01-21,Manhattan,Traffic,166
2022-01-21,Manhattan,Water,59
2022-01-21,Queens,Housing,616
2022-01-21,Queens,Noise,241
2022-01-21,Queens,Other,378
2022-01-21,Queens,Public Safety,40
2022-01-21,Queens,Sanitation,66
2022-01-21,Queens,Street Condition,177
2022-01-21,Queens,Traffic,577
2022-01-21,Queens,Water,100
2022-01-21,Staten Island,Housing,39
2022-01-21,Staten Island,Noise,23
2022-01-21,Staten Island,Other,120
2022-01-21,Staten Island,Public Safety,4
2022-01-21,Staten Island,Sanitation,35
2022-01-21,Staten Island,Street Condition,62
2022-01-21,Staten Island,Traffic,40
2022-01-21,Staten Island,Water,41
2022-01-22,Bronx,Housing,1425
2022-01-22,Bronx,Noise,296
2022-01-22,Bronx,Other,75
2022-01-22,Bronx,Public Safety,27
2022-01-22,Bronx,Sanitation,17
2022-01-22,Bronx,Street Condition,48
2022-01-22,Bronx,Traffic,255
2022-01-22,Bronx,Water,59
2022-01-22,Brooklyn,Housing,1036
2022-01-22,Brooklyn,Noise,360
2022-01-22,Brooklyn,Other,354
2022-01-22,Brooklyn,Public Safety,35
2022-01-22,Brooklyn,Sanitation,56
2022-01-22,Brooklyn,Street Condition,95
2022-01-22,Brooklyn,Traffic,531
2022-01-22,Brooklyn,Water,119
2022-01-22,Manhattan,Housing,905
2022-01-22,Manhattan,Noise,554
2022-01-22,Manhattan,Other,203
2022-01-22,Manhattan,Public Safety,125
2022-01-22,Manhattan,Sanitation,48
2022-01-22,Manhattan,Street Condition,59
2022-01-22,Manhattan,Traffic,163
2022-01-22,Manhattan,Water,54
2022-01-22,Queens,Housing,470
2022-01-22,Queens,Noise,341
2022-01-22,Queens,Other,302
2022-01-22,Queens,Public Safety,31
2022-01-22,Queens,Sanitation,45
2022-01-22,Queens,Street Condition,79
2022-01-22,Queens,Traffic,542
2022-01-22,Queens,Water,99
2022-01-22,Staten Island,Housing,42
2022-01-22,Staten Island,Noise,31
2022-01-22,Staten Island,Other,114
2022-01-22,Staten Island,Public Safety,7
2022-01-22,Staten Island,Sanitation,55
2022-01-22,Staten Island,Street Condition,15
2022-01-22,Staten Island,Traffic,58
2022-01-22,Staten Island,Water,31
2022-01-23,Bronx,Housing,835
2022-01-23,Bronx,Noise,379
2022-01-23,Bronx,Other,100
2022-01-23,Bronx,Public Safety,16
2022-01-23,Bronx,Sanitation,53
2022-01-23,Bronx,Street Condition,49
2022-01-23,Bronx,Traffic,333
2022-01-23,Bronx,Water,65
2022-01-23,Brooklyn,Housing,681
2022-01-23,Brooklyn,Noise,377
2022-01-23,Brooklyn,Other,436
2022-01-23,Brooklyn,Public Safety,66
2022-01-23,Brooklyn,Sanitation,110
2022-01-23,Brooklyn,Street Condition,98
2022-01-23,Brooklyn,Traffic,612
2022-01-23,Brooklyn,Water,82
2022-01-23,Manhattan,Housing,549
2022-01-23,Manhattan,Noise,448
2022-01-23,Manhattan,Other,237
2022-01-23,Manhattan,Public Safety,164
2022-01-23,Manhattan,Sanitation,61
2022-01-23,Manhattan,Street Condition,49
2022-01-23,Manhattan,Traffic,148
2022-01-23,Manhattan,Water,61
2022-01-23,Queens,Housing,263
2022-01-23,Queens,Noise,310
2022-01-23,Queens,Other,376
2022-01-23,Queens,Public Safety,24
2022-01-23,Queens,Sanitation,68
2022-01-23,Queens,Street Condition,98
2022-01-23,Queens,Traffic,628
2022-01-23,Queens,Water,94
2022-01-23,Staten Island,Housing,28
2022-01-23,Staten Island,Noise,24
2022-01-23,Staten Island,Other,98
2022-01-23,Staten Island,Public Safety,6
2022-01-23,Staten Island,Sanitation,60
2022-01-23,Staten Island,Street Condition,27
2022-01-23,Staten Island,Traffic,40
2022-01-23,Staten Island,Water,30
2022-01-24,Bronx,Housing,1068
2022-01-24,Bronx,Noise,215
2022-01-24,Bronx,Other,174
2022-01-24,Bronx,Public Safety,30
2022-01-24,Bronx,Sanitation,43
2022-01-24,Bronx,Street Condition,135
2022-01-24,Bronx,Traffic,297
2022-01-24,Bronx,Water,62
2022-01-24,Brooklyn,Housing,752
2022-01-24,Brooklyn,Noise,302
2022-01-24,Brooklyn,Other,594
2022-01-24,Brooklyn,Public Safety,59
2022-01-24,Brooklyn,Sanitation,168
2022-01-24,Brooklyn,Street Condition,168
2022-01-24,Brooklyn,Traffic,635
2022-01-24,Brooklyn,Water,119
2022-01-24,Manhattan,Housing,703
2022-01-24,Manhattan,Noise,318
2022-01-24,Manhattan,Other,369
2022-01-24,Manhattan,Public Safety,146
2022-01-24,Manhattan,Sanitation,93
2022-01-24,Manhattan,Street Condition,112
2022-01-24,Manhattan,Traffic,193
2022-01-24,Manhattan,Water,54
2022-01-24,Queens,Housing,342
2022-01-24,Queens,Noise,213
2022-01-24,Queens,Other,478
2022-01-24,Queens,Public Safety,32
2022-01-24,Queens,Sanitation,90
2022-01-24,Queens,Street Condition,252
2022-01-24,Queens,Traffic,560
2022-01-24,Queens,Water,90
2022-01-24,Staten Island,Housing,60
2022-01-24,Staten Island,Noise,20
2022-01-24,Staten Island,Other,133
2022-01-24,Staten Island,Public Safety,7
2022-01-24,Staten Island,Sanitation,53
2022-01-24,Staten Island,Street Condition,94
2022-01-24,Staten Island,Traffic,46
2022-01-24,Staten Island,Water,34
2022-01-25,Bronx,Housing,924
2022-01-25,Bronx,Noise,225
2022-01-25,Bronx,Other,181
2022-01-25,Bronx,Public Safety,31
2022-01-25,Bronx,Sanitation,64
2022-01-25,Bronx,Street Condition,154
2022-01-25,Bronx,Traffic,307
2022-01-25,Bronx,Water,59
2022-01-25,Brooklyn,Housing,621
2022-01-25,Brooklyn,Noise,279
2022-01-25,Brooklyn,Other,586
2022-01-25,Brooklyn,Public Safety,120
2022-01-25,Brooklyn,Sanitation,180
2022-01-25,Brooklyn,Street Condition,227
2022-01-25,Brooklyn,Traffic,689
2022-01-25,Brooklyn,Water,135
2022-01-25,Manhattan,Housing,504
2022-01-25,Manhattan,Noise,390
2022-01-25,Manhattan,Other,376
2022-01-25,Manhattan,Public Safety,239
2022-01-25,Manhattan,Sanitation,106
2022-01-25,Manhattan,Street Condition,130
2022-01-25,Manhattan,Traffic,206
2022-01-25,Manhattan,Water,48
2022-01-25,Queens,Housing,305
2022-01-25,Queens,Noise,249
2022-01-25,Queens,Other,504
2022-01-25,Queens,Public Safety,38
2022-01-25,Queens,Sanitation,164
2022-01-25,Queens,Street Condition,259
2022-01-25,Queens,Traffic,585
2022-01-25,Queens,Water,95
2022-01-25,Staten Island,Housing,42
2022-01-25,Staten Island,Noise,26
2022-01-25,Staten Island,Other,114
2022-01-25,Staten Island,Public Safety,7
2022-01-25,Staten Island,Sanitation,71
2022-01-25,Staten Island,Street Condition,134
2022-01-25,Staten Island,Traffic,39
2022-01-25,Staten Island,Water,22
2022-01-26,Bronx,Housing,1183
2022-01-26,Bronx,Noise,167
2022-01-26,Bronx,Other,150
2022-01-26,Bronx,Public Safety,23
2022-01-26,Bronx,Sanitation,66
2022-01-26,Bronx,Street Condition,137
2022-01-26,Bronx,Traffic,315
2022-01-26,Bronx,Water,76
2022-01-26,Brooklyn,Housing,897
2022-01-26,Brooklyn,Noise,260
2022-01-26,Brooklyn,Other,534
2022-01-26,Brooklyn,Public Safety,116
2022-01-26,Brooklyn,Sanitation,170
2022-01-26,Brooklyn,Street Condition,182
2022-01-26,Brooklyn,Traffic,679
2022-01-26,Brooklyn,Water,138
2022-01-26,Manhattan,Housing,785
2022-01-26,Manhattan,Noise,320
2022-01-26,Manhattan,Other,362
2022-01-26,Manhattan,Public Safety,273
2022-01-26,Manhattan,Sanitation,60
2022-01-26,Manhattan,Street Condition,114
2022-01-26,Manhattan,Traffic,187
2022-01-26,Manhattan,Water,53
2022-01-26,Queens,Housing,404
2022-01-26,Queens,Noise,212
2022-01-26,Queens,Other,435
2022-01-26,Queens,Public Safety,34
2022-01-26,Queens,Sanitation,130
2022-01-26,Queens,Street Condition,229
2022-01-26,Queens,Traffic,613
2022-01-26,Queens,Water,95
2022-01-26,Staten Island,Housing,55
2022-01-26,Staten Island,Noise,22
2022-01-26,Staten Island,Other,117
2022-01-26,Staten Island,Public Safety,7
2022-01-26,Staten Island,Sanitation,67
2022-01-26,Staten Island,Street Condition,101
2022-01-26,Staten Island,Traffic,51
2022-01-26,Staten Island,Water,37
2022-01-27,Bronx,Housing,1210
2022-01-27,Bronx,Noise,200
2022-01-27,Bronx,Other,160
2022-01-27,Bronx,Public Safety,42
2022-01-27,Bronx,Sanitation,54
2022-01-27,Bronx,Street Condition,110
2022-01-27,Bronx,Traffic,353
2022-01-27,Bronx,Water,105
2022-01-27,Brooklyn,Housing,1006
2022-01-27,Brooklyn,Noise,293
2022-01-27,Brooklyn,Other,440
2022-01-27,Brooklyn,Public Safety,190
2022-01-27,Brooklyn,Sanitation,187
2022-01-27,Brooklyn,Street Condition,198
2022-01-27,Brooklyn,Traffic,711
2022-01-27,Brooklyn,Water,128
2022-01-27,Manhattan,Housing,680
2022-01-27,Manhattan,Noise,362
2022-01-27,Manhattan,Other,388
2022-01-27,Manhattan,Public Safety,102
2022-01-27,Manhattan,Sanitation,78
2022-01-27,Manhattan,Street Condition,107
2022-01-27,Manhattan,Traffic,193
2022-01-27,Manhattan,Water,52
2022-01-27,Queens,Housing,409
2022-01-27,Queens,Noise,146
2022-01-27,Queens,Other,401
2022-01-27,Queens,Public Safety,29
2022-01-27,Queens,Sanitation,139
2022-01-27,Queens,Street Condition,213
2022-01-27,Queens,Traffic,623
2022-01-27,Queens,Water,106
2022-01-27,Staten Island,Housing,60
2022-01-27,Staten Island,Noise,30
2022-01-27,Staten Island,Other,112
2022-01-27,Staten Island,Public Safety,6
2022-01-27,Staten Island,Sanitation,63
2022-01-27,Staten Island,Street Condition,100
2022-01-27,Staten Island,Traffic,62
2022-01-27,Staten Island,Water,47
2022-01-28,Bronx,Housing,896
2022-01-28,Bronx,Noise,416
2022-01-28,Bronx,Other,127
2022-01-28,Bronx,Public Safety,27
2022-01-28,Bronx,Sanitation,54
2022-01-28,Bronx,Street Condition,113
2022-01-28,Bronx,Traffic,307
2022-01-28,Bronx,Water,56
2022-01-28,Brooklyn,Housing,802
2022-01-28,Brooklyn,Noise,301
2022-01-28,Brooklyn,Other,354
2022-01-28,Brooklyn,Public Safety,81
2022-01-28,Brooklyn,Sanitation,131
2022-01-28,Brooklyn,Street Condition,154
2022-01-28,Brooklyn,Traffic,607
2022-01-28,Brooklyn,Water,120
2022-01-28,Manhattan,Housing,500
2022-01-28,Manhattan,Noise,329
2022-01-28,Manhattan,Other,295
2022-01-28,Manhattan,Public Safety,134
2022-01-28,Manhattan,Sanitation,73
2022-01-28,Manhattan,Street Condition,91
2022-01-28,Manhattan,Traffic,176
2022-01-28,Manhattan,Water,30
2022-01-28,Queens,Housing,325
2022-01-28,Queens,Noise,246
2022-01-28,Queens,Other,307
2022-01-28,Queens,Public Safety,38
2022-01-28,Queens,Sanitation,98
2022-01-28,Queens,Street Condition,280
2022-01-28,Queens,Traffic,593
2022-01-28,Queens,Water,69
2022-01-28,Staten Island,Housing,49
2022-01-28,Staten Island,Noise,26
2022-01-28,Staten Island,Other,62
2022-01-28,Staten Island,Public Safety,5
2022-01-28,Staten Island,Sanitation,56
2022-01-28,Staten Island,Street Condition,62
2022-01-28,Staten Island,Traffic,56
2022-01-28,Staten Island,Water,38
2022-01-29,Bronx,Housing,1339
2022-01-29,Bronx,Noise,862
2022-01-29,Bronx,Other,141
2022-01-29,Bronx,Public Safety,15
2022-01-29,Bronx,Sanitation,23
2022-01-29,Bronx,Street Condition,69
2022-01-29,Bronx,Traffic,108
2022-01-29,Bronx,Water,36
2022-01-29,Brooklyn,Housing,1022
2022-01-29,Brooklyn,Noise,254
2022-01-29,Brooklyn,Other,349
2022-01-29,Brooklyn,Public Safety,31
2022-01-29,Brooklyn,Sanitation,22
2022-01-29,Brooklyn,Street Condition,74
2022-01-29,Brooklyn,Traffic,272
2022-01-29,Brooklyn,Water,46
2022-01-29,Manhattan,Housing,675
2022-01-29,Manhattan,Noise,268
2022-01-29,Manhattan,Other,185
2022-01-29,Manhattan,Public Safety,115
2022-01-29,Manhattan,Sanitation,25
2022-01-29,Manhattan,Street Condition,38
2022-01-29,Manhattan,Traffic,40
2022-01-29,Manhattan,Water,25
2022-01-29,Queens,Housing,503
2022-01-29,Queens,Noise,211
2022-01-29,Queens,Other,435
2022-01-29,Queens,Public Safety,24
2022-01-29,Queens,Sanitation,14
2022-01-29,Queens,Street Condition,62
2022-01-29,Queens,Traffic,228
2022-01-29,Queens,Water,36
2022-01-29,Staten Island,Housing,47
2022-01-29,Staten Island,Noise,13
2022-01-29,Staten Island,Other,189
2022-01-29,Staten Island,Public Safety,6
2022-01-29,Staten Island,Sanitation,8
2022-01-29,Staten Island,Street Condition,22
2022-01-29,Staten Island,Traffic,16
2022-01-29,Staten Island,Water,26
2022-01-30,Bronx,Housing,1244
2022-01-30,Bronx,Noise,271
2022-01-30,Bronx,Other,156
2022-01-30,Bronx,Public Safety,15
2022-01-30,Bronx,Sanitation,23
2022-01-30,Bronx,Street Condition,55
2022-01-30,Bronx,Traffic,182
2022-01-30,Bronx,Water,60
2022-01-30,Brooklyn,Housing,1234
2022-01-30,Brooklyn,Noise,364
2022-01-30,Brooklyn,Other,709
2022-01-30,Brooklyn,Public Safety,33
2022-01-30,Brooklyn,Sanitation,43
2022-01-30,Brooklyn,Street Condition,83
2022-01-30,Brooklyn,Traffic,445
2022-01-30,Brooklyn,Water,109
2022-01-30,Manhattan,Housing,849
2022-01-30,Manhattan,Noise,400
2022-01-30,Manhattan,Other,325
2022-01-30,Manhattan,Public Safety,85
2022-01-30,Manhattan,Sanitation,23
2022-01-30,Manhattan,Street Condition,30
2022-01-30,Manhattan,Traffic,94
2022-01-30,Manhattan,Water,45
2022-01-30,Queens,Housing,501
2022-01-30,Queens,Noise,230
2022-01-30,Queens,Other,630
2022-01-30,Queens,Public Safety,25
2022-01-30,Queens,Sanitation,27
2022-01-30,Queens,Street Condition,88
2022-01-30,Queens,Traffic,439
2022-01-30,Queens,Water,92
2022-01-30,Staten Island,Housing,55
2022-01-30,Staten Island,Noise,18
2022-01-30,Staten Island,Other,210
2022-01-30,Staten Island,Public Safety,1
2022-01-30,Staten Island,Sanitation,29
2022-01-30,Staten Island,Street Condition,23
2022-01-30,Staten Island,Traffic,46
2022-01-30,Staten Island,Water,51
2022-01-31,Bronx,Housing,1291
2022-01-31,Bronx,Noise,223
2022-01-31,Bronx,Other,244
2022-01-31,Bronx,Public Safety,24
2022-01-31,Bronx,Sanitation,27
2022-01-31,Bronx,Street Condition,145
2022-01-31,Bronx,Traffic,288
2022-01-31,Bronx,Water,73
2022-01-31,Brooklyn,Housing,1219
2022-01-31,Brooklyn,Noise,255
2022-01-31,Brooklyn,Other,945
2022-01-31,Brooklyn,Public Safety,372
2022-01-31,Brooklyn,Sanitation,62
2022-01-31,Brooklyn,Street Condition,149
2022-01-31,Brooklyn,Traffic,603
2022-01-31,Brooklyn,Water,164
2022-01-31,Manhattan,Housing,785
2022-01-31,Manhattan,Noise,254
2022-01-31,Manhattan,Other,476
2022-01-31,Manhattan,Public Safety,138
2022-01-31,Manhattan,Sanitation,43
2022-01-31,Manhattan,Street Condition,130
2022-01-31,Manhattan,Traffic,129
2022-01-31,Manhattan,Water,81
2022-01-31,Queens,Housing,480
2022-01-31,Queens,Noise,200
2022-01-31,Queens,Other,732
2022-01-31,Queens,Public Safety,31
2022-01-31,Queens,Sanitation,29
2022-01-31,Queens,Street Condition,169
2022-01-31,Queens,Traffic,626
2022-01-31,Queens,Water,112
2022-01-31,Staten Island,Housing,56
2022-01-31,Staten Island,Noise,13
2022-01-31,Staten Island,Other,226
2022-01-31,Staten Island,Public Safety,4
2022-01-31,Staten Island,Sanitation,21
2022-01-31,Staten Island,Street Condition,55
2022-01-31,Staten Island,Traffic,49
2022-01-31,Staten Island,Water,44
2022-02-01,Bronx,Housing,1147
2022-02-01,Bronx,Noise,1126
2022-02-01,Bronx,Other,181
2022-02-01,Bronx,Public Safety,32
2022-02-01,Bronx,Sanitation,24
2022-02-01,Bronx,Street Condition,120
2022-02-01,Bronx,Traffic,286
2022-02-01,Bronx,Water,90
2022-02-01,Brooklyn,Housing,775
2022-02-01,Brooklyn,Noise,287
2022-02-01,Brooklyn,Other,654
2022-02-01,Brooklyn,Public Safety,117
2022-02-01,Brooklyn,Sanitation,489
2022-02-01,Brooklyn,Street Condition,160
2022-02-01,Brooklyn,Traffic,574
2022-02-01,Brooklyn,Water,120
2022-02-01,Manhattan,Housing,660
2022-02-01,Manhattan,Noise,368
2022-02-01,Manhattan,Other,338
2022-02-01,Manhattan,Public Safety,158
2022-02-01,Manhattan,Sanitation,45
2022-02-01,Manhattan,Street Condition,113
2022-02-01,Manhattan,Traffic,138
2022-02-01,Manhattan,Water,64
2022-02-01,Queens,Housing,384
2022-02-01,Queens,Noise,204
2022-02-01,Queens,Other,585
2022-02-01,Queens,Public Safety,23
2022-02-01,Queens,Sanitation,35
2022-02-01,Queens,Street Condition,192
2022-02-01,Queens,Traffic,555
2022-02-01,Queens,Water,118
2022-02-01,Staten Island,Housing,40
2022-02-01,Staten Island,Noise,28
2022-02-01,Staten Island,Other,173
2022-02-01,Staten Island,Public Safety,9
2022-02-01,Staten Island,Sanitation,34
2022-02-01,Staten Island,Street Condition,85
2022-02-01,Staten Island,Traffic,64
2022-02-01,Staten Island,Water,32
2022-02-02,Bronx,Housing,793
2022-02-02,Bronx,Noise,209
2022-02-02,Bronx,Other,165
2022-02-02,Bronx,Public Safety,27
2022-02-02,Bronx,Sanitation,35
2022-02-02,Bronx,Street Condition,128
2022-02-02,Bronx,Traffic,284
2022-02-02,Bronx,Water,73
2022-02-02,Brooklyn,Housing,642
2022-02-02,Brooklyn,Noise,245
2022-02-02,Brooklyn,Other,540
2022-02-02,Brooklyn,Public Safety,60
2022-02-02,Brooklyn,Sanitation,529
2022-02-02,Brooklyn,Street Condition,204
2022-02-02,Brooklyn,Traffic,672
2022-02-02,Brooklyn,Water,133
2022-02-02,Manhattan,Housing,462
2022-02-02,Manhattan,Noise,344
2022-02-02,Manhattan,Other,343
2022-02-02,Manhattan,Public Safety,167
2022-02-02,Manhattan,Sanitation,63
2022-02-02,Manhattan,Street Condition,130
2022-02-02,Manhattan,Traffic,220
2022-02-02,Manhattan,Water,55
2022-02-02,Queens,Housing,272
2022-02-02,Queens,Noise,153
2022-02-02,Queens,Other,465
2022-02-02,Queens,Public Safety,32
2022-02-02,Queens,Sanitation,61
2022-02-02,Queens,Street Condition,240
2022-02-02,Queens,Traffic,634
2022-02-02,Queens,Water,84
2022-02-02,Staten Island,Housing,37
2022-02-02,Staten Island,Noise,22
2022-02-02,Staten Island,Other,111
2022-02-02,Staten Island,Public Safety,4
2022-02-02,Staten Island,Sanitation,23
2022-02-02,Staten Island,Street Condition,74
2022-02-02,Staten Island,Traffic,52
2022-02-02,Staten Island,Water,25
2022-02-03,Bronx,Housing,742
2022-02-03,Bronx,Noise,181
2022-02-03,Bronx,Other,136
2022-02-03,Bronx,Public Safety,27
2022-02-03,Bronx,Sanitation,48
2022-02-03,Bronx,Street Condition,169
2022-02-03,Bronx,Traffic,302
2022-02-03,Bronx,Water,81
2022-02-03,Brooklyn,Housing,614
2022-02-03,Brooklyn,Noise,251
2022-02-03,Brooklyn,Other,423
2022-02-03,Brooklyn,Public Safety,75
2022-02-03,Brooklyn,Sanitation,486
2022-02-03,Brooklyn,Street Condition,288
2022-02-03,Brooklyn,Traffic,571
2022-02-03,Brooklyn,Water,105
2022-02-03,Manhattan,Housing,443
2022-02-03,Manhattan,Noise,261
2022-02-03,Manhattan,Other,271
2022-02-03,Manhattan,Public Safety,137
2022-02-03,Manhattan,Sanitation,87
2022-02-03,Manhattan,Street Condition,158
2022-02-03,Manhattan,Traffic,168
2022-02-03,Manhattan,Water,51
2022-02-03,Queens,Housing,294
2022-02-03,Queens,Noise,204
2022-02-03,Queens,Other,347
2022-02-03,Queens,Public Safety,35
2022-02-03,Queens,Sanitation,45
2022-02-03,Queens,Street Condition,308
2022-02-03,Queens,Traffic,574
2022-02-03,Queens,Water,81
2022-02-03,Staten Island,Housing,20
2022-02-03,Staten Island,Noise,21
2022-02-03,Staten Island,Other,90
2022-02-03,Staten Island,Public Safety,4
2022-02-03,Staten Island,Sanitation,34
2022-02-03,Staten Island,Street Condition,105
2022-02-03,Staten Island,Traffic,49
2022-02-03,Staten Island,Water,30
2022-02-04,Bronx,Housing,763
2022-02-04,Bronx,Noise,226
2022-02-04,Bronx,Other,176
2022-02-04,Bronx,Public Safety,22
2022-02-04,Bronx,Sanitation,48
2022-02-04,Bronx,Street Condition,206
2022-02-04,Bronx,Traffic,308
2022-02-04,Bronx,Water,67
2022-02-04,Brooklyn,Housing,614
2022-02-04,Brooklyn,Noise,302
2022-02-04,Brooklyn,Other,405
2022-02-04,Brooklyn,Public Safety,56
2022-02-04,Brooklyn,Sanitation,507
2022-02-04,Brooklyn,Street Condition,322
2022-02-04,Brooklyn,Traffic,539
2022-02-04,Brooklyn,Water,135
2022-02-04,Manhattan,Housing,470
2022-02-04,Manhattan,Noise,316
2022-02-04,Manhattan,Other,260
2022-02-04,Manhattan,Public Safety,149
2022-02-04,Manhattan,Sanitation,71
2022-02-04,Manhattan,Street Condition,161
2022-02-04,Manhattan,Traffic,135
2022-02-04,Manhattan,Water,69
2022-02-04,Queens,Housing,301
2022-02-04,Queens,Noise,262
2022-02-04,Queens,Other,340
2022-02-04,Queens,Public Safety,36
2022-02-04,Queens,Sanitation,43
2022-02-04,Queens,Street Condition,282
2022-02-04,Queens,Traffic,517
2022-02-04,Queens,Water,104
2022-02-04,Staten Island,Housing,11
2022-02-04,Staten Island,Noise,19
2022-02-04,Staten Island,Other,79
2022-02-04,Staten Island,Public Safety,1
2022-02-04,Staten Island,Sanitation,37
2022-02-04,Staten Island,Street Condition,95
2022-02-04,Staten Island,Traffic,53
2022-02-04,Staten Island,Water,97
2022-02-05,Bronx,Housing,867
2022-02-05,Bronx,Noise,841
2022-02-05,Bronx,Other,86
2022-02-05,Bronx,Public Safety,19
2022-02-05,Bronx,Sanitation,48
2022-02-05,Bronx,Street Condition,67
2022-02-05,Bronx,Traffic,326
2022-02-05,Bronx,Water,45
2022-02-05,Brooklyn,Housing,712
2022-02-05,Brooklyn,Noise,428
2022-02-05,Brooklyn,Other,328
2022-02-05,Brooklyn,Public Safety,40
2022-02-05,Brooklyn,Sanitation,106
2022-02-05,Brooklyn,Street Condition,116
2022-02-05,Brooklyn,Traffic,484
2022-02-05,Brooklyn,Water,85
2022-02-05,Manhattan,Housing,461
2022-02-05,Manhattan,Noise,522
2022-02-05,Manhattan,Other,228
2022-02-05,Manhattan,Public Safety,138
2022-02-05,Manhattan,Sanitation,53
2022-02-05,Manhattan,Street Condition,80
2022-02-05,Manhattan,Traffic,166
2022-02-05,Manhattan,Water,34
2022-02-05,Queens,Housing,255
2022-02-05,Queens,Noise,313
2022-02-05,Queens,Other,266
2022-02-05,Queens,Public Safety,20
2022-02-05,Queens,Sanitation,30
2022-02-05,Queens,Street Condition,164
2022-02-05,Queens,Traffic,539
2022-02-05,Queens,Water,78
2022-02-05,Staten Island,Housing,33
2022-02-05,Staten Island,Noise,24
2022-02-05,Staten Island,Other,81
2022-02-05,Staten Island,Public Safety,2
2022-02-05,Staten Island,Sanitation,31
2022-02-05,Staten Island,Street Condition,40
2022-02-05,Staten Island,Traffic,42
2022-02-05,Staten Island,Water,27
2022-02-06,Bronx,Housing,999
2022-02-06,Bronx,Noise,426
2022-02-06,Bronx,Other,102
2022-02-06,Bronx,Public Safety,13
2022-02-06,Bronx,Sanitation,45
2022-02-06,Bronx,Street Condition,48
2022-02-06,Bronx,Traffic,287
2022-02-06,Bronx,Water,45
2022-02-06,Brooklyn,Housing,712
2022-02-06,Brooklyn,Noise,377
2022-02-06,Brooklyn,Other,419
2022-02-06,Brooklyn,Public Safety,172
2022-02-06,Brooklyn,Sanitation,85
2022-02-06,Brooklyn,Street Condition,198
2022-02-06,Brooklyn,Traffic,529
2022-02-06,Brooklyn,Water,85
2022-02-06,Manhattan,Housing,542
2022-02-06,Manhattan,Noise,497
2022-02-06,Manhattan,Other,244
2022-02-06,Manhattan,Public Safety,99
2022-02-06,Manhattan,Sanitation,61
2022-02-06,Manhattan,Street Condition,56
2022-02-06,Manhattan,Traffic,120
2022-02-06,Manhattan,Water,25
2022-02-06,Queens,Housing,264
2022-02-06,Queens,Noise,326
2022-02-06,Queens,Other,322
2022-02-06,Queens,Public Safety,32
2022-02-06,Queens,Sanitation,40
2022-02-06,Queens,Street Condition,175
2022-02-06,Queens,Traffic,593
2022-02-06,Queens,Water,69
2022-02-06,Staten Island,Housing,19
2022-02-06,Staten Island,Noise,19
2022-02-06,Staten Island,Other,115
2022-02-06,Staten Island,Public Safety,3
2022-02-06,Staten Island,Sanitation,27
2022-02-06,Staten Island,Street Condition,47
2022-02-06,Staten Island,Traffic,37
2022-02-06,Staten Island,Water,22
2022-02-07,Bronx,Housing,915
2022-02-07,Bronx,Noise,201
2022-02-07,Bronx,Other,159
2022-02-07,Bronx,Public Safety,23
2022-02-07,Bronx,Sanitation,52
2022-02-07,Bronx,Street Condition,163
2022-02-07,Bronx,Traffic,333
2022-02-07,Bronx,Water,75
2022-02-07,Brooklyn,Housing,744
2022-02-07,Brooklyn,Noise,261
2022-02-07,Brooklyn,Other,539
2022-02-07,Brooklyn,Public Safety,54
2022-02-07,Brooklyn,Sanitation,717
2022-02-07,Brooklyn,Street Condition,236
2022-02-07,Brooklyn,Traffic,592
2022-02-07,Brooklyn,Water,129
2022-02-07,Manhattan,Housing,633
2022-02-07,Manhattan,Noise,289
2022-02-07,Manhattan,Other,322
2022-02-07,Manhattan,Public Safety,123
2022-02-07,Manhattan,Sanitation,88
2022-02-07,Manhattan,Street Condition,167
2022-02-07,Manhattan,Traffic,186
2022-02-07,Manhattan,Water,50
2022-02-07,Queens,Housing,360
2022-02-07,Queens,Noise,276
2022-02-07,Queens,Other,449
2022-02-07,Queens,Public Safety,32
2022-02-07,Queens,Sanitation,72
2022-02-07,Queens,Street Condition,331
2022-02-07,Queens,Traffic,590
2022-02-07,Queens,Water,134
2022-02-07,Staten Island,Housing,44
2022-02-07,Staten Island,Noise,21
2022-02-07,Staten Island,Other,118
2022-02-07,Staten Island,Public Safety,4
2022-02-07,Staten Island,Sanitation,42
2022-02-07,Staten Island,Street Condition,121
2022-02-07,Staten Island,Traffic,76
2022-02-07,Staten Island,Water,36
2022-02-08,Bronx,Housing,732
2022-02-08,Bronx,Noise,425
2022-02-08,Bronx,Other,176
2022-02-08,Bronx,Public Safety,15
2022-02-08,Bronx,Sanitation,69
2022-02-08,Bronx,Street Condition,227
2022-02-08,Bronx,Traffic,339
2022-02-08,Bronx,Water,54
2022-02-08,Brooklyn,Housing,707
2022-02-08,Brooklyn,Noise,280
2022-02-08,Brooklyn,Other,528
2022-02-08,Brooklyn,Public Safety,51
2022-02-08,Brooklyn,Sanitation,205
2022-02-08,Brooklyn,Street Condition,236
2022-02-08,Brooklyn,Traffic,736
2022-02-08,Brooklyn,Water,105
2022-02-08,Manhattan,Housing,489
2022-02-08,Manhattan,Noise,376
2022-02-08,Manhattan,Other,388
2022-02-08,Manhattan,Public Safety,112
2022-02-08,Manhattan,Sanitation,88
2022-02-08,Manhattan,Street Condition,172
2022-02-08,Manhattan,Traffic,228
2022-02-08,Manhattan,Water,52
2022-02-08,Queens,Housing,315
2022-02-08,Queens,Noise,205
2022-02-08,Queens,Other,418
2022-02-08,Queens,Public Safety,37
2022-02-08,Queens,Sanitation,181
2022-02-08,Queens,Street Condition,301
2022-02-08,Queens,Traffic,544
2022-02-08,Queens,Water,104
2022-02-08,Staten Island,Housing,42
2022-02-08,Staten Island,Noise,22
2022-02-08,Staten Island,Other,122
2022-02-08,Staten Island,Public Safety,4
2022-02-08,Staten Island,Sanitation,75
2022-02-08,Staten Island,Street Condition,128
2022-02-08,Staten Island,Traffic,54
2022-02-08,Staten Island,Water,35
2022-02-09,Bronx,Housing,780
2022-02-09,Bronx,Noise,134
2022-02-09,Bronx,Other,140
2022-02-09,Bronx,Public Safety,27
2022-02-09,Bronx,Sanitation,77
2022-02-09,Bronx,Street Condition,168
2022-02-09,Bronx,Traffic,395
2022-02-09,Bronx,Water,74
2022-02-09,Brooklyn,Housing,665
2022-02-09,Brooklyn,Noise,246
2022-02-09,Brooklyn,Other,554
2022-02-09,Brooklyn,Public Safety,64
2022-02-09,Brooklyn,Sanitation,204
2022-02-09,Brooklyn,Street Condition,254
2022-02-09,Brooklyn,Traffic,628
2022-02-09,Brooklyn,Water,119
2022-02-09,Manhattan,Housing,440
2022-02-09,Manhattan,Noise,332
2022-02-09,Manhattan,Other,334
2022-02-09,Manhattan,Public Safety,102
2022-02-09,Manhattan,Sanitation,178
2022-02-09,Manhattan,Street Condition,158
2022-02-09,Manhattan,Traffic,228
2022-02-09,Manhattan,Water,50
2022-02-09,Queens,Housing,338
2022-02-09,Queens,Noise,248
2022-02-09,Queens,Other,439
2022-02-09,Queens,Public Safety,53
2022-02-09,Queens,Sanitation,198
2022-02-09,Queens,Street Condition,329
2022-02-09,Queens,Traffic,642
2022-02-09,Queens,Water,94
2022-02-09,Staten Island,Housing,50
2022-02-09,Staten Island,Noise,26
2022-02-09,Staten Island,Other,103
2022-02-09,Staten Island,Public Safety,8
2022-02-09,Staten Island,Sanitation,94
2022-02-09,Staten Island,Street Condition,137
2022-02-09,Staten Island,Traffic,65
2022-02-09,Staten Island,Water,41
2022-02-10,Bronx,Housing,639
2022-02-10,Bronx,Noise,1156
2022-02-10,Bronx,Other,155
2022-02-10,Bronx,Public Safety,37
2022-02-10,Bronx,Sanitation,100
2022-02-10,Bronx,Street Condition,144
2022-02-10,Bronx,Traffic,351
2022-02-10,Bronx,Water,52
2022-02-10,Brooklyn,Housing,625
2022-02-10,Brooklyn,Noise,348
2022-02-10,Brooklyn,Other,528
2022-02-10,Brooklyn,Public Safety,64
2022-02-10,Brooklyn,Sanitation,202
2022-02-10,Brooklyn,Street Condition,209
2022-02-10,Brooklyn,Traffic,736
2022-02-10,Brooklyn,Water,111
2022-02-10,Manhattan,Housing,423
2022-02-10,Manhattan,Noise,419
2022-02-10,Manhattan,Other,326
2022-02-10,Manhattan,Public Safety,150
2022-02-10,Manhattan,Sanitation,110
2022-02-10,Manhattan,Street Condition,129
2022-02-10,Manhattan,Traffic,235
2022-02-10,Manhattan,Water,41
2022-02-10,Queens,Housing,241
2022-02-10,Queens,Noise,247
2022-02-10,Queens,Other,464
2022-02-10,Queens,Public Safety,44
2022-02-10,Queens,Sanitation,140
2022-02-10,Queens,Street Condition,281
2022-02-10,Queens,Traffic,582
2022-02-10,Queens,Water,106
2022-02-10,Staten Island,Housing,43
2022-02-10,Staten Island,Noise,23
2022-02-10,Staten Island,Other,103
2022-02-10,Staten Island,Public Safety,2
2022-02-10,Staten Island,Sanitation,68
2022-02-10,Staten Island,Street Condition,107
2022-02-10,Staten Island,Traffic,72
2022-02-10,Staten Island,Water,42
2022-02-11,Bronx,Housing,464
2022-02-11,Bronx,Noise,1828
2022-02-11,Bronx,Other,105
2022-02-11,Bronx,Public Safety,26
2022-02-11,Bronx,Sanitation,76
2022-02-11,Bronx,Street Condition,109
2022-02-11,Bronx,Traffic,393
2022-02-11,Bronx,Water,66
2022-02-11,Brooklyn,Housing,460
2022-02-11,Brooklyn,Noise,313
2022-02-11,Brooklyn,Other,446
2022-02-11,Brooklyn,Public Safety,95
2022-02-11,Brooklyn,Sanitation,170
2022-02-11,Brooklyn,Street Condition,207
2022-02-11,Brooklyn,Traffic,637
2022-02-11,Brooklyn,Water,95
2022-02-11,Manhattan,Housing,378
2022-02-11,Manhattan,Noise,484
2022-02-11,Manhattan,Other,324
2022-02-11,Manhattan,Public Safety,126
2022-02-11,Manhattan,Sanitation,107
2022-02-11,Manhattan,Street Condition,147
2022-02-11,Manhattan,Traffic,206
2022-02-11,Manhattan,Water,42
2022-02-11,Queens,Housing,224
2022-02-11,Queens,Noise,328
2022-02-11,Queens,Other,364
2022-02-11,Queens,Public Safety,35
2022-02-11,Queens,Sanitation,119
2022-02-11,Queens,Street Condition,246
2022-02-11,Queens,Traffic,594
2022-02-11,Queens,Water,105
2022-02-11,Staten Island,Housing,26
2022-02-11,Staten Island,Noise,36
2022-02-11,Staten Island,Other,109
2022-02-11,Staten Island,Public Safety,4
2022-02-11,Staten Island,Sanitation,66
2022-02-11,Staten Island,Street Condition,112
2022-02-11,Staten Island,Traffic,68
2022-02-11,Staten Island,Water,26
2022-02-12,Bronx,Housing,396
2022-02-12,Bronx,Noise,3107
2022-02-12,Bronx,Other,84
2022-02-12,Bronx,Public Safety,22
2022-02-12,Bronx,Sanitation,42
2022-02-12,Bronx,Street Condition,33
2022-02-12,Bronx,Traffic,340
2022-02-12,Bronx,Water,40
2022-02-12,Brooklyn,Housing,353
2022-02-12,Brooklyn,Noise,488
2022-02-12,Brooklyn,Other,301
2022-02-12,Brooklyn,Public Safety,47
2022-02-12,Brooklyn,Sanitation,127
2022-02-12,Brooklyn,Street Condition,94
2022-02-12,Brooklyn,Traffic,484
2022-02-12,Brooklyn,Water,80
2022-02-12,Manhattan,Housing,277
2022-02-12,Manhattan,Noise,749
2022-02-12,Manhattan,Other,241
2022-02-12,Manhattan,Public Safety,155
2022-02-12,Manhattan,Sanitation,61
2022-02-12,Manhattan,Street Condition,77
2022-02-12,Manhattan,Traffic,208
2022-02-12,Manhattan,Water,18
2022-02-12,Queens,Housing,164
2022-02-12,Queens,Noise,411
2022-02-12,Queens,Other,270
2022-02-12,Queens,Public Safety,39
2022-02-12,Queens,Sanitation,92
2022-02-12,Queens,Street Condition,114
2022-02-12,Queens,Traffic,609
2022-02-12,Queens,Water,55
2022-02-12,Staten Island,Housing,20
2022-02-12,Staten Island,Noise,46
2022-02-12,Staten Island,Other,89
2022-02-12,Staten Island,Public Safety,8
2022-02-12,Staten Island,Sanitation,75
2022-02-12,Staten Island,Street Condition,39
2022-02-12,Staten Island,Traffic,61
2022-02-12,Staten Island,Water,12
2022-02-13,Bronx,Housing,575
2022-02-13,Bronx,Noise,2273
2022-02-13,Bronx,Other,67
2022-02-13,Bronx,Public Safety,14
2022-02-13,Bronx,Sanitation,20
2022-02-13,Bronx,Street Condition,55
2022-02-13,Bronx,Traffic,312
2022-02-13,Bronx,Water,26
2022-02-13,Brooklyn,Housing,472
2022-02-13,Brooklyn,Noise,375
2022-02-13,Brooklyn,Other,340
2022-02-13,Brooklyn,Public Safety,47
2022-02-13,Brooklyn,Sanitation,87
2022-02-13,Brooklyn,Street Condition,137
2022-02-13,Brooklyn,Traffic,497
2022-02-13,Brooklyn,Water,41
2022-02-13,Manhattan,Housing,349
2022-02-13,Manhattan,Noise,426
2022-02-13,Manhattan,Other,154
2022-02-13,Manhattan,Public Safety,77
2022-02-13,Manhattan,Sanitation,32
2022-02-13,Manhattan,Street Condition,46
2022-02-13,Manhattan,Traffic,105
2022-02-13,Manhattan,Water,17
2022-02-13,Queens,Housing,239
2022-02-13,Queens,Noise,293
2022-02-13,Queens,Other,292
2022-02-13,Queens,Public Safety,27
2022-02-13,Queens,Sanitation,37
2022-02-13,Queens,Street Condition,147
2022-02-13,Queens,Traffic,508
2022-02-13,Queens,Water,38
2022-02-13,Staten Island,Housing,22
2022-02-13,Staten Island,Noise,24
2022-02-13,Staten Island,Other,75
2022-02-13,Staten Island,Public Safety,5
2022-02-13,Staten Island,Sanitation,29
2022-02-13,Staten Island,Street Condition,13
2022-02-13,Staten Island,Traffic,44
2022-02-13,Staten Island,Water,12
2022-02-14,Bronx,Housing,1075
2022-02-14,Bronx,Noise,1873
2022-02-14,Bronx,Other,136
2022-02-14,Bronx,Public Safety,31
2022-02-14,Bronx,Sanitation,193
2022-02-14,Bronx,Street Condition,115
2022-02-14,Bronx,Traffic,296
2022-02-14,Bronx,Water,60
2022-02-14,Brooklyn,Housing,751
2022-02-14,Brooklyn,Noise,266
2022-02-14,Brooklyn,Other,468
2022-02-14,Brooklyn,Public Safety,100
2022-02-14,Brooklyn,Sanitation,100
2022-02-14,Brooklyn,Street Condition,217
2022-02-14,Brooklyn,Traffic,535
2022-02-14,Brooklyn,Water,85
2022-02-14,Manhattan,Housing,657
2022-02-14,Manhattan,Noise,317
2022-02-14,Manhattan,Other,312
2022-02-14,Manhattan,Public Safety,100
2022-02-14,Manhattan,Sanitation,38
2022-02-14,Manhattan,Street Condition,132
2022-02-14,Manhattan,Traffic,188
2022-02-14,Manhattan,Water,43
2022-02-14,Queens,Housing,398
2022-02-14,Queens,Noise,245
2022-02-14,Queens,Other,414
2022-02-14,Queens,Public Safety,37
2022-02-14,Queens,Sanitation,61
2022-02-14,Queens,Street Condition,212
2022-02-14,Queens,Traffic,525
2022-02-14,Queens,Water,108
2022-02-14,Staten Island,Housing,42
2022-02-14,Staten Island,Noise,21
2022-02-14,Staten Island,Other,94
2022-02-14,Staten Island,Public Safety,5
2022-02-14,Staten Island,Sanitation,42
2022-02-14,Staten Island,Street Condition,80
2022-02-14,Staten Island,Traffic,56
2022-02-14,Staten Island,Water,34
2022-02-15,Bronx,Housing,1123
2022-02-15,Bronx,Noise,333
2022-02-15,Bronx,Other,180
2022-02-15,Bronx,Public Safety,37
2022-02-15,Bronx,Sanitation,93
2022-02-15,Bronx,Street Condition,131
2022-02-15,Bronx,Traffic,319
2022-02-15,Bronx,Water,68
2022-02-15,Brooklyn,Housing,881
2022-02-15,Brooklyn,Noise,282
2022-02-15,Brooklyn,Other,529
2022-02-15,Brooklyn,Public Safety,46
2022-02-15,Brooklyn,Sanitation,216
2022-02-15,Brooklyn,Street Condition,229
2022-02-15,Brooklyn,Traffic,631
2022-02-15,Brooklyn,Water,142
2022-02-15,Manhattan,Housing,733
2022-02-15,Manhattan,Noise,347
2022-02-15,Manhattan,Other,369
2022-02-15,Manhattan,Public Safety,104
2022-02-15,Manhattan,Sanitation,117
2022-02-15,Manhattan,Street Condition,156
2022-02-15,Manhattan,Traffic,202
2022-02-15,Manhattan,Water,62
2022-02-15,Queens,Housing,474
2022-02-15,Queens,Noise,220
2022-02-15,Queens,Other,412
2022-02-15,Queens,Public Safety,40
2022-02-15,Queens,Sanitation,112
2022-02-15,Queens,Street Condition,246
2022-02-15,Queens,Traffic,613
2022-02-15,Queens,Water,124
2022-02-15,Staten Island,Housing,83
2022-02-15,Staten Island,Noise,30
2022-02-15,Staten Island,Other,111
2022-02-15,Staten Island,Public Safety,6
2022-02-15,Staten Island,Sanitation,106
2022-02-15,Staten Island,Street Condition,85
2022-02-15,Staten Island,Traffic,64
2022-02-15,Staten Island,Water,33
2022-02-16,Bronx,Housing,831
2022-02-16,Bronx,Noise,209
2022-02-16,Bronx,Other,152
2022-02-16,Bronx,Public Safety,24
2022-02-16,Bronx,Sanitation,65
2022-02-16,Bronx,Street Condition,133
2022-02-16,Bronx,Traffic,388
2022-02-16,Bronx,Water,59
2022-02-16,Brooklyn,Housing,616
2022-02-16,Brooklyn,Noise,285
2022-02-16,Brooklyn,Other,506
2022-02-16,Brooklyn,Public Safety,51
2022-02-16,Brooklyn,Sanitation,193
2022-02-16,Brooklyn,Street Condition,213
2022-02-16,Brooklyn,Traffic,597
2022-02-16,Brooklyn,Water,105
2022-02-16,Manhattan,Housing,507
2022-02-16,Manhattan,Noise,392
2022-02-16,Manhattan,Other,315
2022-02-16,Manhattan,Public Safety,131
2022-02-16,Manhattan,Sanitation,114
2022-02-16,Manhattan,Street Condition,118
2022-02-16,Manhattan,Traffic,217
2022-02-16,Manhattan,Water,46
2022-02-16,Queens,Housing,301
2022-02-16,Queens,Noise,196
2022-02-16,Queens,Other,448
2022-02-16,Queens,Public Safety,44
2022-02-16,Queens,Sanitation,105
2022-02-16,Queens,Street Condition,218
2022-02-16,Queens,Traffic,608
2022-02-16,Queens,Water,62
2022-02-16,Staten Island,Housing,32
2022-02-16,Staten Island,Noise,31
2022-02-16,Staten Island,Other,127
2022-02-16,Staten Island,Public Safety,10
2022-02-16,Staten Island,Sanitation,82
2022-02-16,Staten Island,Street Condition,107
2022-02-16,Staten Island,Traffic,63
2022-02-16,Staten Island,Water,29
2022-02-17,Bronx,Housing,584
2022-02-17,Bronx,Noise,211
2022-02-17,Bronx,Other,174
2022-02-17,Bronx,Public Safety,28
2022-02-17,Bronx,Sanitation,78
2022-02-17,Bronx,Street Condition,129
2022-02-17,Bronx,Traffic,393
2022-02-17,Bronx,Water,48
2022-02-17,Brooklyn,Housing,558
2022-02-17,Brooklyn,Noise,289
2022-02-17,Brooklyn,Other,539
2022-02-17,Brooklyn,Public Safety,82
2022-02-17,Brooklyn,Sanitation,212
2022-02-17,Brooklyn,Street Condition,210
2022-02-17,Brooklyn,Traffic,731
2022-02-17,Brooklyn,Water,107
2022-02-17,Manhattan,Housing,488
2022-02-17,Manhattan,Noise,391
2022-02-17,Manhattan,Other,336
2022-02-17,Manhattan,Public Safety,126
2022-02-17,Manhattan,Sanitation,91
2022-02-17,Manhattan,Street Condition,133
2022-02-17,Manhattan,Traffic,246
2022-02-17,Manhattan,Water,54
2022-02-17,Queens,Housing,286
2022-02-17,Queens,Noise,287
2022-02-17,Queens,Other,437
2022-02-17,Queens,Public Safety,46
2022-02-17,Queens,Sanitation,145
2022-02-17,Queens,Street Condition,278
2022-02-17,Queens,Traffic,562
2022-02-17,Queens,Water,69
2022-02-17,Staten Island,Housing,31
2022-02-17,Staten Island,Noise,51
2022-02-17,Staten Island,Other,132
2022-02-17,Staten Island,Public Safety,5
2022-02-17,Staten Island,Sanitation,127
2022-02-17,Staten Island,Street Condition,96
2022-02-17,Staten Island,Traffic,62
2022-02-17,Staten Island,Water,27
2022-02-18,Bronx,Housing,699
2022-02-18,Bronx,Noise,234
2022-02-18,Bronx,Other,160
2022-02-18,Bronx,Public Safety,37
2022-02-18,Bronx,Sanitation,55
2022-02-18,Bronx,Street Condition,162
2022-02-18,Bronx,Traffic,364
2022-02-18,Bronx,Water,74
2022-02-18,Brooklyn,Housing,544
2022-02-18,Brooklyn,Noise,269
2022-02-18,Brooklyn,Other,454
2022-02-18,Brooklyn,Public Safety,87
2022-02-18,Brooklyn,Sanitation,143
2022-02-18,Brooklyn,Street Condition,299
2022-02-18,Brooklyn,Traffic,682
2022-02-18,Brooklyn,Water,118
2022-02-18,Manhattan,Housing,415
2022-02-18,Manhattan,Noise,403
2022-02-18,Manhattan,Other,317
2022-02-18,Manhattan,Public Safety,145
2022-02-18,Manhattan,Sanitation,87
2022-02-18,Manhattan,Street Condition,145
2022-02-18,Manhattan,Traffic,186
2022-02-18,Manhattan,Water,36
2022-02-18,Queens,Housing,389
2022-02-18,Queens,Noise,284
2022-02-18,Queens,Other,419
2022-02-18,Queens,Public Safety,28
2022-02-18,Queens,Sanitation,138
2022-02-18,Queens,Street Condition,351
2022-02-18,Queens,Traffic,587
2022-02-18,Queens,Water,97
2022-02-18,Staten Island,Housing,71
2022-02-18,Staten Island,Noise,29
2022-02-18,Staten Island,Other,122
2022-02-18,Staten Island,Public Safety,8
2022-02-18,Staten Island,Sanitation,96
2022-02-18,Staten Island,Street Condition,73
2022-02-18,Staten Island,Traffic,64
2022-02-18,Staten Island,Water,73
2022-02-19,Bronx,Housing,652
2022-02-19,Bronx,Noise,268
2022-02-19,Bronx,Other,93
2022-02-19,Bronx,Public Safety,20
2022-02-19,Bronx,Sanitation,35
2022-02-19,Bronx,Street Condition,81
2022-02-19,Bronx,Traffic,290
2022-02-19,Bronx,Water,40
2022-02-19,Brooklyn,Housing,492
2022-02-19,Brooklyn,Noise,354
2022-02-19,Brooklyn,Other,274
2022-02-19,Brooklyn,Public Safety,38
2022-02-19,Brooklyn,Sanitation,100
2022-02-19,Brooklyn,Street Condition,78
2022-02-19,Brooklyn,Traffic,436
2022-02-19,Brooklyn,Water,38
2022-02-19,Manhattan,Housing,366
2022-02-19,Manhattan,Noise,438
2022-02-19,Manhattan,Other,205
2022-02-19,Manhattan,Public Safety,100
2022-02-19,Manhattan,Sanitation,68
2022-02-19,Manhattan,Street Condition,54
2022-02-19,Manhattan,Traffic,122
2022-02-19,Manhattan,Water,26
2022-02-19,Queens,Housing,266
2022-02-19,Queens,Noise,301
2022-02-19,Queens,Other,259
2022-02-19,Queens,Public Safety,34
2022-02-19,Queens,Sanitation,88
2022-02-19,Queens,Street Condition,150
2022-02-19,Queens,Traffic,540
2022-02-19,Queens,Water,85
2022-02-19,Staten Island,Housing,25
2022-02-19,Staten Island,Noise,39
2022-02-19,Staten Island,Other,85
2022-02-19,Staten Island,Public Safety,7
2022-02-19,Staten Island,Sanitation,84
2022-02-19,Staten Island,Street Condition,35
2022-02-19,Staten Island,Traffic,56
2022-02-19,Staten Island,Water,17
2022-02-20,Bronx,Housing,715
2022-02-20,Bronx,Noise,336
2022-02-20,Bronx,Other,92
2022-02-20,Bronx,Public Safety,20
2022-02-20,Bronx,Sanitation,39
2022-02-20,Bronx,Street Condition,39
2022-02-20,Bronx,Traffic,280
2022-02-20,Bronx,Water,26
2022-02-20,Brooklyn,Housing,536
2022-02-20,Brooklyn,Noise,315
2022-02-20,Brooklyn,Other,332
2022-02-20,Brooklyn,Public Safety,44
2022-02-20,Brooklyn,Sanitation,102
2022-02-20,Brooklyn,Street Condition,97
2022-02-20,Brooklyn,Traffic,458
2022-02-20,Brooklyn,Water,87
2022-02-20,Manhattan,Housing,422
2022-02-20,Manhattan,Noise,530
2022-02-20,Manhattan,Other,175
2022-02-20,Manhattan,Public Safety,67
2022-02-20,Manhattan,Sanitation,46
2022-02-20,Manhattan,Street Condition,41
2022-02-20,Manhattan,Traffic,165
2022-02-20,Manhattan,Water,28
2022-02-20,Queens,Housing,212
2022-02-20,Queens,Noise,405
2022-02-20,Queens,Other,317
2022-02-20,Queens,Public Safety,16
2022-02-20,Queens,Sanitation,70
2022-02-20,Queens,Street Condition,116
2022-02-20,Queens,Traffic,517
2022-02-20,Queens,Water,46
2022-02-20,Staten Island,Housing,34
2022-02-20,Staten Island,Noise,36
2022-02-20,Staten Island,Other,86
2022-02-20,Staten Island,Public Safety,4
2022-02-20,Staten Island,Sanitation,68
2022-02-20,Staten Island,Street Condition,59
2022-02-20,Staten Island,Traffic,44
2022-02-20,Staten Island,Water,9
2022-02-21,Bronx,Housing,596
2022-02-21,Bronx,Noise,322
2022-02-21,Bronx,Other,137
2022-02-21,Bronx,Public Safety,21
2022-02-21,Bronx,Sanitation,32
2022-02-21,Bronx,Street Condition,47
2022-02-21,Bronx,Traffic,321
2022-02-21,Bronx,Water,36
2022-02-21,Brooklyn,Housing,481
2022-02-21,Brooklyn,Noise,315
2022-02-21,Brooklyn,Other,496
2022-02-21,Brooklyn,Public Safety,48
2022-02-21,Brooklyn,Sanitation,136
2022-02-21,Brooklyn,Street Condition,119
2022-02-21,Brooklyn,Traffic,519
2022-02-21,Brooklyn,Water,69
2022-02-21,Manhattan,Housing,369
2022-02-21,Manhattan,Noise,442
2022-02-21,Manhattan,Other,258
2022-02-21,Manhattan,Public Safety,102
2022-02-21,Manhattan,Sanitation,79
2022-02-21,Manhattan,Street Condition,67
2022-02-21,Manhattan,Traffic,133
2022-02-21,Manhattan,Water,27
2022-02-21,Queens,Housing,205
2022-02-21,Queens,Noise,357
2022-02-21,Queens,Other,475
2022-02-21,Queens,Public Safety,26
2022-02-21,Queens,Sanitation,79
2022-02-21,Queens,Street Condition,120
2022-02-21,Queens,Traffic,519
2022-02-21,Queens,Water,85
2022-02-21,Staten Island,Housing,26
2022-02-21,Staten Island,Noise,36
2022-02-21,Staten Island,Other,117
2022-02-21,Staten Island,Public Safety,5
2022-02-21,Staten Island,Sanitation,51
2022-02-21,Staten Island,Street Condition,39
2022-02-21,Staten Island,Traffic,59
2022-02-21,Staten Island,Water,13
2022-02-22,Bronx,Housing,702
2022-02-22,Bronx,Noise,189
2022-02-22,Bronx,Other,170
2022-02-22,Bronx,Public Safety,29
2022-02-22,Bronx,Sanitation,62
2022-02-22,Bronx,Street Condition,131
2022-02-22,Bronx,Traffic,291
2022-02-22,Bronx,Water,66
2022-02-22,Brooklyn,Housing,463
2022-02-22,Brooklyn,Noise,297
2022-02-22,Brooklyn,Other,530
2022-02-22,Brooklyn,Public Safety,139
2022-02-22,Brooklyn,Sanitation,142
2022-02-22,Brooklyn,Street Condition,182
2022-02-22,Brooklyn,Traffic,584
2022-02-22,Brooklyn,Water,87
2022-02-22,Manhattan,Housing,405
2022-02-22,Manhattan,Noise,292
2022-02-22,Manhattan,Other,305
2022-02-22,Manhattan,Public Safety,163
2022-02-22,Manhattan,Sanitation,68
2022-02-22,Manhattan,Street Condition,102
2022-02-22,Manhattan,Traffic,157
2022-02-22,Manhattan,Water,50
2022-02-22,Queens,Housing,261
2022-02-22,Queens,Noise,249
2022-02-22,Queens,Other,482
2022-02-22,Queens,Public Safety,59
2022-02-22,Queens,Sanitation,103
2022-02-22,Queens,Street Condition,286
2022-02-22,Queens,Traffic,475
2022-02-22,Queens,Water,69
2022-02-22,Staten Island,Housing,30
2022-02-22,Staten Island,Noise,30
2022-02-22,Staten Island,Other,136
2022-02-22,Staten Island,Public Safety,5
2022-02-22,Staten Island,Sanitation,59
2022-02-22,Staten Island,Street Condition,100
2022-02-22,Staten Island,Traffic,50
2022-02-22,Staten Island,Water,25
2022-02-23,Bronx,Housing,626
2022-02-23,Bronx,Noise,311
2022-02-23,Bronx,Other,192
2022-02-23,Bronx,Public Safety,34
2022-02-23,Bronx,Sanitation,66
2022-02-23,Bronx,Street Condition,147
2022-02-23,Bronx,Traffic,292
2022-02-23,Bronx,Water,67
2022-02-23,Brooklyn,Housing,486
2022-02-23,Brooklyn,Noise,318
2022-02-23,Brooklyn,Other,549
2022-02-23,Brooklyn,Public Safety,69
2022-02-23,Brooklyn,Sanitation,196
2022-02-23,Brooklyn,Street Condition,225
2022-02-23,Brooklyn,Traffic,516
2022-02-23,Brooklyn,Water,94
2022-02-23,Manhattan,Housing,390
2022-02-23,Manhattan,Noise,425
2022-02-23,Manhattan,Other,338
2022-02-23,Manhattan,Public Safety,139
2022-02-23,Manhattan,Sanitation,84
2022-02-23,Manhattan,Street Condition,99
2022-02-23,Manhattan,Traffic,161
2022-02-23,Manhattan,Water,58
2022-02-23,Queens,Housing,242
2022-02-23,Queens,Noise,337
2022-02-23,Queens,Other,495
2022-02-23,Queens,Public Safety,29
2022-02-23,Queens,Sanitation,143
2022-02-23,Queens,Street Condition,300
2022-02-23,Queens,Traffic,482
2022-02-23,Queens,Water,104
2022-02-23,Staten Island,Housing,25
2022-02-23,Staten Island,Noise,19
2022-02-23,Staten Island,Other,122
2022-02-23,Staten Island,Public Safety,2
2022-02-23,Staten Island,Sanitation,90
2022-02-23,Staten Island,Street Condition,52
2022-02-23,Staten Island,Traffic,43
2022-02-23,Staten Island,Water,19
2022-02-24,Bronx,Housing,926
2022-02-24,Bronx,Noise,207
2022-02-24,Bronx,Other,162
2022-02-24,Bronx,Public Safety,18
2022-02-24,Bronx,Sanitation,64
2022-02-24,Bronx,Street Condition,110
2022-02-24,Bronx,Traffic,362
2022-02-24,Bronx,Water,71
2022-02-24,Brooklyn,Housing,663
2022-02-24,Brooklyn,Noise,259
2022-02-24,Brooklyn,Other,498
2022-02-24,Brooklyn,Public Safety,53
2022-02-24,Brooklyn,Sanitation,177
2022-02-24,Brooklyn,Street Condition,225
2022-02-24,Brooklyn,Traffic,567
2022-02-24,Brooklyn,Water,94
2022-02-24,Manhattan,Housing,512
2022-02-24,Manhattan,Noise,377
2022-02-24,Manhattan,Other,301
2022-02-24,Manhattan,Public Safety,134
2022-02-24,Manhattan,Sanitation,98
2022-02-24,Manhattan,Street Condition,96
2022-02-24,Manhattan,Traffic,210
2022-02-24,Manhattan,Water,54
2022-02-24,Queens,Housing,290
2022-02-24,Queens,Noise,202
2022-02-24,Queens,Other,429
2022-02-24,Queens,Public Safety,33
2022-02-24,Queens,Sanitation,110
2022-02-24,Queens,Street Condition,250
2022-02-24,Queens,Traffic,472
2022-02-24,Queens,Water,62
2022-02-24,Staten Island,Housing,44
2022-02-24,Staten Island,Noise,29
2022-02-24,Staten Island,Other,91
2022-02-24,Staten Island,Public Safety,2
2022-02-24,Staten Island,Sanitation,64
2022-02-24,Staten Island,Street Condition,111
2022-02-24,Staten Island,Traffic,54
2022-02-24,Staten Island,Water,19
2022-02-25,Bronx,Housing,760
2022-02-25,Bronx,Noise,188
2022-02-25,Bronx,Other,188
2022-02-25,Bronx,Public Safety,22
2022-02-25,Bronx,Sanitation,27
2022-02-25,Bronx,Street Condition,120
2022-02-25,Bronx,Traffic,234
2022-02-25,Bronx,Water,81
2022-02-25,Brooklyn,Housing,679
2022-02-25,Brooklyn,Noise,291
2022-02-25,Brooklyn,Other,388
2022-02-25,Brooklyn,Public Safety,50
2022-02-25,Brooklyn,Sanitation,449
2022-02-25,Brooklyn,Street Condition,267
2022-02-25,Brooklyn,Traffic,475
2022-02-25,Brooklyn,Water,165
2022-02-25,Manhattan,Housing,499
2022-02-25,Manhattan,Noise,332
2022-02-25,Manhattan,Other,266
2022-02-25,Manhattan,Public Safety,100
2022-02-25,Manhattan,Sanitation,47
2022-02-25,Manhattan,Street Condition,90
2022-02-25,Manhattan,Traffic,133
2022-02-25,Manhattan,Water,90
2022-02-25,Queens,Housing,200
2022-02-25,Queens,Noise,190
2022-02-25,Queens,Other,397
2022-02-25,Queens,Public Safety,18
2022-02-25,Queens,Sanitation,125
2022-02-25,Queens,Street Condition,251
2022-02-25,Queens,Traffic,515
2022-02-25,Queens,Water,110
2022-02-25,Staten Island,Housing,34
2022-02-25,Staten Island,Noise,22
2022-02-25,Staten Island,Other,119
2022-02-25,Staten Island,Public Safety,2
2022-02-25,Staten Island,Sanitation,66
2022-02-25,Staten Island,Street Condition,68
2022-02-25,Staten Island,Traffic,26
2022-02-25,Staten Island,Water,49
2022-02-26,Bronx,Housing,674
2022-02-26,Bronx,Noise,315
2022-02-26,Bronx,Other,112
2022-02-26,Bronx,Public Safety,20
2022-02-26,Bronx,Sanitation,34
2022-02-26,Bronx,Street Condition,33
2022-02-26,Bronx,Traffic,284
2022-02-26,Bronx,Water,32
2022-02-26,Brooklyn,Housing,499
2022-02-26,Brooklyn,Noise,378
2022-02-26,Brooklyn,Other,297
2022-02-26,Brooklyn,Public Safety,58
2022-02-26,Brooklyn,Sanitation,74
2022-02-26,Brooklyn,Street Condition,100
2022-02-26,Brooklyn,Traffic,465
2022-02-26,Brooklyn,Water,65
2022-02-26,Manhattan,Housing,403
2022-02-26,Manhattan,Noise,509
2022-02-26,Manhattan,Other,217
2022-02-26,Manhattan,Public Safety,95
2022-02-26,Manhattan,Sanitation,45
2022-02-26,Manhattan,Street Condition,86
2022-02-26,Manhattan,Traffic,135
2022-02-26,Manhattan,Water,27
2022-02-26,Queens,Housing,237
2022-02-26,Queens,Noise,342
2022-02-26,Queens,Other,382
2022-02-26,Queens,Public Safety,41
2022-02-26,Queens,Sanitation,38
2022-02-26,Queens,Street Condition,135
2022-02-26,Queens,Traffic,572
2022-02-26,Queens,Water,87
2022-02-26,Staten Island,Housing,17
2022-02-26,Staten Island,Noise,42
2022-02-26,Staten Island,Other,103
2022-02-26,Staten Island,Public Safety,4
2022-02-26,Staten Island,Sanitation,42
2022-02-26,Staten Island,Street Condition,53
2022-02-26,Staten Island,Traffic,52
2022-02-26,Staten Island,Water,14
2022-02-27,Bronx,Housing,504
2022-02-27,Bronx,Noise,329
2022-02-27,Bronx,Other,120
2022-02-27,Bronx,Public Safety,16
2022-02-27,Bronx,Sanitation,32
2022-02-27,Bronx,Street Condition,39
2022-02-27,Bronx,Traffic,278
2022-02-27,Bronx,Water,30
2022-02-27,Brooklyn,Housing,414
2022-02-27,Brooklyn,Noise,399
2022-02-27,Brooklyn,Other,482
2022-02-27,Brooklyn,Public Safety,46
2022-02-27,Brooklyn,Sanitation,65
2022-02-27,Brooklyn,Street Condition,158
2022-02-27,Brooklyn,Traffic,515
2022-02-27,Brooklyn,Water,45
2022-02-27,Manhattan,Housing,294
2022-02-27,Manhattan,Noise,457
2022-02-27,Manhattan,Other,259
2022-02-27,Manhattan,Public Safety,80
2022-02-27,Manhattan,Sanitation,42
2022-02-27,Manhattan,Street Condition,62
2022-02-27,Manhattan,Traffic,162
2022-02-27,Manhattan,Water,33
2022-02-27,Queens,Housing,160
2022-02-27,Queens,Noise,345
2022-02-27,Queens,Other,380
2022-02-27,Queens,Public Safety,35
2022-02-27,Queens,Sanitation,40
2022-02-27,Queens,Street Condition,176
2022-02-27,Queens,Traffic,528
2022-02-27,Queens,Water,60
2022-02-27,Staten Island,Housing,19
2022-02-27,Staten Island,Noise,37
2022-02-27,Staten Island,Other,100
2022-02-27,Staten Island,Public Safety,9
2022-02-27,Staten Island,Sanitation,45
2022-02-27,Staten Island,Street Condition,29
2022-02-27,Staten Island,Traffic,42
2022-02-27,Staten Island,Water,15
2022-02-28,Bronx,Housing,974
2022-02-28,Bronx,Noise,200
2022-02-28,Bronx,Other,195
2022-02-28,Bronx,Public Safety,35
2022-02-28,Bronx,Sanitation,52
2022-02-28,Bronx,Street Condition,133
2022-02-28,Bronx,Traffic,384
2022-02-28,Bronx,Water,67
2022-02-28,Brooklyn,Housing,737
2022-02-28,Brooklyn,Noise,287
2022-02-28,Brooklyn,Other,656
2022-02-28,Brooklyn,Public Safety,67
2022-02-28,Brooklyn,Sanitation,459
2022-02-28,Brooklyn,Street Condition,185
2022-02-28,Brooklyn,Traffic,611
2022-02-28,Brooklyn,Water,94
2022-02-28,Manhattan,Housing,582
2022-02-28,Manhattan,Noise,324
2022-02-28,Manhattan,Other,334
2022-02-28,Manhattan,Public Safety,128
2022-02-28,Manhattan,Sanitation,72
2022-02-28,Manhattan,Street Condition,109
2022-02-28,Manhattan,Traffic,204
2022-02-28,Manhattan,Water,52
2022-02-28,Queens,Housing,331
2022-02-28,Queens,Noise,213
2022-02-28,Queens,Other,532
2022-02-28,Queens,Public Safety,36
2022-02-28,Queens,Sanitation,83
2022-02-28,Queens,Street Condition,276
2022-02-28,Queens,Traffic,575
2022-02-28,Queens,Water,124
2022-02-28,Staten Island,Housing,32
2022-02-28,Staten Island,Noise,23
2022-02-28,Staten Island,Other,137
2022-02-28,Staten Island,Public Safety,5
2022-02-28,Staten Island,Sanitation,72
2022-02-28,Staten Island,Street Condition,90
2022-02-28,Staten Island,Traffic,79
2022-02-28,Staten Island,Water,28
2022-03-01,Bronx,Housing,792
2022-03-01,Bronx,Noise,200
2022-03-01,Bronx,Other,171
2022-03-01,Bronx,Public Safety,40
2022-03-01,Bronx,Sanitation,63
2022-03-01,Bronx,Street Condition,148
2022-03-01,Bronx,Traffic,350
2022-03-01,Bronx,Water,68
2022-03-01,Brooklyn,Housing,599
2022-03-01,Brooklyn,Noise,280
2022-03-01,Brooklyn,Other,534
2022-03-01,Brooklyn,Public Safety,61
2022-03-01,Brooklyn,Sanitation,211
2022-03-01,Brooklyn,Street Condition,238
2022-03-01,Brooklyn,Traffic,666
2022-03-01,Brooklyn,Water,91
2022-03-01,Manhattan,Housing,523
2022-03-01,Manhattan,Noise,373
2022-03-01,Manhattan,Other,330
2022-03-01,Manhattan,Public Safety,119
2022-03-01,Manhattan,Sanitation,83
2022-03-01,Manhattan,Street Condition,141
2022-03-01,Manhattan,Traffic,217
2022-03-01,Manhattan,Water,45
2022-03-01,Queens,Housing,241
2022-03-01,Queens,Noise,192
2022-03-01,Queens,Other,455
2022-03-01,Queens,Public Safety,50
2022-03-01,Queens,Sanitation,144
2022-03-01,Queens,Street Condition,270
2022-03-01,Queens,Traffic,645
2022-03-01,Queens,Water,97
2022-03-01,Staten Island,Housing,29
2022-03-01,Staten Island,Noise,27
2022-03-01,Staten Island,Other,106
2022-03-01,Staten Island,Public Safety,7
2022-03-01,Staten Island,Sanitation,74
2022-03-01,Staten Island,Street Condition,107
2022-03-01,Staten Island,Traffic,83
2022-03-01,Staten Island,Water,33
2022-03-02,Bronx,Housing,514
2022-03-02,Bronx,Noise,226
2022-03-02,Bronx,Other,158
2022-03-02,Bronx,Public Safety,22
2022-03-02,Bronx,Sanitation,59
2022-03-02,Bronx,Street Condition,148
2022-03-02,Bronx,Traffic,357
2022-03-02,Bronx,Water,69
2022-03-02,Brooklyn,Housing,536
2022-03-02,Brooklyn,Noise,282
2022-03-02,Brooklyn,Other,485
2022-03-02,Brooklyn,Public Safety,203
2022-03-02,Brooklyn,Sanitation,188
2022-03-02,Brooklyn,Street Condition,243
2022-03-02,Brooklyn,Traffic,720
2022-03-02,Brooklyn,Water,122
2022-03-02,Manhattan,Housing,404
2022-03-02,Manhattan,Noise,443
2022-03-02,Manhattan,Other,339
2022-03-02,Manhattan,Public Safety,122
2022-03-02,Manhattan,Sanitation,89
2022-03-02,Manhattan,Street Condition,177
2022-03-02,Manhattan,Traffic,194
2022-03-02,Manhattan,Water,48
2022-03-02,Queens,Housing,232
2022-03-02,Queens,Noise,242
2022-03-02,Queens,Other,448
2022-03-02,Queens,Public Safety,64
2022-03-02,Queens,Sanitation,124
2022-03-02,Queens,Street Condition,290
2022-03-02,Queens,Traffic,594
2022-03-02,Queens,Water,112
2022-03-02,Staten Island,Housing,20
2022-03-02,Staten Island,Noise,26
2022-03-02,Staten Island,Other,111
2022-03-02,Staten Island,Public Safety,9
2022-03-02,Staten Island,Sanitation,81
2022-03-02,Staten Island,Street Condition,67
2022-03-02,Staten Island,Traffic,63
2022-03-02,Staten Island,Water,21
2022-03-03,Bronx,Housing,750
2022-03-03,Bronx,Noise,187
2022-03-03,Bronx,Other,167
2022-03-03,Bronx,Public Safety,38
2022-03-03,Bronx,Sanitation,84
2022-03-03,Bronx,Street Condition,180
2022-03-03,Bronx,Traffic,370
2022-03-03,Bronx,Water,44
2022-03-03,Brooklyn,Housing,671
2022-03-03,Brooklyn,Noise,330
2022-03-03,Brooklyn,Other,478
2022-03-03,Brooklyn,Public Safety,68
2022-03-03,Brooklyn,Sanitation,186
2022-03-03,Brooklyn,Street Condition,227
2022-03-03,Brooklyn,Traffic,688
2022-03-03,Brooklyn,Water,124
2022-03-03,Manhattan,Housing,549
2022-03-03,Manhattan,Noise,337
2022-03-03,Manhattan,Other,328
2022-03-03,Manhattan,Public Safety,132
2022-03-03,Manhattan,Sanitation,77
2022-03-03,Manhattan,Street Condition,149
2022-03-03,Manhattan,Traffic,225
2022-03-03,Manhattan,Water,34
2022-03-03,Queens,Housing,320
2022-03-03,Queens,Noise,196
2022-03-03,Queens,Other,419
2022-03-03,Queens,Public Safety,62
2022-03-03,Queens,Sanitation,124
2022-03-03,Queens,Street Condition,261
2022-03-03,Queens,Traffic,635
2022-03-03,Queens,Water,94
2022-03-03,Staten Island,Housing,49
2022-03-03,Staten Island,Noise,23
2022-03-03,Staten Island,Other,104
2022-03-03,Staten Island,Public Safety,5
2022-03-03,Staten Island,Sanitation,75
2022-03-03,Staten Island,Street Condition,92
2022-03-03,Staten Island,Traffic,62
2022-03-03,Staten Island,Water,33
2022-03-04,Bronx,Housing,870
2022-03-04,Bronx,Noise,216
2022-03-04,Bronx,Other,177
2022-03-04,Bronx,Public Safety,34
2022-03-04,Bronx,Sanitation,65
2022-03-04,Bronx,Street Condition,146
2022-03-04,Bronx,Traffic,363
2022-03-04,Bronx,Water,57
2022-03-04,Brooklyn,Housing,569
2022-03-04,Brooklyn,Noise,344
2022-03-04,Brooklyn,Other,398
2022-03-04,Brooklyn,Public Safety,59
2022-03-04,Brooklyn,Sanitation,267
2022-03-04,Brooklyn,Street Condition,158
2022-03-04,Brooklyn,Traffic,684
2022-03-04,Brooklyn,Water,107
2022-03-04,Manhattan,Housing,514
2022-03-04,Manhattan,Noise,507
2022-03-04,Manhattan,Other,289
2022-03-04,Manhattan,Public Safety,122
2022-03-04,Manhattan,Sanitation,73
2022-03-04,Manhattan,Street Condition,128
2022-03-04,Manhattan,Traffic,184
2022-03-04,Manhattan,Water,55
2022-03-04,Queens,Housing,292
2022-03-04,Queens,Noise,298
2022-03-04,Queens,Other,396
2022-03-04,Queens,Public Safety,41
2022-03-04,Queens,Sanitation,121
2022-03-04,Queens,Street Condition,255
2022-03-04,Queens,Traffic,612
2022-03-04,Queens,Water,76
2022-03-04,Staten Island,Housing,43
2022-03-04,Staten Island,Noise,32
2022-03-04,Staten Island,Other,108
2022-03-04,Staten Island,Public Safety,9
2022-03-04,Staten Island,Sanitation,64
2022-03-04,Staten Island,Street Condition,66
2022-03-04,Staten Island,Traffic,62
2022-03-04,Staten Island,Water,34
2022-03-05,Bronx,Housing,539
2022-03-05,Bronx,Noise,670
2022-03-05,Bronx,Other,100
2022-03-05,Bronx,Public Safety,15
2022-03-05,Bronx,Sanitation,36
2022-03-05,Bronx,Street Condition,32
2022-03-05,Bronx,Traffic,364
2022-03-05,Bronx,Water,41
2022-03-05,Brooklyn,Housing,373
2022-03-05,Brooklyn,Noise,444
2022-03-05,Brooklyn,Other,264
2022-03-05,Brooklyn,Public Safety,36
2022-03-05,Brooklyn,Sanitation,130
2022-03-05,Brooklyn,Street Condition,125
2022-03-05,Brooklyn,Traffic,553
2022-03-05,Brooklyn,Water,64
2022-03-05,Manhattan,Housing,353
2022-03-05,Manhattan,Noise,679
2022-03-05,Manhattan,Other,170
2022-03-05,Manhattan,Public Safety,105
2022-03-05,Manhattan,Sanitation,63
2022-03-05,Manhattan,Street Condition,64
2022-03-05,Manhattan,Traffic,185
2022-03-05,Manhattan,Water,23
2022-03-05,Queens,Housing,205
2022-03-05,Queens,Noise,353
2022-03-05,Queens,Other,276
2022-03-05,Queens,Public Safety,47
2022-03-05,Queens,Sanitation,99
2022-03-05,Queens,Street Condition,108
2022-03-05,Queens,Traffic,585
2022-03-05,Queens,Water,59
2022-03-05,Staten Island,Housing,26
2022-03-05,Staten Island,Noise,38
2022-03-05,Staten Island,Other,88
2022-03-05,Staten Island,Public Safety,5
2022-03-05,Staten Island,Sanitation,71
2022-03-05,Staten Island,Street Condition,35
2022-03-05,Staten Island,Traffic,46
2022-03-05,Staten Island,Water,26
2022-03-06,Bronx,Housing,375
2022-03-06,Bronx,Noise,1199
2022-03-06,Bronx,Other,136
2022-03-06,Bronx,Public Safety,23
2022-03-06,Bronx,Sanitation,35
2022-03-06,Bronx,Street Condition,34
2022-03-06,Bronx,Traffic,337
2022-03-06,Bronx,Water,38
2022-03-06,Brooklyn,Housing,263
2022-03-06,Brooklyn,Noise,522
2022-03-06,Brooklyn,Other,378
2022-03-06,Brooklyn,Public Safety,56
2022-03-06,Brooklyn,Sanitation,120
2022-03-06,Brooklyn,Street Condition,104
2022-03-06,Brooklyn,Traffic,558
2022-03-06,Brooklyn,Water,39
2022-03-06,Manhattan,Housing,264
2022-03-06,Manhattan,Noise,585
2022-03-06,Manhattan,Other,186
2022-03-06,Manhattan,Public Safety,137
2022-03-06,Manhattan,Sanitation,85
2022-03-06,Manhattan,Street Condition,57
2022-03-06,Manhattan,Traffic,189
2022-03-06,Manhattan,Water,22
2022-03-06,Queens,Housing,158
2022-03-06,Queens,Noise,609
2022-03-06,Queens,Other,289
2022-03-06,Queens,Public Safety,52
2022-03-06,Queens,Sanitation,77
2022-03-06,Queens,Street Condition,139
2022-03-06,Queens,Traffic,651
2022-03-06,Queens,Water,44
2022-03-06,Staten Island,Housing,12
2022-03-06,Staten Island,Noise,47
2022-03-06,Staten Island,Other,78
2022-03-06,Staten Island,Public Safety,3
2022-03-06,Staten Island,Sanitation,75
2022-03-06,Staten Island,Street Condition,23
2022-03-06,Staten Island,Traffic,55
2022-03-06,Staten Island,Water,9
2022-03-07,Bronx,Housing,544
2022-03-07,Bronx,Noise,443
2022-03-07,Bronx,Other,161
2022-03-07,Bronx,Public Safety,17
2022-03-07,Bronx,Sanitation,93
2022-03-07,Bronx,Street Condition,159
2022-03-07,Bronx,Traffic,324
2022-03-07,Bronx,Water,81
2022-03-07,Brooklyn,Housing,463
2022-03-07,Brooklyn,Noise,341
2022-03-07,Brooklyn,Other,490
2022-03-07,Brooklyn,Public Safety,79
2022-03-07,Brooklyn,Sanitation,228
2022-03-07,Brooklyn,Street Condition,222
2022-03-07,Brooklyn,Traffic,743
2022-03-07,Brooklyn,Water,117
2022-03-07,Manhattan,Housing,394
2022-03-07,Manhattan,Noise,407
2022-03-07,Manhattan,Other,320
2022-03-07,Manhattan,Public Safety,173
2022-03-07,Manhattan,Sanitation,120
2022-03-07,Manhattan,Street Condition,132
2022-03-07,Manhattan,Traffic,203
2022-03-07,Manhattan,Water,42
2022-03-07,Queens,Housing,210
2022-03-07,Queens,Noise,499
2022-03-07,Queens,Other,362
2022-03-07,Queens,Public Safety,74
2022-03-07,Queens,Sanitation,137
2022-03-07,Queens,Street Condition,279
2022-03-07,Queens,Traffic,669
2022-03-07,Queens,Water,84
2022-03-07,Staten Island,Housing,27
2022-03-07,Staten Island,Noise,26
2022-03-07,Staten Island,Other,119
2022-03-07,Staten Island,Public Safety,8
2022-03-07,Staten Island,Sanitation,78
2022-03-07,Staten Island,Street Condition,68
2022-03-07,Staten Island,Traffic,68
2022-03-07,Staten Island,Water,40
2022-03-08,Bronx,Housing,778
2022-03-08,Bronx,Noise,179
2022-03-08,Bronx,Other,135
2022-03-08,Bronx,Public Safety,25
2022-03-08,Bronx,Sanitation,74
2022-03-08,Bronx,Street Condition,158
2022-03-08,Bronx,Traffic,352
2022-03-08,Bronx,Water,67
2022-03-08,Brooklyn,Housing,605
2022-03-08,Brooklyn,Noise,248
2022-03-08,Brooklyn,Other,502
2022-03-08,Brooklyn,Public Safety,72
2022-03-08,Brooklyn,Sanitation,207
2022-03-08,Brooklyn,Street Condition,230
2022-03-08,Brooklyn,Traffic,735
2022-03-08,Brooklyn,Water,91
2022-03-08,Manhattan,Housing,483
2022-03-08,Manhattan,Noise,368
2022-03-08,Manhattan,Other,299
2022-03-08,Manhattan,Public Safety,164
2022-03-08,Manhattan,Sanitation,92
2022-03-08,Manhattan,Street Condition,153
2022-03-08,Manhattan,Traffic,213
2022-03-08,Manhattan,Water,42
2022-03-08,Queens,Housing,326
2022-03-08,Queens,Noise,213
2022-03-08,Queens,Other,391
2022-03-08,Queens,Public Safety,63
2022-03-08,Queens,Sanitation,147
2022-03-08,Queens,Street Condition,328
2022-03-08,Queens,Traffic,640
2022-03-08,Queens,Water,93
2022-03-08,Staten Island,Housing,34
2022-03-08,Staten Island,Noise,27
2022-03-08,Staten Island,Other,122
2022-03-08,Staten Island,Public Safety,7
2022-03-08,Staten Island,Sanitation,93
2022-03-08,Staten Island,Street Condition,135
2022-03-08,Staten Island,Traffic,56
2022-03-08,Staten Island,Water,32
2022-03-09,Bronx,Housing,728
2022-03-09,Bronx,Noise,178
2022-03-09,Bronx,Other,103
2022-03-09,Bronx,Public Safety,29
2022-03-09,Bronx,Sanitation,50
2022-03-09,Bronx,Street Condition,133
2022-03-09,Bronx,Traffic,330
2022-03-09,Bronx,Water,80
2022-03-09,Brooklyn,Housing,528
2022-03-09,Brooklyn,Noise,249
2022-03-09,Brooklyn,Other,296
2022-03-09,Brooklyn,Public Safety,53
2022-03-09,Brooklyn,Sanitation,171
2022-03-09,Brooklyn,Street Condition,282
2022-03-09,Brooklyn,Traffic,617
2022-03-09,Brooklyn,Water,106
2022-03-09,Manhattan,Housing,421
2022-03-09,Manhattan,Noise,273
2022-03-09,Manhattan,Other,267
2022-03-09,Manhattan,Public Safety,103
2022-03-09,Manhattan,Sanitation,261
2022-03-09,Manhattan,Street Condition,120
2022-03-09,Manhattan,Traffic,172
2022-03-09,Manhattan,Water,51
2022-03-09,Queens,Housing,297
2022-03-09,Queens,Noise,147
2022-03-09,Queens,Other,236
2022-03-09,Queens,Public Safety,60
2022-03-09,Queens,Sanitation,98
2022-03-09,Queens,Street Condition,257
2022-03-09,Queens,Traffic,567
2022-03-09,Queens,Water,98
2022-03-09,Staten Island,Housing,41
2022-03-09,Staten Island,Noise,22
2022-03-09,Staten Island,Other,61
2022-03-09,Staten Island,Public Safety,4
2022-03-09,Staten Island,Sanitation,71
2022-03-09,Staten Island,Street Condition,69
2022-03-09,Staten Island,Traffic,62
2022-03-09,Staten Island,Water,37
2022-03-10,Bronx,Housing,708
2022-03-10,Bronx,Noise,255
2022-03-10,Bronx,Other,153
2022-03-10,Bronx,Public Safety,28
2022-03-10,Bronx,Sanitation,48
2022-03-10,Bronx,Street Condition,149
2022-03-10,Bronx,Traffic,366
2022-03-10,Bronx,Water,61
2022-03-10,Brooklyn,Housing,493
2022-03-10,Brooklyn,Noise,315
2022-03-10,Brooklyn,Other,386
2022-03-10,Brooklyn,Public Safety,58
2022-03-10,Brooklyn,Sanitation,200
2022-03-10,Brooklyn,Street Condition,206
2022-03-10,Brooklyn,Traffic,895
2022-03-10,Brooklyn,Water,88
2022-03-10,Manhattan,Housing,427
2022-03-10,Manhattan,Noise,322
2022-03-10,Manhattan,Other,302
2022-03-10,Manhattan,Public Safety,107
2022-03-10,Manhattan,Sanitation,81
2022-03-10,Manhattan,Street Condition,152
2022-03-10,Manhattan,Traffic,218
2022-03-10,Manhattan,Water,45
2022-03-10,Queens,Housing,226
2022-03-10,Queens,Noise,217
2022-03-10,Queens,Other,291
2022-03-10,Queens,Public Safety,55
2022-03-10,Queens,Sanitation,114
2022-03-10,Queens,Street Condition,257
2022-03-10,Queens,Traffic,638
2022-03-10,Queens,Water,94
2022-03-10,Staten Island,Housing,35
2022-03-10,Staten Island,Noise,37
2022-03-10,Staten Island,Other,80
2022-03-10,Staten Island,Public Safety,8
2022-03-10,Staten Island,Sanitation,79
2022-03-10,Staten Island,Street Condition,217
2022-03-10,Staten Island,Traffic,59
2022-03-10,Staten Island,Water,44
2022-03-11,Bronx,Housing,505
2022-03-11,Bronx,Noise,351
2022-03-11,Bronx,Other,136
2022-03-11,Bronx,Public Safety,36
2022-03-11,Bronx,Sanitation,86
2022-03-11,Bronx,Street Condition,152
2022-03-11,Bronx,Traffic,438
2022-03-11,Bronx,Water,62
2022-03-11,Brooklyn,Housing,474
2022-03-11,Brooklyn,Noise,376
2022-03-11,Brooklyn,Other,313
2022-03-11,Brooklyn,Public Safety,58
2022-03-11,Brooklyn,Sanitation,198
2022-03-11,Brooklyn,Street Condition,188
2022-03-11,Brooklyn,Traffic,724
2022-03-11,Brooklyn,Water,207
2022-03-11,Manhattan,Housing,327
2022-03-11,Manhattan,Noise,470
2022-03-11,Manhattan,Other,252
2022-03-11,Manhattan,Public Safety,109
2022-03-11,Manhattan,Sanitation,89
2022-03-11,Manhattan,Street Condition,142
2022-03-11,Manhattan,Traffic,247
2022-03-11,Manhattan,Water,24
2022-03-11,Queens,Housing,230
2022-03-11,Queens,Noise,302
2022-03-11,Queens,Other,273
2022-03-11,Queens,Public Safety,46
2022-03-11,Queens,Sanitation,146
2022-03-11,Queens,Street Condition,223
2022-03-11,Queens,Traffic,615
2022-03-11,Queens,Water,69
2022-03-11,Staten Island,Housing,42
2022-03-11,Staten Island,Noise,45
2022-03-11,Staten Island,Other,62
2022-03-11,Staten Island,Public Safety,9
2022-03-11,Staten Island,Sanitation,70
2022-03-11,Staten Island,Street Condition,72
2022-03-11,Staten Island,Traffic,76
2022-03-11,Staten Island,Water,28
2022-03-12,Bronx,Housing,637
2022-03-12,Bronx,Noise,359
2022-03-12,Bronx,Other,74
2022-03-12,Bronx,Public Safety,20
2022-03-12,Bronx,Sanitation,43
2022-03-12,Bronx,Street Condition,60
2022-03-12,Bronx,Traffic,335
2022-03-12,Bronx,Water,47
2022-03-12,Brooklyn,Housing,469
2022-03-12,Brooklyn,Noise,380
2022-03-12,Brooklyn,Other,227
2022-03-12,Brooklyn,Public Safety,34
2022-03-12,Brooklyn,Sanitation,95
2022-03-12,Brooklyn,Street Condition,107
2022-03-12,Brooklyn,Traffic,521
2022-03-12,Brooklyn,Water,58
2022-03-12,Manhattan,Housing,293
2022-03-12,Manhattan,Noise,434
2022-03-12,Manhattan,Other,132
2022-03-12,Manhattan,Public Safety,54
2022-03-12,Manhattan,Sanitation,33
2022-03-12,Manhattan,Street Condition,91
2022-03-12,Manhattan,Traffic,120
2022-03-12,Manhattan,Water,25
2022-03-12,Queens,Housing,283
2022-03-12,Queens,Noise,276
2022-03-12,Queens,Other,205
2022-03-12,Queens,Public Safety,31
2022-03-12,Queens,Sanitation,79
2022-03-12,Queens,Street Condition,152
2022-03-12,Queens,Traffic,574
2022-03-12,Queens,Water,71
2022-03-12,Staten Island,Housing,9
2022-03-12,Staten Island,Noise,35
2022-03-12,Staten Island,Other,56
2022-03-12,Staten Island,Public Safety,3
2022-03-12,Staten Island,Sanitation,51
2022-03-12,Staten Island,Street Condition,32
2022-03-12,Staten Island,Traffic,62
2022-03-12,Staten Island,Water,12
2022-03-13,Bronx,Housing,674
2022-03-13,Bronx,Noise,372
2022-03-13,Bronx,Other,63
2022-03-13,Bronx,Public Safety,24
2022-03-13,Bronx,Sanitation,32
2022-03-13,Bronx,Street Condition,45
2022-03-13,Bronx,Traffic,291
2022-03-13,Bronx,Water,37
2022-03-13,Brooklyn,Housing,563
2022-03-13,Brooklyn,Noise,376
2022-03-13,Brooklyn,Other,206
2022-03-13,Brooklyn,Public Safety,49
2022-03-13,Brooklyn,Sanitation,104
2022-03-13,Brooklyn,Street Condition,154
2022-03-13,Brooklyn,Traffic,474
2022-03-13,Brooklyn,Water,46
2022-03-13,Manhattan,Housing,398
2022-03-13,Manhattan,Noise,340
2022-03-13,Manhattan,Other,148
2022-03-13,Manhattan,Public Safety,46
2022-03-13,Manhattan,Sanitation,49
2022-03-13,Manhattan,Street Condition,56
2022-03-13,Manhattan,Traffic,117
2022-03-13,Manhattan,Water,23
2022-03-13,Queens,Housing,245
2022-03-13,Queens,Noise,291
2022-03-13,Queens,Other,215
2022-03-13,Queens,Public Safety,36
2022-03-13,Queens,Sanitation,84
2022-03-13,Queens,Street Condition,126
2022-03-13,Queens,Traffic,499
2022-03-13,Queens,Water,32
2022-03-13,Staten Island,Housing,27
2022-03-13,Staten Island,Noise,39
2022-03-13,Staten Island,Other,59
2022-03-13,Staten Island,Public Safety,1
2022-03-13,Staten Island,Sanitation,51
2022-03-13,Staten Island,Street Condition,39
2022-03-13,Staten Island,Traffic,45
2022-03-13,Staten Island,Water,10
2022-03-14,Bronx,Housing,604
2022-03-14,Bronx,Noise,347
2022-03-14,Bronx,Other,112
2022-03-14,Bronx,Public Safety,21
2022-03-14,Bronx,Sanitation,57
2022-03-14,Bronx,Street Condition,193
2022-03-14,Bronx,Traffic,349
2022-03-14,Bronx,Water,81
2022-03-14,Brooklyn,Housing,569
2022-03-14,Brooklyn,Noise,363
2022-03-14,Brooklyn,Other,220
2022-03-14,Brooklyn,Public Safety,51
2022-03-14,Brooklyn,Sanitation,148
2022-03-14,Brooklyn,Street Condition,233
2022-03-14,Brooklyn,Traffic,743
2022-03-14,Brooklyn,Water,97
2022-03-14,Manhattan,Housing,454
2022-03-14,Manhattan,Noise,402
2022-03-14,Manhattan,Other,264
2022-03-14,Manhattan,Public Safety,111
2022-03-14,Manhattan,Sanitation,86
2022-03-14,Manhattan,Street Condition,157
2022-03-14,Manhattan,Traffic,202
2022-03-14,Manhattan,Water,41
2022-03-14,Queens,Housing,291
2022-03-14,Queens,Noise,295
2022-03-14,Queens,Other,260
2022-03-14,Queens,Public Safety,67
2022-03-14,Queens,Sanitation,115
2022-03-14,Queens,Street Condition,356
2022-03-14,Queens,Traffic,664
2022-03-14,Queens,Water,101
2022-03-14,Staten Island,Housing,73
2022-03-14,Staten Island,Noise,27
2022-03-14,Staten Island,Other,57
2022-03-14,Staten Island,Public Safety,5
2022-03-14,Staten Island,Sanitation,74
2022-03-14,Staten Island,Street Condition,58
2022-03-14,Staten Island,Traffic,63
2022-03-14,Staten Island,Water,37
2022-03-15,Bronx,Housing,640
2022-03-15,Bronx,Noise,282
2022-03-15,Bronx,Other,143
2022-03-15,Bronx,Public Safety,33
2022-03-15,Bronx,Sanitation,67
2022-03-15,Bronx,Street Condition,142
2022-03-15,Bronx,Traffic,390
2022-03-15,Bronx,Water,70
2022-03-15,Brooklyn,Housing,479
2022-03-15,Brooklyn,Noise,402
2022-03-15,Brooklyn,Other,271
2022-03-15,Brooklyn,Public Safety,59
2022-03-15,Brooklyn,Sanitation,220
2022-03-15,Brooklyn,Street Condition,235
2022-03-15,Brooklyn,Traffic,698
2022-03-15,Brooklyn,Water,79
2022-03-15,Manhattan,Housing,316
2022-03-15,Manhattan,Noise,563
2022-03-15,Manhattan,Other,260
2022-03-15,Manhattan,Public Safety,154
2022-03-15,Manhattan,Sanitation,75
2022-03-15,Manhattan,Street Condition,119
2022-03-15,Manhattan,Traffic,269
2022-03-15,Manhattan,Water,38
2022-03-15,Queens,Housing,208
2022-03-15,Queens,Noise,342
2022-03-15,Queens,Other,232
2022-03-15,Queens,Public Safety,63
2022-03-15,Queens,Sanitation,154
2022-03-15,Queens,Street Condition,244
2022-03-15,Queens,Traffic,631
2022-03-15,Queens,Water,101
2022-03-15,Staten Island,Housing,47
2022-03-15,Staten Island,Noise,40
2022-03-15,Staten Island,Other,46
2022-03-15,Staten Island,Public Safety,5
2022-03-15,Staten Island,Sanitation,65
2022-03-15,Staten Island,Street Condition,49
2022-03-15,Staten Island,Traffic,75
2022-03-15,Staten Island,Water,32
2022-03-16,Bronx,Housing,582
2022-03-16,Bronx,Noise,589
2022-03-16,Bronx,Other,168
2022-03-16,Bronx,Public Safety,27
2022-03-16,Bronx,Sanitation,70
2022-03-16,Bronx,Street Condition,130
2022-03-16,Bronx,Traffic,373
2022-03-16,Bronx,Water,64
2022-03-16,Brooklyn,Housing,435
2022-03-16,Brooklyn,Noise,517
2022-03-16,Brooklyn,Other,279
2022-03-16,Brooklyn,Public Safety,87
2022-03-16,Brooklyn,Sanitation,228
2022-03-16,Brooklyn,Street Condition,262
2022-03-16,Brooklyn,Traffic,758
2022-03-16,Brooklyn,Water,97
2022-03-16,Manhattan,Housing,352
2022-03-16,Manhattan,Noise,551
2022-03-16,Manhattan,Other,253
2022-03-16,Manhattan,Public Safety,139
2022-03-16,Manhattan,Sanitation,88
2022-03-16,Manhattan,Street Condition,117
2022-03-16,Manhattan,Traffic,244
2022-03-16,Manhattan,Water,45
2022-03-16,Queens,Housing,216
2022-03-16,Queens,Noise,292
2022-03-16,Queens,Other,222
2022-03-16,Queens,Public Safety,51
2022-03-16,Queens,Sanitation,119
2022-03-16,Queens,Street Condition,256
2022-03-16,Queens,Traffic,631
2022-03-16,Queens,Water,88
2022-03-16,Staten Island,Housing,19
2022-03-16,Staten Island,Noise,38
2022-03-16,Staten Island,Other,44
2022-03-16,Staten Island,Public Safety,7
2022-03-16,Staten Island,Sanitation,78
2022-03-16,Staten Island,Street Condition,54
2022-03-16,Staten Island,Traffic,59
2022-03-16,Staten Island,Water,27
2022-03-17,Bronx,Housing,592
2022-03-17,Bronx,Noise,282
2022-03-17,Bronx,Other,116
2022-03-17,Bronx,Public Safety,23
2022-03-17,Bronx,Sanitation,49
2022-03-17,Bronx,Street Condition,131
2022-03-17,Bronx,Traffic,358
2022-03-17,Bronx,Water,51
2022-03-17,Brooklyn,Housing,434
2022-03-17,Brooklyn,Noise,558
2022-03-17,Brooklyn,Other,216
2022-03-17,Brooklyn,Public Safety,84
2022-03-17,Brooklyn,Sanitation,175
2022-03-17,Brooklyn,Street Condition,236
2022-03-17,Brooklyn,Traffic,633
2022-03-17,Brooklyn,Water,91
2022-03-17,Manhattan,Housing,368
2022-03-17,Manhattan,Noise,388
2022-03-17,Manhattan,Other,177
2022-03-17,Manhattan,Public Safety,114
2022-03-17,Manhattan,Sanitation,80
2022-03-17,Manhattan,Street Condition,106
2022-03-17,Manhattan,Traffic,179
2022-03-17,Manhattan,Water,36
2022-03-17,Queens,Housing,245
2022-03-17,Queens,Noise,263
2022-03-17,Queens,Other,244
2022-03-17,Queens,Public Safety,43
2022-03-17,Queens,Sanitation,146
2022-03-17,Queens,Street Condition,313
2022-03-17,Queens,Traffic,536
2022-03-17,Queens,Water,54
2022-03-17,Staten Island,Housing,31
2022-03-17,Staten Island,Noise,37
2022-03-17,Staten Island,Other,47
2022-03-17,Staten Island,Public Safety,5
2022-03-17,Staten Island,Sanitation,78
2022-03-17,Staten Island,Street Condition,51
2022-03-17,Staten Island,Traffic,49
2022-03-17,Staten Island,Water,21
2022-03-18,Bronx,Housing,372
2022-03-18,Bronx,Noise,623
2022-03-18,Bronx,Other,151
2022-03-18,Bronx,Public Safety,36
2022-03-18,Bronx,Sanitation,74
2022-03-18,Bronx,Street Condition,159
2022-03-18,Bronx,Traffic,342
2022-03-18,Bronx,Water,56
2022-03-18,Brooklyn,Housing,385
2022-03-18,Brooklyn,Noise,583
2022-03-18,Brooklyn,Other,273
2022-03-18,Brooklyn,Public Safety,66
2022-03-18,Brooklyn,Sanitation,197
2022-03-18,Brooklyn,Street Condition,159
2022-03-18,Brooklyn,Traffic,746
2022-03-18,Brooklyn,Water,75
2022-03-18,Manhattan,Housing,313
2022-03-18,Manhattan,Noise,756
2022-03-18,Manhattan,Other,267
2022-03-18,Manhattan,Public Safety,150
2022-03-18,Manhattan,Sanitation,84
2022-03-18,Manhattan,Street Condition,123
2022-03-18,Manhattan,Traffic,213
2022-03-18,Manhattan,Water,40
2022-03-18,Queens,Housing,183
2022-03-18,Queens,Noise,410
2022-03-18,Queens,Other,257
2022-03-18,Queens,Public Safety,64
2022-03-18,Queens,Sanitation,138
2022-03-18,Queens,Street Condition,233
2022-03-18,Queens,Traffic,601
2022-03-18,Queens,Water,79
2022-03-18,Staten Island,Housing,35
2022-03-18,Staten Island,Noise,60
2022-03-18,Staten Island,Other,45
2022-03-18,Staten Island,Public Safety,9
2022-03-18,Staten Island,Sanitation,97
2022-03-18,Staten Island,Street Condition,49
2022-03-18,Staten Island,Traffic,70
2022-03-18,Staten Island,Water,40
2022-03-19,Bronx,Housing,324
2022-03-19,Bronx,Noise,602
2022-03-19,Bronx,Other,81
2022-03-19,Bronx,Public Safety,24
2022-03-19,Bronx,Sanitation,48
2022-03-19,Bronx,Street Condition,33
2022-03-19,Bronx,Traffic,341
2022-03-19,Bronx,Water,38
2022-03-19,Brooklyn,Housing,240
2022-03-19,Brooklyn,Noise,675
2022-03-19,Brooklyn,Other,152
2022-03-19,Brooklyn,Public Safety,40
2022-03-19,Brooklyn,Sanitation,131
2022-03-19,Brooklyn,Street Condition,87
2022-03-19,Brooklyn,Traffic,610
2022-03-19,Brooklyn,Water,38
2022-03-19,Manhattan,Housing,227
2022-03-19,Manhattan,Noise,866
2022-03-19,Manhattan,Other,155
2022-03-19,Manhattan,Public Safety,114
2022-03-19,Manhattan,Sanitation,66
2022-03-19,Manhattan,Street Condition,45
2022-03-19,Manhattan,Traffic,151
2022-03-19,Manhattan,Water,20
2022-03-19,Queens,Housing,122
2022-03-19,Queens,Noise,462
2022-03-19,Queens,Other,143
2022-03-19,Queens,Public Safety,25
2022-03-19,Queens,Sanitation,122
2022-03-19,Queens,Street Condition,148
2022-03-19,Queens,Traffic,667
2022-03-19,Queens,Water,62
2022-03-19,Staten Island,Housing,13
2022-03-19,Staten Island,Noise,49
2022-03-19,Staten Island,Other,44
2022-03-19,Staten Island,Public Safety,7
2022-03-19,Staten Island,Sanitation,72
2022-03-19,Staten Island,Street Condition,41
2022-03-19,Staten Island,Traffic,67
2022-03-19,Staten Island,Water,14
2022-03-20,Bronx,Housing,352
2022-03-20,Bronx,Noise,871
2022-03-20,Bronx,Other,64
2022-03-20,Bronx,Public Safety,13
2022-03-20,Bronx,Sanitation,40
2022-03-20,Bronx,Street Condition,55
2022-03-20,Bronx,Traffic,346
2022-03-20,Bronx,Water,34
2022-03-20,Brooklyn,Housing,271
2022-03-20,Brooklyn,Noise,543
2022-03-20,Brooklyn,Other,199
2022-03-20,Brooklyn,Public Safety,58
2022-03-20,Brooklyn,Sanitation,124
2022-03-20,Brooklyn,Street Condition,132
2022-03-20,Brooklyn,Traffic,645
2022-03-20,Brooklyn,Water,42
2022-03-20,Manhattan,Housing,210
2022-03-20,Manhattan,Noise,634
2022-03-20,Manhattan,Other,142
2022-03-20,Manhattan,Public Safety,89
2022-03-20,Manhattan,Sanitation,65
2022-03-20,Manhattan,Street Condition,63
2022-03-20,Manhattan,Traffic,148
2022-03-20,Manhattan,Water,27
2022-03-20,Queens,Housing,139
2022-03-20,Queens,Noise,439
2022-03-20,Queens,Other,128
2022-03-20,Queens,Public Safety,42
2022-03-20,Queens,Sanitation,94
2022-03-20,Queens,Street Condition,190
2022-03-20,Queens,Traffic,603
2022-03-20,Queens,Water,53
2022-03-20,Staten Island,Housing,9
2022-03-20,Staten Island,Noise,44
2022-03-20,Staten Island,Other,53
2022-03-20,Staten Island,Public Safety,4
2022-03-20,Staten Island,Sanitation,88
2022-03-20,Staten Island,Street Condition,28
2022-03-20,Staten Island,Traffic,94
2022-03-20,Staten Island,Water,11
2022-03-21,Bronx,Housing,646
2022-03-21,Bronx,Noise,549
2022-03-21,Bronx,Other,133
2022-03-21,Bronx,Public Safety,21
2022-03-21,Bronx,Sanitation,80
2022-03-21,Bronx,Street Condition,132
2022-03-21,Bronx,Traffic,424
2022-03-21,Bronx,Water,59
2022-03-21,Brooklyn,Housing,535
2022-03-21,Brooklyn,Noise,327
2022-03-21,Brooklyn,Other,304
2022-03-21,Brooklyn,Public Safety,91
2022-03-21,Brooklyn,Sanitation,184
2022-03-21,Brooklyn,Street Condition,214
2022-03-21,Brooklyn,Traffic,743
2022-03-21,Brooklyn,Water,112
2022-03-21,Manhattan,Housing,485
2022-03-21,Manhattan,Noise,443
2022-03-21,Manhattan,Other,284
2022-03-21,Manhattan,Public Safety,134
2022-03-21,Manhattan,Sanitation,106
2022-03-21,Manhattan,Street Condition,132
2022-03-21,Manhattan,Traffic,222
2022-03-21,Manhattan,Water,48
2022-03-21,Queens,Housing,250
2022-03-21,Queens,Noise,241
2022-03-21,Queens,Other,253
2022-03-21,Queens,Public Safety,65
2022-03-21,Queens,Sanitation,121
2022-03-21,Queens,Street Condition,285
2022-03-21,Queens,Traffic,647
2022-03-21,Queens,Water,103
2022-03-21,Staten Island,Housing,25
2022-03-21,Staten Island,Noise,20
2022-03-21,Staten Island,Other,63
2022-03-21,Staten Island,Public Safety,11
2022-03-21,Staten Island,Sanitation,96
2022-03-21,Staten Island,Street Condition,58
2022-03-21,Staten Island,Traffic,66
2022-03-21,Staten Island,Water,22
2022-03-22,Bronx,Housing,830
2022-03-22,Bronx,Noise,340
2022-03-22,Bronx,Other,129
2022-03-22,Bronx,Public Safety,29
2022-03-22,Bronx,Sanitation,70
2022-03-22,Bronx,Street Condition,165
2022-03-22,Bronx,Traffic,364
2022-03-22,Bronx,Water,67
2022-03-22,Brooklyn,Housing,502
2022-03-22,Brooklyn,Noise,276
2022-03-22,Brooklyn,Other,256
2022-03-22,Brooklyn,Public Safety,73
2022-03-22,Brooklyn,Sanitation,199
2022-03-22,Brooklyn,Street Condition,244
2022-03-22,Brooklyn,Traffic,744
2022-03-22,Brooklyn,Water,93
2022-03-22,Manhattan,Housing,438
2022-03-22,Manhattan,Noise,436
2022-03-22,Manhattan,Other,276
2022-03-22,Manhattan,Public Safety,141
2022-03-22,Manhattan,Sanitation,91
2022-03-22,Manhattan,Street Condition,108
2022-03-22,Manhattan,Traffic,240
2022-03-22,Manhattan,Water,33
2022-03-22,Queens,Housing,251
2022-03-22,Queens,Noise,251
2022-03-22,Queens,Other,226
2022-03-22,Queens,Public Safety,55
2022-03-22,Queens,Sanitation,113
2022-03-22,Queens,Street Condition,278
2022-03-22,Queens,Traffic,636
2022-03-22,Queens,Water,76
2022-03-22,Staten Island,Housing,31
2022-03-22,Staten Island,Noise,48
2022-03-22,Staten Island,Other,55
2022-03-22,Staten Island,Public Safety,7
2022-03-22,Staten Island,Sanitation,85
2022-03-22,Staten Island,Street Condition,65
2022-03-22,Staten Island,Traffic,66
2022-03-22,Staten Island,Water,28
2022-03-23,Bronx,Housing,782
2022-03-23,Bronx,Noise,178
2022-03-23,Bronx,Other,137
2022-03-23,Bronx,Public Safety,23
2022-03-23,Bronx,Sanitation,79
2022-03-23,Bronx,Street Condition,138
2022-03-23,Bronx,Traffic,344
2022-03-23,Bronx,Water,63
2022-03-23,Brooklyn,Housing,616
2022-03-23,Brooklyn,Noise,265
2022-03-23,Brooklyn,Other,237
2022-03-23,Brooklyn,Public Safety,58
2022-03-23,Brooklyn,Sanitation,241
2022-03-23,Brooklyn,Street Condition,206
2022-03-23,Brooklyn,Traffic,653
2022-03-23,Brooklyn,Water,83
2022-03-23,Manhattan,Housing,463
2022-03-23,Manhattan,Noise,356
2022-03-23,Manhattan,Other,267
2022-03-23,Manhattan,Public Safety,136
2022-03-23,Manhattan,Sanitation,86
2022-03-23,Manhattan,Street Condition,109
2022-03-23,Manhattan,Traffic,219
2022-03-23,Manhattan,Water,45
2022-03-23,Queens,Housing,315
2022-03-23,Queens,Noise,198
2022-03-23,Queens,Other,204
2022-03-23,Queens,Public Safety,56
2022-03-23,Queens,Sanitation,108
2022-03-23,Queens,Street Condition,278
2022-03-23,Queens,Traffic,605
2022-03-23,Queens,Water,86
2022-03-23,Staten Island,Housing,45
2022-03-23,Staten Island,Noise,26
2022-03-23,Staten Island,Other,50
2022-03-23,Staten Island,Public Safety,4
2022-03-23,Staten Island,Sanitation,95
2022-03-23,Staten Island,Street Condition,80
2022-03-23,Staten Island,Traffic,64
2022-03-23,Staten Island,Water,21
2022-03-24,Bronx,Housing,618
2022-03-24,Bronx,Noise,203
2022-03-24,Bronx,Other,87
2022-03-24,Bronx,Public Safety,27
2022-03-24,Bronx,Sanitation,56
2022-03-24,Bronx,Street Condition,193
2022-03-24,Bronx,Traffic,373
2022-03-24,Bronx,Water,49
2022-03-24,Brooklyn,Housing,491
2022-03-24,Brooklyn,Noise,276
2022-03-24,Brooklyn,Other,202
2022-03-24,Brooklyn,Public Safety,78
2022-03-24,Brooklyn,Sanitation,158
2022-03-24,Brooklyn,Street Condition,206
2022-03-24,Brooklyn,Traffic,732
2022-03-24,Brooklyn,Water,100
2022-03-24,Manhattan,Housing,414
2022-03-24,Manhattan,Noise,255
2022-03-24,Manhattan,Other,210
2022-03-24,Manhattan,Public Safety,122
2022-03-24,Manhattan,Sanitation,94
2022-03-24,Manhattan,Street Condition,95
2022-03-24,Manhattan,Traffic,183
2022-03-24,Manhattan,Water,33
2022-03-24,Queens,Housing,209
2022-03-24,Queens,Noise,204
2022-03-24,Queens,Other,231
2022-03-24,Queens,Public Safety,50
2022-03-24,Queens,Sanitation,103
2022-03-24,Queens,Street Condition,275
2022-03-24,Queens,Traffic,574
2022-03-24,Queens,Water,55
2022-03-24,Staten Island,Housing,33
2022-03-24,Staten Island,Noise,22
2022-03-24,Staten Island,Other,29
2022-03-24,Staten Island,Public Safety,10
2022-03-24,Staten Island,Sanitation,92
2022-03-24,Staten Island,Street Condition,61
2022-03-24,Staten Island,Traffic,53
2022-03-24,Staten Island,Water,23
2022-03-25,Bronx,Housing,546
2022-03-25,Bronx,Noise,329
2022-03-25,Bronx,Other,126
2022-03-25,Bronx,Public Safety,28
2022-03-25,Bronx,Sanitation,85
2022-03-25,Bronx,Street Condition,174
2022-03-25,Bronx,Traffic,363
2022-03-25,Bronx,Water,56
2022-03-25,Brooklyn,Housing,421
2022-03-25,Brooklyn,Noise,367
2022-03-25,Brooklyn,Other,343
2022-03-25,Brooklyn,Public Safety,48
2022-03-25,Brooklyn,Sanitation,190
2022-03-25,Brooklyn,Street Condition,235
2022-03-25,Brooklyn,Traffic,745
2022-03-25,Brooklyn,Water,122
2022-03-25,Manhattan,Housing,350
2022-03-25,Manhattan,Noise,513
2022-03-25,Manhattan,Other,294
2022-03-25,Manhattan,Public Safety,107
2022-03-25,Manhattan,Sanitation,80
2022-03-25,Manhattan,Street Condition,112
2022-03-25,Manhattan,Traffic,231
2022-03-25,Manhattan,Water,50
2022-03-25,Queens,Housing,185
2022-03-25,Queens,Noise,325
2022-03-25,Queens,Other,211
2022-03-25,Queens,Public Safety,63
2022-03-25,Queens,Sanitation,136
2022-03-25,Queens,Street Condition,290
2022-03-25,Queens,Traffic,635
2022-03-25,Queens,Water,105
2022-03-25,Staten Island,Housing,29
2022-03-25,Staten Island,Noise,31
2022-03-25,Staten Island,Other,54
2022-03-25,Staten Island,Public Safety,8
2022-03-25,Staten Island,Sanitation,113
2022-03-25,Staten Island,Street Condition,98
2022-03-25,Staten Island,Traffic,73
2022-03-25,Staten Island,Water,33
2022-03-26,Bronx,Housing,422
2022-03-26,Bronx,Noise,470
2022-03-26,Bronx,Other,80
2022-03-26,Bronx,Public Safety,25
2022-03-26,Bronx,Sanitation,44
2022-03-26,Bronx,Street Condition,49
2022-03-26,Bronx,Traffic,321
2022-03-26,Bronx,Water,29
2022-03-26,Brooklyn,Housing,313
2022-03-26,Brooklyn,Noise,551
2022-03-26,Brooklyn,Other,152
2022-03-26,Brooklyn,Public Safety,49
2022-03-26,Brooklyn,Sanitation,128
2022-03-26,Brooklyn,Street Condition,111
2022-03-26,Brooklyn,Traffic,549
2022-03-26,Brooklyn,Water,65
2022-03-26,Manhattan,Housing,268
2022-03-26,Manhattan,Noise,631
2022-03-26,Manhattan,Other,183
2022-03-26,Manhattan,Public Safety,109
2022-03-26,Manhattan,Sanitation,73
2022-03-26,Manhattan,Street Condition,51
2022-03-26,Manhattan,Traffic,155
2022-03-26,Manhattan,Water,21
2022-03-26,Queens,Housing,179
2022-03-26,Queens,Noise,457
2022-03-26,Queens,Other,110
2022-03-26,Queens,Public Safety,46
2022-03-26,Queens,Sanitation,89
2022-03-26,Queens,Street Condition,198
2022-03-26,Queens,Traffic,596
2022-03-26,Queens,Water,61
2022-03-26,Staten Island,Housing,21
2022-03-26,Staten Island,Noise,55
2022-03-26,Staten Island,Other,53
2022-03-26,Staten Island,Public Safety,12
2022-03-26,Staten Island,Sanitation,79
2022-03-26,Staten Island,Street Condition,67
2022-03-26,Staten Island,Traffic,59
2022-03-26,Staten Island,Water,19
2022-03-27,Bronx,Housing,601
2022-03-27,Bronx,Noise,355
2022-03-27,Bronx,Other,95
2022-03-27,Bronx,Public Safety,19
2022-03-27,Bronx,Sanitation,38
2022-03-27,Bronx,Street Condition,34
2022-03-27,Bronx,Traffic,307
2022-03-27,Bronx,Water,30
2022-03-27,Brooklyn,Housing,386
2022-03-27,Brooklyn,Noise,419
2022-03-27,Brooklyn,Other,124
2022-03-27,Brooklyn,Public Safety,93
2022-03-27,Brooklyn,Sanitation,121
2022-03-27,Brooklyn,Street Condition,104
2022-03-27,Brooklyn,Traffic,633
2022-03-27,Brooklyn,Water,55
2022-03-27,Manhattan,Housing,295
2022-03-27,Manhattan,Noise,453
2022-03-27,Manhattan,Other,173
2022-03-27,Manhattan,Public Safety,75
2022-03-27,Manhattan,Sanitation,66
2022-03-27,Manhattan,Street Condition,54
2022-03-27,Manhattan,Traffic,164
2022-03-27,Manhattan,Water,16
2022-03-27,Queens,Housing,220
2022-03-27,Queens,Noise,430
2022-03-27,Queens,Other,148
2022-03-27,Queens,Public Safety,47
2022-03-27,Queens,Sanitation,97
2022-03-27,Queens,Street Condition,152
2022-03-27,Queens,Traffic,623
2022-03-27,Queens,Water,49
2022-03-27,Staten Island,Housing,30
2022-03-27,Staten Island,Noise,32
2022-03-27,Staten Island,Other,53
2022-03-27,Staten Island,Public Safety,6
2022-03-27,Staten Island,Sanitation,65
2022-03-27,Staten Island,Street Condition,26
2022-03-27,Staten Island,Traffic,64
2022-03-27,Staten Island,Water,8
2022-03-28,Bronx,Housing,1152
2022-03-28,Bronx,Noise,744
2022-03-28,Bronx,Other,131
2022-03-28,Bronx,Public Safety,23
2022-03-28,Bronx,Sanitation,49
2022-03-28,Bronx,Street Condition,130
2022-03-28,Bronx,Traffic,336
2022-03-28,Bronx,Water,63
2022-03-28,Brooklyn,Housing,974
2022-03-28,Brooklyn,Noise,239
2022-03-28,Brooklyn,Other,218
2022-03-28,Brooklyn,Public Safety,63
2022-03-28,Brooklyn,Sanitation,340
2022-03-28,Brooklyn,Street Condition,197
2022-03-28,Brooklyn,Traffic,634
2022-03-28,Brooklyn,Water,133
2022-03-28,Manhattan,Housing,665
2022-03-28,Manhattan,Noise,258
2022-03-28,Manhattan,Other,255
2022-03-28,Manhattan,Public Safety,101
2022-03-28,Manhattan,Sanitation,218
2022-03-28,Manhattan,Street Condition,80
2022-03-28,Manhattan,Traffic,199
2022-03-28,Manhattan,Water,44
2022-03-28,Queens,Housing,456
2022-03-28,Queens,Noise,213
2022-03-28,Queens,Other,241
2022-03-28,Queens,Public Safety,68
2022-03-28,Queens,Sanitation,101
2022-03-28,Queens,Street Condition,249
2022-03-28,Queens,Traffic,559
2022-03-28,Queens,Water,99
2022-03-28,Staten Island,Housing,55
2022-03-28,Staten Island,Noise,11
2022-03-28,Staten Island,Other,58
2022-03-28,Staten Island,Public Safety,8
2022-03-28,Staten Island,Sanitation,62
2022-03-28,Staten Island,Street Condition,89
2022-03-28,Staten Island,Traffic,56
2022-03-28,Staten Island,Water,25
2022-03-29,Bronx,Housing,945
2022-03-29,Bronx,Noise,194
2022-03-29,Bronx,Other,135
2022-03-29,Bronx,Public Safety,18
2022-03-29,Bronx,Sanitation,87
2022-03-29,Bronx,Street Condition,140
2022-03-29,Bronx,Traffic,349
2022-03-29,Bronx,Water,49
2022-03-29,Brooklyn,Housing,845
2022-03-29,Brooklyn,Noise,235
2022-03-29,Brooklyn,Other,242
2022-03-29,Brooklyn,Public Safety,75
2022-03-29,Brooklyn,Sanitation,169
2022-03-29,Brooklyn,Street Condition,199
2022-03-29,Brooklyn,Traffic,675
2022-03-29,Brooklyn,Water,88
2022-03-29,Manhattan,Housing,559
2022-03-29,Manhattan,Noise,377
2022-03-29,Manhattan,Other,231
2022-03-29,Manhattan,Public Safety,118
2022-03-29,Manhattan,Sanitation,70
2022-03-29,Manhattan,Street Condition,130
2022-03-29,Manhattan,Traffic,203
2022-03-29,Manhattan,Water,30
2022-03-29,Queens,Housing,348
2022-03-29,Queens,Noise,255
2022-03-29,Queens,Other,213
2022-03-29,Queens,Public Safety,65
2022-03-29,Queens,Sanitation,350
2022-03-29,Queens,Street Condition,240
2022-03-29,Queens,Traffic,658
2022-03-29,Queens,Water,86
2022-03-29,Staten Island,Housing,99
2022-03-29,Staten Island,Noise,19
2022-03-29,Staten Island,Other,45
2022-03-29,Staten Island,Public Safety,8
2022-03-29,Staten Island,Sanitation,89
2022-03-29,Staten Island,Street Condition,95
2022-03-29,Staten Island,Traffic,51
2022-03-29,Staten Island,Water,24
2022-03-30,Bronx,Housing,628
2022-03-30,Bronx,Noise,259
2022-03-30,Bronx,Other,129
2022-03-30,Bronx,Public Safety,32
2022-03-30,Bronx,Sanitation,78
2022-03-30,Bronx,Street Condition,158
2022-03-30,Bronx,Traffic,337
2022-03-30,Bronx,Water,42
2022-03-30,Brooklyn,Housing,650
2022-03-30,Brooklyn,Noise,267
2022-03-30,Brooklyn,Other,262
2022-03-30,Brooklyn,Public Safety,79
2022-03-30,Brooklyn,Sanitation,230
2022-03-30,Brooklyn,Street Condition,194
2022-03-30,Brooklyn,Traffic,737
2022-03-30,Brooklyn,Water,88
2022-03-30,Manhattan,Housing,439
2022-03-30,Manhattan,Noise,344
2022-03-30,Manhattan,Other,258
2022-03-30,Manhattan,Public Safety,165
2022-03-30,Manhattan,Sanitation,94
2022-03-30,Manhattan,Street Condition,107
2022-03-30,Manhattan,Traffic,211
2022-03-30,Manhattan,Water,37
2022-03-30,Queens,Housing,268
2022-03-30,Queens,Noise,220
2022-03-30,Queens,Other,225
2022-03-30,Queens,Public Safety,70
2022-03-30,Queens,Sanitation,420
2022-03-30,Queens,Street Condition,236
2022-03-30,Queens,Traffic,619
2022-03-30,Queens,Water,88
2022-03-30,Staten Island,Housing,38
2022-03-30,Staten Island,Noise,17
2022-03-30,Staten Island,Other,53
2022-03-30,Staten Island,Public Safety,4
2022-03-30,Staten Island,Sanitation,61
2022-03-30,Staten Island,Street Condition,57
2022-03-30,Staten Island,Traffic,73
2022-03-30,Staten Island,Water,29
2022-03-31,Bronx,Housing,511
2022-03-31,Bronx,Noise,221
2022-03-31,Bronx,Other,156
2022-03-31,Bronx,Public Safety,37
2022-03-31,Bronx,Sanitation,65
2022-03-31,Bronx,Street Condition,184
2022-03-31,Bronx,Traffic,308
2022-03-31,Bronx,Water,57
2022-03-31,Brooklyn,Housing,472
2022-03-31,Brooklyn,Noise,315
2022-03-31,Brooklyn,Other,303
2022-03-31,Brooklyn,Public Safety,81
2022-03-31,Brooklyn,Sanitation,214
2022-03-31,Brooklyn,Street Condition,218
2022-03-31,Brooklyn,Traffic,824
2022-03-31,Brooklyn,Water,89
2022-03-31,Manhattan,Housing,324
2022-03-31,Manhattan,Noise,327
2022-03-31,Manhattan,Other,246
2022-03-31,Manhattan,Public Safety,192
2022-03-31,Manhattan,Sanitation,94
2022-03-31,Manhattan,Street Condition,117
2022-03-31,Manhattan,Traffic,273
2022-03-31,Manhattan,Water,23
2022-03-31,Queens,Housing,179
2022-03-31,Queens,Noise,229
2022-03-31,Queens,Other,201
2022-03-31,Queens,Public Safety,76
2022-03-31,Queens,Sanitation,113
2022-03-31,Queens,Street Condition,266
2022-03-31,Queens,Traffic,689
2022-03-31,Queens,Water,59
2022-03-31,Staten Island,Housing,32
2022-03-31,Staten Island,Noise,27
2022-03-31,Staten Island,Other,49
2022-03-31,Staten Island,Public Safety,7
2022-03-31,Staten Island,Sanitation,63
2022-03-31,Staten Island,Street Condition,72
2022-03-31,Staten Island,Traffic,51
2022-03-31,Staten Island,Water,38
2022-04-01,Bronx,Housing,462
2022-04-01,Bronx,Noise,275
2022-04-01,Bronx,Other,100
2022-04-01,Bronx,Public Safety,25
2022-04-01,Bronx,Sanitation,81
2022-04-01,Bronx,Street Condition,151
2022-04-01,Bronx,Traffic,368
2022-04-01,Bronx,Water,44
2022-04-01,Brooklyn,Housing,538
2022-04-01,Brooklyn,Noise,349
2022-04-01,Brooklyn,Other,284
2022-04-01,Brooklyn,Public Safety,57
2022-04-01,Brooklyn,Sanitation,204
2022-04-01,Brooklyn,Street Condition,229
2022-04-01,Brooklyn,Traffic,759
2022-04-01,Brooklyn,Water,106
2022-04-01,Manhattan,Housing,326
2022-04-01,Manhattan,Noise,437
2022-04-01,Manhattan,Other,245
2022-04-01,Manhattan,Public Safety,147
2022-04-01,Manhattan,Sanitation,86
2022-04-01,Manhattan,Street Condition,119
2022-04-01,Manhattan,Traffic,262
2022-04-01,Manhattan,Water,35
2022-04-01,Queens,Housing,260
2022-04-01,Queens,Noise,232
2022-04-01,Queens,Other,232
2022-04-01,Queens,Public Safety,55
2022-04-01,Queens,Sanitation,116
2022-04-01,Queens,Street Condition,276
2022-04-01,Queens,Traffic,633
2022-04-01,Queens,Water,75
2022-04-01,Staten Island,Housing,29
2022-04-01,Staten Island,Noise,27
2022-04-01,Staten Island,Other,66
2022-04-01,Staten Island,Public Safety,3
2022-04-01,Staten Island,Sanitation,78
2022-04-01,Staten Island,Street Condition,93
2022-04-01,Staten Island,Traffic,61
2022-04-01,Staten Island,Water,35
2022-04-02,Bronx,Housing,387
2022-04-02,Bronx,Noise,469
2022-04-02,Bronx,Other,73
2022-04-02,Bronx,Public Safety,28
2022-04-02,Bronx,Sanitation,39
2022-04-02,Bronx,Street Condition,60
2022-04-02,Bronx,Traffic,391
2022-04-02,Bronx,Water,27
2022-04-02,Brooklyn,Housing,352
2022-04-02,Brooklyn,Noise,524
2022-04-02,Brooklyn,Other,208
2022-04-02,Brooklyn,Public Safety,59
2022-04-02,Brooklyn,Sanitation,146
2022-04-02,Brooklyn,Street Condition,97
2022-04-02,Brooklyn,Traffic,553
2022-04-02,Brooklyn,Water,59
2022-04-02,Manhattan,Housing,232
2022-04-02,Manhattan,Noise,847
2022-04-02,Manhattan,Other,165
2022-04-02,Manhattan,Public Safety,115
2022-04-02,Manhattan,Sanitation,52
2022-04-02,Manhattan,Street Condition,71
2022-04-02,Manhattan,Traffic,202
2022-04-02,Manhattan,Water,29
2022-04-02,Queens,Housing,211
2022-04-02,Queens,Noise,407
2022-04-02,Queens,Other,172
2022-04-02,Queens,Public Safety,46
2022-04-02,Queens,Sanitation,107
2022-04-02,Queens,Street Condition,119
2022-04-02,Queens,Traffic,623
2022-04-02,Queens,Water,68
2022-04-02,Staten Island,Housing,14
2022-04-02,Staten Island,Noise,46
2022-04-02,Staten Island,Other,34
2022-04-02,Staten Island,Public Safety,1
2022-04-02,Staten Island,Sanitation,52
2022-04-02,Staten Island,Street Condition,35
2022-04-02,Staten Island,Traffic,50
2022-04-02,Staten Island,Water,20
2022-04-03,Bronx,Housing,437
2022-04-03,Bronx,Noise,477
2022-04-03,Bronx,Other,51
2022-04-03,Bronx,Public Safety,18
2022-04-03,Bronx,Sanitation,45
2022-04-03,Bronx,Street Condition,29
2022-04-03,Bronx,Traffic,294
2022-04-03,Bronx,Water,34
2022-04-03,Brooklyn,Housing,367
2022-04-03,Brooklyn,Noise,462
2022-04-03,Brooklyn,Other,149
2022-04-03,Brooklyn,Public Safety,50
2022-04-03,Brooklyn,Sanitation,136
2022-04-03,Brooklyn,Street Condition,73
2022-04-03,Brooklyn,Traffic,637
2022-04-03,Brooklyn,Water,51
2022-04-03,Manhattan,Housing,209
2022-04-03,Manhattan,Noise,498
2022-04-03,Manhattan,Other,136
2022-04-03,Manhattan,Public Safety,102
2022-04-03,Manhattan,Sanitation,66
2022-04-03,Manhattan,Street Condition,61
2022-04-03,Manhattan,Traffic,166
2022-04-03,Manhattan,Water,14
2022-04-03,Queens,Housing,149
2022-04-03,Queens,Noise,320
2022-04-03,Queens,Other,128
2022-04-03,Queens,Public Safety,39
2022-04-03,Queens,Sanitation,67
2022-04-03,Queens,Street Condition,152
2022-04-03,Queens,Traffic,602
2022-04-03,Queens,Water,37
2022-04-03,Staten Island,Housing,10
2022-04-03,Staten Island,Noise,30
2022-04-03,Staten Island,Other,28
2022-04-03,Staten Island,Public Safety,8
2022-04-03,Staten Island,Sanitation,53
2022-04-03,Staten Island,Street Condition,33
2022-04-03,Staten Island,Traffic,37
2022-04-03,Staten Island,Water,6
2022-04-04,Bronx,Housing,634
2022-04-04,Bronx,Noise,502
2022-04-04,Bronx,Other,115
2022-04-04,Bronx,Public Safety,23
2022-04-04,Bronx,Sanitation,69
2022-04-04,Bronx,Street Condition,135
2022-04-04,Bronx,Traffic,334
2022-04-04,Bronx,Water,53
2022-04-04,Brooklyn,Housing,583
2022-04-04,Brooklyn,Noise,352
2022-04-04,Brooklyn,Other,282
2022-04-04,Brooklyn,Public Safety,99
2022-04-04,Brooklyn,Sanitation,193
2022-04-04,Brooklyn,Street Condition,187
2022-04-04,Brooklyn,Traffic,751
2022-04-04,Brooklyn,Water,104
2022-04-04,Manhattan,Housing,410
2022-04-04,Manhattan,Noise,396
2022-04-04,Manhattan,Other,272
2022-04-04,Manhattan,Public Safety,153
2022-04-04,Manhattan,Sanitation,90
2022-04-04,Manhattan,Street Condition,131
2022-04-04,Manhattan,Traffic,227
2022-04-04,Manhattan,Water,54
2022-04-04,Queens,Housing,233
2022-04-04,Queens,Noise,232
2022-04-04,Queens,Other,250
2022-04-04,Queens,Public Safety,73
2022-04-04,Queens,Sanitation,94
2022-04-04,Queens,Street Condition,245
2022-04-04,Queens,Traffic,671
2022-04-04,Queens,Water,85
2022-04-04,Staten Island,Housing,29
2022-04-04,Staten Island,Noise,39
2022-04-04,Staten Island,Other,52
2022-04-04,Staten Island,Public Safety,3
2022-04-04,Staten Island,Sanitation,79
2022-04-04,Staten Island,Street Condition,77
2022-04-04,Staten Island,Traffic,64
2022-04-04,Staten Island,Water,30
2022-04-05,Bronx,Housing,683
2022-04-05,Bronx,Noise,229
2022-04-05,Bronx,Other,126
2022-04-05,Bronx,Public Safety,27
2022-04-05,Bronx,Sanitation,94
2022-04-05,Bronx,Street Condition,200
2022-04-05,Bronx,Traffic,345
2022-04-05,Bronx,Water,51
2022-04-05,Brooklyn,Housing,499
2022-04-05,Brooklyn,Noise,311
2022-04-05,Brooklyn,Other,308
2022-04-05,Brooklyn,Public Safety,91
2022-04-05,Brooklyn,Sanitation,187
2022-04-05,Brooklyn,Street Condition,184
2022-04-05,Brooklyn,Traffic,723
2022-04-05,Brooklyn,Water,119
2022-04-05,Manhattan,Housing,407
2022-04-05,Manhattan,Noise,394
2022-04-05,Manhattan,Other,274
2022-04-05,Manhattan,Public Safety,178
2022-04-05,Manhattan,Sanitation,80
2022-04-05,Manhattan,Street Condition,130
2022-04-05,Manhattan,Traffic,235
2022-04-05,Manhattan,Water,47
2022-04-05,Queens,Housing,258
2022-04-05,Queens,Noise,242
2022-04-05,Queens,Other,246
2022-04-05,Queens,Public Safety,66
2022-04-05,Queens,Sanitation,137
2022-04-05,Queens,Street Condition,256
2022-04-05,Queens,Traffic,722
2022-04-05,Queens,Water,115
2022-04-05,Staten Island,Housing,25
2022-04-05,Staten Island,Noise,38
2022-04-05,Staten Island,Other,59
2022-04-05,Staten Island,Public Safety,8
2022-04-05,Staten Island,Sanitation,72
2022-04-05,Staten Island,Street Condition,83
2022-04-05,Staten Island,Traffic,61
2022-04-05,Staten Island,Water,36
2022-04-06,Bronx,Housing,629
2022-04-06,Bronx,Noise,206
2022-04-06,Bronx,Other,101
2022-04-06,Bronx,Public Safety,17
2022-04-06,Bronx,Sanitation,65
2022-04-06,Bronx,Street Condition,158
2022-04-06,Bronx,Traffic,327
2022-04-06,Bronx,Water,56
2022-04-06,Brooklyn,Housing,524
2022-04-06,Brooklyn,Noise,243
2022-04-06,Brooklyn,Other,236
2022-04-06,Brooklyn,Public Safety,82
2022-04-06,Brooklyn,Sanitation,347
2022-04-06,Brooklyn,Street Condition,221
2022-04-06,Brooklyn,Traffic,699
2022-04-06,Brooklyn,Water,158
2022-04-06,Manhattan,Housing,405
2022-04-06,Manhattan,Noise,314
2022-04-06,Manhattan,Other,235
2022-04-06,Manhattan,Public Safety,186
2022-04-06,Manhattan,Sanitation,97
2022-04-06,Manhattan,Street Condition,116
2022-04-06,Manhattan,Traffic,175
2022-04-06,Manhattan,Water,35
2022-04-06,Queens,Housing,262
2022-04-06,Queens,Noise,190
2022-04-06,Queens,Other,203
2022-04-06,Queens,Public Safety,83
2022-04-06,Queens,Sanitation,107
2022-04-06,Queens,Street Condition,214
2022-04-06,Queens,Traffic,559
2022-04-06,Queens,Water,96
2022-04-06,Staten Island,Housing,33
2022-04-06,Staten Island,Noise,14
2022-04-06,Staten Island,Other,40
2022-04-06,Staten Island,Public Safety,4
2022-04-06,Staten Island,Sanitation,55
2022-04-06,Staten Island,Street Condition,96
2022-04-06,Staten Island,Traffic,59
2022-04-06,Staten Island,Water,35
2022-04-07,Bronx,Housing,584
2022-04-07,Bronx,Noise,288
2022-04-07,Bronx,Other,117
2022-04-07,Bronx,Public Safety,35
2022-04-07,Bronx,Sanitation,65
2022-04-07,Bronx,Street Condition,176
2022-04-07,Bronx,Traffic,319
2022-04-07,Bronx,Water,70
2022-04-07,Brooklyn,Housing,572
2022-04-07,Brooklyn,Noise,258
2022-04-07,Brooklyn,Other,284
2022-04-07,Brooklyn,Public Safety,65
2022-04-07,Brooklyn,Sanitation,254
2022-04-07,Brooklyn,Street Condition,263
2022-04-07,Brooklyn,Traffic,707
2022-04-07,Brooklyn,Water,140
2022-04-07,Manhattan,Housing,364
2022-04-07,Manhattan,Noise,315
2022-04-07,Manhattan,Other,208
2022-04-07,Manhattan,Public Safety,151
2022-04-07,Manhattan,Sanitation,95
2022-04-07,Manhattan,Street Condition,193
2022-04-07,Manhattan,Traffic,200
2022-04-07,Manhattan,Water,53
2022-04-07,Queens,Housing,218
2022-04-07,Queens,Noise,200
2022-04-07,Queens,Other,239
2022-04-07,Queens,Public Safety,68
2022-04-07,Queens,Sanitation,114
2022-04-07,Queens,Street Condition,280
2022-04-07,Queens,Traffic,563
2022-04-07,Queens,Water,106
2022-04-07,Staten Island,Housing,36
2022-04-07,Staten Island,Noise,25
2022-04-07,Staten Island,Other,63
2022-04-07,Staten Island,Public Safety,6
2022-04-07,Staten Island,Sanitation,85
2022-04-07,Staten Island,Street Condition,81
2022-04-07,Staten Island,Traffic,47
2022-04-07,Staten Island,Water,48
2022-04-08,Bronx,Housing,419
2022-04-08,Bronx,Noise,722
2022-04-08,Bronx,Other,118
2022-04-08,Bronx,Public Safety,31
2022-04-08,Bronx,Sanitation,72
2022-04-08,Bronx,Street Condition,207
2022-04-08,Bronx,Traffic,371
2022-04-08,Bronx,Water,90
2022-04-08,Brooklyn,Housing,366
2022-04-08,Brooklyn,Noise,523
2022-04-08,Brooklyn,Other,353
2022-04-08,Brooklyn,Public Safety,81
2022-04-08,Brooklyn,Sanitation,207
2022-04-08,Brooklyn,Street Condition,329
2022-04-08,Brooklyn,Traffic,787
2022-04-08,Brooklyn,Water,125
2022-04-08,Manhattan,Housing,288
2022-04-08,Manhattan,Noise,675
2022-04-08,Manhattan,Other,268
2022-04-08,Manhattan,Public Safety,195
2022-04-08,Manhattan,Sanitation,78
2022-04-08,Manhattan,Street Condition,168
2022-04-08,Manhattan,Traffic,247
2022-04-08,Manhattan,Water,60
2022-04-08,Queens,Housing,162
2022-04-08,Queens,Noise,353
2022-04-08,Queens,Other,291
2022-04-08,Queens,Public Safety,71
2022-04-08,Queens,Sanitation,117
2022-04-08,Queens,Street Condition,412
2022-04-08,Queens,Traffic,646
2022-04-08,Queens,Water,91
2022-04-08,Staten Island,Housing,36
2022-04-08,Staten Island,Noise,50
2022-04-08,Staten Island,Other,71
2022-04-08,Staten Island,Public Safety,8
2022-04-08,Staten Island,Sanitation,73
2022-04-08,Staten Island,Street Condition,101
2022-04-08,Staten Island,Traffic,62
2022-04-08,Staten Island,Water,48
2022-04-09,Bronx,Housing,452
2022-04-09,Bronx,Noise,797
2022-04-09,Bronx,Other,91
2022-04-09,Bronx,Public Safety,24
2022-04-09,Bronx,Sanitation,48
2022-04-09,Bronx,Street Condition,68
2022-04-09,Bronx,Traffic,315
2022-04-09,Bronx,Water,30
2022-04-09,Brooklyn,Housing,242
2022-04-09,Brooklyn,Noise,620
2022-04-09,Brooklyn,Other,186
2022-04-09,Brooklyn,Public Safety,69
2022-04-09,Brooklyn,Sanitation,154
2022-04-09,Brooklyn,Street Condition,133
2022-04-09,Brooklyn,Traffic,624
2022-04-09,Brooklyn,Water,68
2022-04-09,Manhattan,Housing,200
2022-04-09,Manhattan,Noise,800
2022-04-09,Manhattan,Other,201
2022-04-09,Manhattan,Public Safety,179
2022-04-09,Manhattan,Sanitation,64
2022-04-09,Manhattan,Street Condition,83
2022-04-09,Manhattan,Traffic,166
2022-04-09,Manhattan,Water,30
2022-04-09,Queens,Housing,129
2022-04-09,Queens,Noise,466
2022-04-09,Queens,Other,158
2022-04-09,Queens,Public Safety,43
2022-04-09,Queens,Sanitation,91
2022-04-09,Queens,Street Condition,155
2022-04-09,Queens,Traffic,601
2022-04-09,Queens,Water,65
2022-04-09,Staten Island,Housing,13
2022-04-09,Staten Island,Noise,61
2022-04-09,Staten Island,Other,33
2022-04-09,Staten Island,Public Safety,6
2022-04-09,Staten Island,Sanitation,61
2022-04-09,Staten Island,Street Condition,56
2022-04-09,Staten Island,Traffic,45
2022-04-09,Staten Island,Water,12
2022-04-10,Bronx,Housing,500
2022-04-10,Bronx,Noise,426
2022-04-10,Bronx,Other,58
2022-04-10,Bronx,Public Safety,24
2022-04-10,Bronx,Sanitation,41
2022-04-10,Bronx,Street Condition,44
2022-04-10,Bronx,Traffic,350
2022-04-10,Bronx,Water,27
2022-04-10,Brooklyn,Housing,278
2022-04-10,Brooklyn,Noise,473
2022-04-10,Brooklyn,Other,175
2022-04-10,Brooklyn,Public Safety,40
2022-04-10,Brooklyn,Sanitation,136
2022-04-10,Brooklyn,Street Condition,133
2022-04-10,Brooklyn,Traffic,697
2022-04-10,Brooklyn,Water,46
2022-04-10,Manhattan,Housing,220
2022-04-10,Manhattan,Noise,633
2022-04-10,Manhattan,Other,139
2022-04-10,Manhattan,Public Safety,135
2022-04-10,Manhattan,Sanitation,58
2022-04-10,Manhattan,Street Condition,57
2022-04-10,Manhattan,Traffic,153
2022-04-10,Manhattan,Water,23
2022-04-10,Queens,Housing,166
2022-04-10,Queens,Noise,421
2022-04-10,Queens,Other,173
2022-04-10,Queens,Public Safety,54
2022-04-10,Queens,Sanitation,87
2022-04-10,Queens,Street Condition,154
2022-04-10,Queens,Traffic,629
2022-04-10,Queens,Water,43
2022-04-10,Staten Island,Housing,11
2022-04-10,Staten Island,Noise,42
2022-04-10,Staten Island,Other,32
2022-04-10,Staten Island,Public Safety,8
2022-04-10,Staten Island,Sanitation,48
2022-04-10,Staten Island,Street Condition,55
2022-04-10,Staten Island,Traffic,46
2022-04-10,Staten Island,Water,17
2022-04-11,Bronx,Housing,639
2022-04-11,Bronx,Noise,317
2022-04-11,Bronx,Other,124
2022-04-11,Bronx,Public Safety,31
2022-04-11,Bronx,Sanitation,100
2022-04-11,Bronx,Street Condition,151
2022-04-11,Bronx,Traffic,377
2022-04-11,Bronx,Water,67
2022-04-11,Brooklyn,Housing,493
2022-04-11,Brooklyn,Noise,332
2022-04-11,Brooklyn,Other,270
2022-04-11,Brooklyn,Public Safety,82
2022-04-11,Brooklyn,Sanitation,184
2022-04-11,Brooklyn,Street Condition,223
2022-04-11,Brooklyn,Traffic,832
2022-04-11,Brooklyn,Water,97
2022-04-11,Manhattan,Housing,376
2022-04-11,Manhattan,Noise,431
2022-04-11,Manhattan,Other,274
2022-04-11,Manhattan,Public Safety,185
2022-04-11,Manhattan,Sanitation,98
2022-04-11,Manhattan,Street Condition,146
2022-04-11,Manhattan,Traffic,235
2022-04-11,Manhattan,Water,53
2022-04-11,Queens,Housing,198
2022-04-11,Queens,Noise,291
2022-04-11,Queens,Other,265
2022-04-11,Queens,Public Safety,77
2022-04-11,Queens,Sanitation,116
2022-04-11,Queens,Street Condition,307
2022-04-11,Queens,Traffic,690
2022-04-11,Queens,Water,86
2022-04-11,Staten Island,Housing,35
2022-04-11,Staten Island,Noise,30
2022-04-11,Staten Island,Other,71
2022-04-11,Staten Island,Public Safety,8
2022-04-11,Staten Island,Sanitation,54
2022-04-11,Staten Island,Street Condition,108
2022-04-11,Staten Island,Traffic,66
2022-04-11,Staten Island,Water,33
2022-04-12,Bronx,Housing,469
2022-04-12,Bronx,Noise,537
2022-04-12,Bronx,Other,146
2022-04-12,Bronx,Public Safety,27
2022-04-12,Bronx,Sanitation,73
2022-04-12,Bronx,Street Condition,144
2022-04-12,Bronx,Traffic,345
2022-04-12,Bronx,Water,73
2022-04-12,Brooklyn,Housing,452
2022-04-12,Brooklyn,Noise,466
2022-04-12,Brooklyn,Other,238
2022-04-12,Brooklyn,Public Safety,76
2022-04-12,Brooklyn,Sanitation,165
2022-04-12,Brooklyn,Street Condition,204
2022-04-12,Brooklyn,Traffic,661
2022-04-12,Brooklyn,Water,72
2022-04-12,Manhattan,Housing,310
2022-04-12,Manhattan,Noise,694
2022-04-12,Manhattan,Other,257
2022-04-12,Manhattan,Public Safety,194
2022-04-12,Manhattan,Sanitation,75
2022-04-12,Manhattan,Street Condition,91
2022-04-12,Manhattan,Traffic,213
2022-04-12,Manhattan,Water,53
2022-04-12,Queens,Housing,193
2022-04-12,Queens,Noise,323
2022-04-12,Queens,Other,220
2022-04-12,Queens,Public Safety,51
2022-04-12,Queens,Sanitation,116
2022-04-12,Queens,Street Condition,237
2022-04-12,Queens,Traffic,654
2022-04-12,Queens,Water,103
2022-04-12,Staten Island,Housing,31
2022-04-12,Staten Island,Noise,56
2022-04-12,Staten Island,Other,40
2022-04-12,Staten Island,Public Safety,7
2022-04-12,Staten Island,Sanitation,55
2022-04-12,Staten Island,Street Condition,90
2022-04-12,Staten Island,Traffic,55
2022-04-12,Staten Island,Water,26
2022-04-13,Bronx,Housing,394
2022-04-13,Bronx,Noise,539
2022-04-13,Bronx,Other,133
2022-04-13,Bronx,Public Safety,22
2022-04-13,Bronx,Sanitation,69
2022-04-13,Bronx,Street Condition,115
2022-04-13,Bronx,Traffic,335
2022-04-13,Bronx,Water,56
2022-04-13,Brooklyn,Housing,381
2022-04-13,Brooklyn,Noise,427
2022-04-13,Brooklyn,Other,291
2022-04-13,Brooklyn,Public Safety,87
2022-04-13,Brooklyn,Sanitation,200
2022-04-13,Brooklyn,Street Condition,191
2022-04-13,Brooklyn,Traffic,710
2022-04-13,Brooklyn,Water,98
2022-04-13,Manhattan,Housing,263
2022-04-13,Manhattan,Noise,703
2022-04-13,Manhattan,Other,266
2022-04-13,Manhattan,Public Safety,191
2022-04-13,Manhattan,Sanitation,78
2022-04-13,Manhattan,Street Condition,139
2022-04-13,Manhattan,Traffic,217
2022-04-13,Manhattan,Water,48
2022-04-13,Queens,Housing,148
2022-04-13,Queens,Noise,318
2022-04-13,Queens,Other,243
2022-04-13,Queens,Public Safety,63
2022-04-13,Queens,Sanitation,98
2022-04-13,Queens,Street Condition,288
2022-04-13,Queens,Traffic,712
2022-04-13,Queens,Water,96
2022-04-13,Staten Island,Housing,35
2022-04-13,Staten Island,Noise,36
2022-04-13,Staten Island,Other,46
2022-04-13,Staten Island,Public Safety,15
2022-04-13,Staten Island,Sanitation,74
2022-04-13,Staten Island,Street Condition,101
2022-04-13,Staten Island,Traffic,48
2022-04-13,Staten Island,Water,35
2022-04-14,Bronx,Housing,418
2022-04-14,Bronx,Noise,470
2022-04-14,Bronx,Other,107
2022-04-14,Bronx,Public Safety,20
2022-04-14,Bronx,Sanitation,68
2022-04-14,Bronx,Street Condition,117
2022-04-14,Bronx,Traffic,354
2022-04-14,Bronx,Water,44
2022-04-14,Brooklyn,Housing,407
2022-04-14,Brooklyn,Noise,424
2022-04-14,Brooklyn,Other,286
2022-04-14,Brooklyn,Public Safety,75
2022-04-14,Brooklyn,Sanitation,217
2022-04-14,Brooklyn,Street Condition,228
2022-04-14,Brooklyn,Traffic,623
2022-04-14,Brooklyn,Water,105
2022-04-14,Manhattan,Housing,269
2022-04-14,Manhattan,Noise,536
2022-04-14,Manhattan,Other,255
2022-04-14,Manhattan,Public Safety,191
2022-04-14,Manhattan,Sanitation,88
2022-04-14,Manhattan,Street Condition,95
2022-04-14,Manhattan,Traffic,205
2022-04-14,Manhattan,Water,42
2022-04-14,Queens,Housing,229
2022-04-14,Queens,Noise,289
2022-04-14,Queens,Other,252
2022-04-14,Queens,Public Safety,74
2022-04-14,Queens,Sanitation,113
2022-04-14,Queens,Street Condition,269
2022-04-14,Queens,Traffic,645
2022-04-14,Queens,Water,82
2022-04-14,Staten Island,Housing,46
2022-04-14,Staten Island,Noise,46
2022-04-14,Staten Island,Other,47
2022-04-14,Staten Island,Public Safety,4
2022-04-14,Staten Island,Sanitation,50
2022-04-14,Staten Island,Street Condition,85
2022-04-14,Staten Island,Traffic,65
2022-04-14,Staten Island,Water,44
2022-04-15,Bronx,Housing,379
2022-04-15,Bronx,Noise,508
2022-04-15,Bronx,Other,95
2022-04-15,Bronx,Public Safety,20
2022-04-15,Bronx,Sanitation,64
2022-04-15,Bronx,Street Condition,73
2022-04-15,Bronx,Traffic,278
2022-04-15,Bronx,Water,48
2022-04-15,Brooklyn,Housing,305
2022-04-15,Brooklyn,Noise,491
2022-04-15,Brooklyn,Other,275
2022-04-15,Brooklyn,Public Safety,68
2022-04-15,Brooklyn,Sanitation,147
2022-04-15,Brooklyn,Street Condition,135
2022-04-15,Brooklyn,Traffic,552
2022-04-15,Brooklyn,Water,72
2022-04-15,Manhattan,Housing,239
2022-04-15,Manhattan,Noise,667
2022-04-15,Manhattan,Other,227
2022-04-15,Manhattan,Public Safety,194
2022-04-15,Manhattan,Sanitation,59
2022-04-15,Manhattan,Street Condition,70
2022-04-15,Manhattan,Traffic,202
2022-04-15,Manhattan,Water,29
2022-04-15,Queens,Housing,126
2022-04-15,Queens,Noise,372
2022-04-15,Queens,Other,221
2022-04-15,Queens,Public Safety,57
2022-04-15,Queens,Sanitation,121
2022-04-15,Queens,Street Condition,225
2022-04-15,Queens,Traffic,600
2022-04-15,Queens,Water,108
2022-04-15,Staten Island,Housing,18
2022-04-15,Staten Island,Noise,36
2022-04-15,Staten Island,Other,36
2022-04-15,Staten Island,Public Safety,5
2022-04-15,Staten Island,Sanitation,70
2022-04-15,Staten Island,Street Condition,46
2022-04-15,Staten Island,Traffic,58
2022-04-15,Staten Island,Water,37
2022-04-16,Bronx,Housing,294
2022-04-16,Bronx,Noise,563
2022-04-16,Bronx,Other,74
2022-04-16,Bronx,Public Safety,21
2022-04-16,Bronx,Sanitation,38
2022-04-16,Bronx,Street Condition,51
2022-04-16,Bronx,Traffic,313
2022-04-16,Bronx,Water,52
2022-04-16,Brooklyn,Housing,272
2022-04-16,Brooklyn,Noise,517
2022-04-16,Brooklyn,Other,152
2022-04-16,Brooklyn,Public Safety,59
2022-04-16,Brooklyn,Sanitation,122
2022-04-16,Brooklyn,Street Condition,83
2022-04-16,Brooklyn,Traffic,502
2022-04-16,Brooklyn,Water,64
2022-04-16,Manhattan,Housing,203
2022-04-16,Manhattan,Noise,681
2022-04-16,Manhattan,Other,162
2022-04-16,Manhattan,Public Safety,153
2022-04-16,Manhattan,Sanitation,71
2022-04-16,Manhattan,Street Condition,52
2022-04-16,Manhattan,Traffic,132
2022-04-16,Manhattan,Water,18
2022-04-16,Queens,Housing,147
2022-04-16,Queens,Noise,433
2022-04-16,Queens,Other,143
2022-04-16,Queens,Public Safety,49
2022-04-16,Queens,Sanitation,117
2022-04-16,Queens,Street Condition,126
2022-04-16,Queens,Traffic,538
2022-04-16,Queens,Water,62
2022-04-16,Staten Island,Housing,9
2022-04-16,Staten Island,Noise,65
2022-04-16,Staten Island,Other,37
2022-04-16,Staten Island,Public Safety,3
2022-04-16,Staten Island,Sanitation,55
2022-04-16,Staten Island,Street Condition,46
2022-04-16,Staten Island,Traffic,50
2022-04-16,Staten Island,Water,16
2022-04-17,Bronx,Housing,387
2022-04-17,Bronx,Noise,452
2022-04-17,Bronx,Other,66
2022-04-17,Bronx,Public Safety,18
2022-04-17,Bronx,Sanitation,34
2022-04-17,Bronx,Street Condition,50
2022-04-17,Bronx,Traffic,258
2022-04-17,Bronx,Water,20
2022-04-17,Brooklyn,Housing,327
2022-04-17,Brooklyn,Noise,491
2022-04-17,Brooklyn,Other,125
2022-04-17,Brooklyn,Public Safety,61
2022-04-17,Brooklyn,Sanitation,88
2022-04-17,Brooklyn,Street Condition,80
2022-04-17,Brooklyn,Traffic,518
2022-04-17,Brooklyn,Water,34
2022-04-17,Manhattan,Housing,348
2022-04-17,Manhattan,Noise,430
2022-04-17,Manhattan,Other,136
2022-04-17,Manhattan,Public Safety,86
2022-04-17,Manhattan,Sanitation,51
2022-04-17,Manhattan,Street Condition,52
2022-04-17,Manhattan,Traffic,113
2022-04-17,Manhattan,Water,22
2022-04-17,Queens,Housing,179
2022-04-17,Queens,Noise,451
2022-04-17,Queens,Other,144
2022-04-17,Queens,Public Safety,55
2022-04-17,Queens,Sanitation,69
2022-04-17,Queens,Street Condition,74
2022-04-17,Queens,Traffic,515
2022-04-17,Queens,Water,44
2022-04-17,Staten Island,Housing,16
2022-04-17,Staten Island,Noise,31
2022-04-17,Staten Island,Other,22
2022-04-17,Staten Island,Public Safety,2
2022-04-17,Staten Island,Sanitation,43
2022-04-17,Staten Island,Street Condition,20
2022-04-17,Staten Island,Traffic,50
2022-04-17,Staten Island,Water,6
2022-04-18,Bronx,Housing,728
2022-04-18,Bronx,Noise,237
2022-04-18,Bronx,Other,114
2022-04-18,Bronx,Public Safety,30
2022-04-18,Bronx,Sanitation,56
2022-04-18,Bronx,Street Condition,188
2022-04-18,Bronx,Traffic,297
2022-04-18,Bronx,Water,68
2022-04-18,Brooklyn,Housing,588
2022-04-18,Brooklyn,Noise,261
2022-04-18,Brooklyn,Other,246
2022-04-18,Brooklyn,Public Safety,61
2022-04-18,Brooklyn,Sanitation,149
2022-04-18,Brooklyn,Street Condition,212
2022-04-18,Brooklyn,Traffic,517
2022-04-18,Brooklyn,Water,106
2022-04-18,Manhattan,Housing,465
2022-04-18,Manhattan,Noise,286
2022-04-18,Manhattan,Other,249
2022-04-18,Manhattan,Public Safety,205
2022-04-18,Manhattan,Sanitation,99
2022-04-18,Manhattan,Street Condition,115
2022-04-18,Manhattan,Traffic,170
2022-04-18,Manhattan,Water,41
2022-04-18,Queens,Housing,280
2022-04-18,Queens,Noise,218
2022-04-18,Queens,Other,225
2022-04-18,Queens,Public Safety,47
2022-04-18,Queens,Sanitation,109
2022-04-18,Queens,Street Condition,295
2022-04-18,Queens,Traffic,597
2022-04-18,Queens,Water,166
2022-04-18,Staten Island,Housing,23
2022-04-18,Staten Island,Noise,21
2022-04-18,Staten Island,Other,47
2022-04-18,Staten Island,Public Safety,7
2022-04-18,Staten Island,Sanitation,82
2022-04-18,Staten Island,Street Condition,117
2022-04-18,Staten Island,Traffic,55
2022-04-18,Staten Island,Water,30
2022-04-19,Bronx,Housing,950
2022-04-19,Bronx,Noise,224
2022-04-19,Bronx,Other,126
2022-04-19,Bronx,Public Safety,32
2022-04-19,Bronx,Sanitation,61
2022-04-19,Bronx,Street Condition,208
2022-04-19,Bronx,Traffic,306
2022-04-19,Bronx,Water,164
2022-04-19,Brooklyn,Housing,621
2022-04-19,Brooklyn,Noise,288
2022-04-19,Brooklyn,Other,253
2022-04-19,Brooklyn,Public Safety,80
2022-04-19,Brooklyn,Sanitation,157
2022-04-19,Brooklyn,Street Condition,319
2022-04-19,Brooklyn,Traffic,573
2022-04-19,Brooklyn,Water,196
2022-04-19,Manhattan,Housing,421
2022-04-19,Manhattan,Noise,333
2022-04-19,Manhattan,Other,202
2022-04-19,Manhattan,Public Safety,143
2022-04-19,Manhattan,Sanitation,88
2022-04-19,Manhattan,Street Condition,173
2022-04-19,Manhattan,Traffic,173
2022-04-19,Manhattan,Water,87
2022-04-19,Queens,Housing,329
2022-04-19,Queens,Noise,206
2022-04-19,Queens,Other,232
2022-04-19,Queens,Public Safety,57
2022-04-19,Queens,Sanitation,115
2022-04-19,Queens,Street Condition,292
2022-04-19,Queens,Traffic,552
2022-04-19,Queens,Water,153
2022-04-19,Staten Island,Housing,37
2022-04-19,Staten Island,Noise,24
2022-04-19,Staten Island,Other,58
2022-04-19,Staten Island,Public Safety,6
2022-04-19,Staten Island,Sanitation,73
2022-04-19,Staten Island,Street Condition,78
2022-04-19,Staten Island,Traffic,41
2022-04-19,Staten Island,Water,85
2022-04-20,Bronx,Housing,585
2022-04-20,Bronx,Noise,280
2022-04-20,Bronx,Other,115
2022-04-20,Bronx,Public Safety,32
2022-04-20,Bronx,Sanitation,70
2022-04-20,Bronx,Street Condition,153
2022-04-20,Bronx,Traffic,317
2022-04-20,Bronx,Water,59
2022-04-20,Brooklyn,Housing,552
2022-04-20,Brooklyn,Noise,402
2022-04-20,Brooklyn,Other,375
2022-04-20,Brooklyn,Public Safety,74
2022-04-20,Brooklyn,Sanitation,171
2022-04-20,Brooklyn,Street Condition,200
2022-04-20,Brooklyn,Traffic,605
2022-04-20,Brooklyn,Water,82
2022-04-20,Manhattan,Housing,378
2022-04-20,Manhattan,Noise,516
2022-04-20,Manhattan,Other,269
2022-04-20,Manhattan,Public Safety,145
2022-04-20,Manhattan,Sanitation,74
2022-04-20,Manhattan,Street Condition,127
2022-04-20,Manhattan,Traffic,182
2022-04-20,Manhattan,Water,55
2022-04-20,Queens,Housing,210
2022-04-20,Queens,Noise,280
2022-04-20,Queens,Other,233
2022-04-20,Queens,Public Safety,57
2022-04-20,Queens,Sanitation,118
2022-04-20,Queens,Street Condition,240
2022-04-20,Queens,Traffic,586
2022-04-20,Queens,Water,84
2022-04-20,Staten Island,Housing,40
2022-04-20,Staten Island,Noise,33
2022-04-20,Staten Island,Other,59
2022-04-20,Staten Island,Public Safety,4
2022-04-20,Staten Island,Sanitation,75
2022-04-20,Staten Island,Street Condition,99
2022-04-20,Staten Island,Traffic,46
2022-04-20,Staten Island,Water,33
2022-04-21,Bronx,Housing,551
2022-04-21,Bronx,Noise,615
2022-04-21,Bronx,Other,116
2022-04-21,Bronx,Public Safety,28
2022-04-21,Bronx,Sanitation,76
2022-04-21,Bronx,Street Condition,143
2022-04-21,Bronx,Traffic,331
2022-04-21,Bronx,Water,71
2022-04-21,Brooklyn,Housing,553
2022-04-21,Brooklyn,Noise,377
2022-04-21,Brooklyn,Other,232
2022-04-21,Brooklyn,Public Safety,63
2022-04-21,Brooklyn,Sanitation,198
2022-04-21,Brooklyn,Street Condition,168
2022-04-21,Brooklyn,Traffic,604
2022-04-21,Brooklyn,Water,93
2022-04-21,Manhattan,Housing,406
2022-04-21,Manhattan,Noise,401
2022-04-21,Manhattan,Other,270
2022-04-21,Manhattan,Public Safety,176
2022-04-21,Manhattan,Sanitation,72
2022-04-21,Manhattan,Street Condition,120
2022-04-21,Manhattan,Traffic,208
2022-04-21,Manhattan,Water,65
2022-04-21,Queens,Housing,224
2022-04-21,Queens,Noise,238
2022-04-21,Queens,Other,236
2022-04-21,Queens,Public Safety,56
2022-04-21,Queens,Sanitation,94
2022-04-21,Queens,Street Condition,271
2022-04-21,Queens,Traffic,570
2022-04-21,Queens,Water,67
2022-04-21,Staten Island,Housing,34
2022-04-21,Staten Island,Noise,26
2022-04-21,Staten Island,Other,52
2022-04-21,Staten Island,Public Safety,12
2022-04-21,Staten Island,Sanitation,62
2022-04-21,Staten Island,Street Condition,73
2022-04-21,Staten Island,Traffic,50
2022-04-21,Staten Island,Water,32
2022-04-22,Bronx,Housing,377
2022-04-22,Bronx,Noise,503
2022-04-22,Bronx,Other,110
2022-04-22,Bronx,Public Safety,29
2022-04-22,Bronx,Sanitation,68
2022-04-22,Bronx,Street Condition,154
2022-04-22,Bronx,Traffic,307
2022-04-22,Bronx,Water,49
2022-04-22,Brooklyn,Housing,404
2022-04-22,Brooklyn,Noise,594
2022-04-22,Brooklyn,Other,304
2022-04-22,Brooklyn,Public Safety,69
2022-04-22,Brooklyn,Sanitation,168
2022-04-22,Brooklyn,Street Condition,154
2022-04-22,Brooklyn,Traffic,578
2022-04-22,Brooklyn,Water,86
2022-04-22,Manhattan,Housing,278
2022-04-22,Manhattan,Noise,697
2022-04-22,Manhattan,Other,258
2022-04-22,Manhattan,Public Safety,159
2022-04-22,Manhattan,Sanitation,79
2022-04-22,Manhattan,Street Condition,97
2022-04-22,Manhattan,Traffic,170
2022-04-22,Manhattan,Water,28
2022-04-22,Queens,Housing,167
2022-04-22,Queens,Noise,416
2022-04-22,Queens,Other,209
2022-04-22,Queens,Public Safety,53
2022-04-22,Queens,Sanitation,86
2022-04-22,Queens,Street Condition,172
2022-04-22,Queens,Traffic,526
2022-04-22,Queens,Water,86
2022-04-22,Staten Island,Housing,37
2022-04-22,Staten Island,Noise,48
2022-04-22,Staten Island,Other,66
2022-04-22,Staten Island,Public Safety,7
2022-04-22,Staten Island,Sanitation,69
2022-04-22,Staten Island,Street Condition,76
2022-04-22,Staten Island,Traffic,58
2022-04-22,Staten Island,Water,28
2022-04-23,Bronx,Housing,245
2022-04-23,Bronx,Noise,1209
2022-04-23,Bronx,Other,61
2022-04-23,Bronx,Public Safety,25
2022-04-23,Bronx,Sanitation,58
2022-04-23,Bronx,Street Condition,53
2022-04-23,Bronx,Traffic,316
2022-04-23,Bronx,Water,33
2022-04-23,Brooklyn,Housing,254
2022-04-23,Brooklyn,Noise,760
2022-04-23,Brooklyn,Other,184
2022-04-23,Brooklyn,Public Safety,66
2022-04-23,Brooklyn,Sanitation,122
2022-04-23,Brooklyn,Street Condition,110
2022-04-23,Brooklyn,Traffic,567
2022-04-23,Brooklyn,Water,46
2022-04-23,Manhattan,Housing,180
2022-04-23,Manhattan,Noise,969
2022-04-23,Manhattan,Other,232
2022-04-23,Manhattan,Public Safety,133
2022-04-23,Manhattan,Sanitation,80
2022-04-23,Manhattan,Street Condition,58
2022-04-23,Manhattan,Traffic,199
2022-04-23,Manhattan,Water,30
2022-04-23,Queens,Housing,116
2022-04-23,Queens,Noise,662
2022-04-23,Queens,Other,177
2022-04-23,Queens,Public Safety,44
2022-04-23,Queens,Sanitation,92
2022-04-23,Queens,Street Condition,95
2022-04-23,Queens,Traffic,577
2022-04-23,Queens,Water,52
2022-04-23,Staten Island,Housing,22
2022-04-23,Staten Island,Noise,78
2022-04-23,Staten Island,Other,28
2022-04-23,Staten Island,Public Safety,8
2022-04-23,Staten Island,Sanitation,50
2022-04-23,Staten Island,Street Condition,28
2022-04-23,Staten Island,Traffic,55
2022-04-23,Staten Island,Water,16
2022-04-24,Bronx,Housing,231
2022-04-24,Bronx,Noise,756
2022-04-24,Bronx,Other,70
2022-04-24,Bronx,Public Safety,24
2022-04-24,Bronx,Sanitation,58
2022-04-24,Bronx,Street Condition,44
2022-04-24,Bronx,Traffic,309
2022-04-24,Bronx,Water,24
2022-04-24,Brooklyn,Housing,278
2022-04-24,Brooklyn,Noise,605
2022-04-24,Brooklyn,Other,191
2022-04-24,Brooklyn,Public Safety,50
2022-04-24,Brooklyn,Sanitation,146
2022-04-24,Brooklyn,Street Condition,110
2022-04-24,Brooklyn,Traffic,712
2022-04-24,Brooklyn,Water,66
2022-04-24,Manhattan,Housing,232
2022-04-24,Manhattan,Noise,705
2022-04-24,Manhattan,Other,199
2022-04-24,Manhattan,Public Safety,93
2022-04-24,Manhattan,Sanitation,87
2022-04-24,Manhattan,Street Condition,67
2022-04-24,Manhattan,Traffic,146
2022-04-24,Manhattan,Water,48
2022-04-24,Queens,Housing,128
2022-04-24,Queens,Noise,594
2022-04-24,Queens,Other,164
2022-04-24,Queens,Public Safety,46
2022-04-24,Queens,Sanitation,98
2022-04-24,Queens,Street Condition,118
2022-04-24,Queens,Traffic,708
2022-04-24,Queens,Water,55
2022-04-24,Staten Island,Housing,19
2022-04-24,Staten Island,Noise,75
2022-04-24,Staten Island,Other,40
2022-04-24,Staten Island,Public Safety,2
2022-04-24,Staten Island,Sanitation,47
2022-04-24,Staten Island,Street Condition,17
2022-04-24,Staten Island,Traffic,48
2022-04-24,Staten Island,Water,9
2022-04-25,Bronx,Housing,564
2022-04-25,Bronx,Noise,274
2022-04-25,Bronx,Other,123
2022-04-25,Bronx,Public Safety,31
2022-04-25,Bronx,Sanitation,83
2022-04-25,Bronx,Street Condition,151
2022-04-25,Bronx,Traffic,389
2022-04-25,Bronx,Water,54
2022-04-25,Brooklyn,Housing,503
2022-04-25,Brooklyn,Noise,317
2022-04-25,Brooklyn,Other,296
2022-04-25,Brooklyn,Public Safety,92
2022-04-25,Brooklyn,Sanitation,221
2022-04-25,Brooklyn,Street Condition,234
2022-04-25,Brooklyn,Traffic,739
2022-04-25,Brooklyn,Water,99
2022-04-25,Manhattan,Housing,432
2022-04-25,Manhattan,Noise,375
2022-04-25,Manhattan,Other,275
2022-04-25,Manhattan,Public Safety,181
2022-04-25,Manhattan,Sanitation,103
2022-04-25,Manhattan,Street Condition,134
2022-04-25,Manhattan,Traffic,233
2022-04-25,Manhattan,Water,65
2022-04-25,Queens,Housing,263
2022-04-25,Queens,Noise,319
2022-04-25,Queens,Other,288
2022-04-25,Queens,Public Safety,64
2022-04-25,Queens,Sanitation,113
2022-04-25,Queens,Street Condition,287
2022-04-25,Queens,Traffic,649
2022-04-25,Queens,Water,121
2022-04-25,Staten Island,Housing,42
2022-04-25,Staten Island,Noise,38
2022-04-25,Staten Island,Other,60
2022-04-25,Staten Island,Public Safety,10
2022-04-25,Staten Island,Sanitation,64
2022-04-25,Staten Island,Street Condition,68
2022-04-25,Staten Island,Traffic,71
2022-04-25,Staten Island,Water,34
2022-04-26,Bronx,Housing,592
2022-04-26,Bronx,Noise,247
2022-04-26,Bronx,Other,120
2022-04-26,Bronx,Public Safety,33
2022-04-26,Bronx,Sanitation,86
2022-04-26,Bronx,Street Condition,119
2022-04-26,Bronx,Traffic,373
2022-04-26,Bronx,Water,62
2022-04-26,Brooklyn,Housing,555
2022-04-26,Brooklyn,Noise,295
2022-04-26,Brooklyn,Other,288
2022-04-26,Brooklyn,Public Safety,74
2022-04-26,Brooklyn,Sanitation,207
2022-04-26,Brooklyn,Street Condition,216
2022-04-26,Brooklyn,Traffic,664
2022-04-26,Brooklyn,Water,86
2022-04-26,Manhattan,Housing,355
2022-04-26,Manhattan,Noise,355
2022-04-26,Manhattan,Other,260
2022-04-26,Manhattan,Public Safety,198
2022-04-26,Manhattan,Sanitation,101
2022-04-26,Manhattan,Street Condition,128
2022-04-26,Manhattan,Traffic,222
2022-04-26,Manhattan,Water,51
2022-04-26,Queens,Housing,273
2022-04-26,Queens,Noise,264
2022-04-26,Queens,Other,235
2022-04-26,Queens,Public Safety,70
2022-04-26,Queens,Sanitation,137
2022-04-26,Queens,Street Condition,273
2022-04-26,Queens,Traffic,583
2022-04-26,Queens,Water,83
2022-04-26,Staten Island,Housing,49
2022-04-26,Staten Island,Noise,34
2022-04-26,Staten Island,Other,62
2022-04-26,Staten Island,Public Safety,6
2022-04-26,Staten Island,Sanitation,56
2022-04-26,Staten Island,Street Condition,117
2022-04-26,Staten Island,Traffic,62
2022-04-26,Staten Island,Water,40
2022-04-27,Bronx,Housing,603
2022-04-27,Bronx,Noise,253
2022-04-27,Bronx,Other,132
2022-04-27,Bronx,Public Safety,28
2022-04-27,Bronx,Sanitation,81
2022-04-27,Bronx,Street Condition,160
2022-04-27,Bronx,Traffic,349
2022-04-27,Bronx,Water,40
2022-04-27,Brooklyn,Housing,533
2022-04-27,Brooklyn,Noise,250
2022-04-27,Brooklyn,Other,289
2022-04-27,Brooklyn,Public Safety,66
2022-04-27,Brooklyn,Sanitation,193
2022-04-27,Brooklyn,Street Condition,257
2022-04-27,Brooklyn,Traffic,719
2022-04-27,Brooklyn,Water,78
2022-04-27,Manhattan,Housing,393
2022-04-27,Manhattan,Noise,339
2022-04-27,Manhattan,Other,237
2022-04-27,Manhattan,Public Safety,134
2022-04-27,Manhattan,Sanitation,71
2022-04-27,Manhattan,Street Condition,133
2022-04-27,Manhattan,Traffic,226
2022-04-27,Manhattan,Water,53
2022-04-27,Queens,Housing,269
2022-04-27,Queens,Noise,291
2022-04-27,Queens,Other,282
2022-04-27,Queens,Public Safety,70
2022-04-27,Queens,Sanitation,131
2022-04-27,Queens,Street Condition,299
2022-04-27,Queens,Traffic,604
2022-04-27,Queens,Water,81
2022-04-27,Staten Island,Housing,43
2022-04-27,Staten Island,Noise,24
2022-04-27,Staten Island,Other,64
2022-04-27,Staten Island,Public Safety,4
2022-04-27,Staten Island,Sanitation,69
2022-04-27,Staten Island,Street Condition,98
2022-04-27,Staten Island,Traffic,53
2022-04-27,Staten Island,Water,31
2022-04-28,Bronx,Housing,671
2022-04-28,Bronx,Noise,217
2022-04-28,Bronx,Other,142
2022-04-28,Bronx,Public Safety,20
2022-04-28,Bronx,Sanitation,80
2022-04-28,Bronx,Street Condition,165
2022-04-28,Bronx,Traffic,371
2022-04-28,Bronx,Water,60
2022-04-28,Brooklyn,Housing,641
2022-04-28,Brooklyn,Noise,340
2022-04-28,Brooklyn,Other,303
2022-04-28,Brooklyn,Public Safety,63
2022-04-28,Brooklyn,Sanitation,186
2022-04-28,Brooklyn,Street Condition,219
2022-04-28,Brooklyn,Traffic,747
2022-04-28,Brooklyn,Water,86
2022-04-28,Manhattan,Housing,477
2022-04-28,Manhattan,Noise,371
2022-04-28,Manhattan,Other,265
2022-04-28,Manhattan,Public Safety,155
2022-04-28,Manhattan,Sanitation,74
2022-04-28,Manhattan,Street Condition,114
2022-04-28,Manhattan,Traffic,235
2022-04-28,Manhattan,Water,34
2022-04-28,Queens,Housing,252
2022-04-28,Queens,Noise,278
2022-04-28,Queens,Other,260
2022-04-28,Queens,Public Safety,60
2022-04-28,Queens,Sanitation,96
2022-04-28,Queens,Street Condition,277
2022-04-28,Queens,Traffic,563
2022-04-28,Queens,Water,77
2022-04-28,Staten Island,Housing,45
2022-04-28,Staten Island,Noise,28
2022-04-28,Staten Island,Other,70
2022-04-28,Staten Island,Public Safety,2
2022-04-28,Staten Island,Sanitation,61
2022-04-28,Staten Island,Street Condition,104
2022-04-28,Staten Island,Traffic,70
2022-04-28,Staten Island,Water,28
2022-04-29,Bronx,Housing,471
2022-04-29,Bronx,Noise,649
2022-04-29,Bronx,Other,118
2022-04-29,Bronx,Public Safety,18
2022-04-29,Bronx,Sanitation,70
2022-04-29,Bronx,Street Condition,139
2022-04-29,Bronx,Traffic,388
2022-04-29,Bronx,Water,43
2022-04-29,Brooklyn,Housing,449
2022-04-29,Brooklyn,Noise,434
2022-04-29,Brooklyn,Other,316
2022-04-29,Brooklyn,Public Safety,46
2022-04-29,Brooklyn,Sanitation,190
2022-04-29,Brooklyn,Street Condition,243
2022-04-29,Brooklyn,Traffic,769
2022-04-29,Brooklyn,Water,76
2022-04-29,Manhattan,Housing,306
2022-04-29,Manhattan,Noise,591
2022-04-29,Manhattan,Other,274
2022-04-29,Manhattan,Public Safety,155
2022-04-29,Manhattan,Sanitation,82
2022-04-29,Manhattan,Street Condition,114
2022-04-29,Manhattan,Traffic,251
2022-04-29,Manhattan,Water,28
2022-04-29,Queens,Housing,235
2022-04-29,Queens,Noise,369
2022-04-29,Queens,Other,212
2022-04-29,Queens,Public Safety,65
2022-04-29,Queens,Sanitation,126
2022-04-29,Queens,Street Condition,267
2022-04-29,Queens,Traffic,616
2022-04-29,Queens,Water,98
2022-04-29,Staten Island,Housing,40
2022-04-29,Staten Island,Noise,27
2022-04-29,Staten Island,Other,52
2022-04-29,Staten Island,Public Safety,10
2022-04-29,Staten Island,Sanitation,74
2022-04-29,Staten Island,Street Condition,87
2022-04-29,Staten Island,Traffic,53
2022-04-29,Staten Island,Water,33
2022-04-30,Bronx,Housing,307
2022-04-30,Bronx,Noise,753
2022-04-30,Bronx,Other,81
2022-04-30,Bronx,Public Safety,27
2022-04-30,Bronx,Sanitation,58
2022-04-30,Bronx,Street Condition,50
2022-04-30,Bronx,Traffic,350
2022-04-30,Bronx,Water,27
2022-04-30,Brooklyn,Housing,270
2022-04-30,Brooklyn,Noise,774
2022-04-30,Brooklyn,Other,208
2022-04-30,Brooklyn,Public Safety,55
2022-04-30,Brooklyn,Sanitation,150
2022-04-30,Brooklyn,Street Condition,75
2022-04-30,Brooklyn,Traffic,602
2022-04-30,Brooklyn,Water,67
2022-04-30,Manhattan,Housing,212
2022-04-30,Manhattan,Noise,959
2022-04-30,Manhattan,Other,186
2022-04-30,Manhattan,Public Safety,160
2022-04-30,Manhattan,Sanitation,85
2022-04-30,Manhattan,Street Condition,58
2022-04-30,Manhattan,Traffic,230
2022-04-30,Manhattan,Water,21
2022-04-30,Queens,Housing,156
2022-04-30,Queens,Noise,649
2022-04-30,Queens,Other,167
2022-04-30,Queens,Public Safety,68
2022-04-30,Queens,Sanitation,78
2022-04-30,Queens,Street Condition,133
2022-04-30,Queens,Traffic,617
2022-04-30,Queens,Water,69
2022-04-30,Staten Island,Housing,20
2022-04-30,Staten Island,Noise,76
2022-04-30,Staten Island,Other,40
2022-04-30,Staten Island,Public Safety,13
2022-04-30,Staten Island,Sanitation,41
2022-04-30,Staten Island,Street Condition,42
2022-04-30,Staten Island,Traffic,51
2022-04-30,Staten Island,Water,14
