STATION,DATE,ACMC,ACMH,ACSC,ACSH,ADPT,ASLP,ASTP,AWBT,AWDR,AWND,DAEV,DAPR,DASF,DATN,DATX,DAWM,DWPR,EVAP,FMTM,FRGB,FRGT,FRTH,GAHT,MDEV,MDPR,MDSF,MDTN,MDTX,MDWM,MNPN,MXPN,PGTM,PRCP,PSUN,RHAV,RHMN,RHMX,SN01,SN02,SN03,SN11,SN12,SN13,SN14,SN21,SN22,SN23,SN31,SN32,SN33,SN34,SN35,SN36,SN51,SN52,SN53,SN54,SN55,SN56,SN57,SN61,SN72,SN81,SN82,SN83,SNOW,SNWD,SX01,SX02,SX03,SX11,SX12,SX13,SX14,SX15,SX17,SX21,SX22,SX23,SX31,SX32,SX33,SX34,SX35,SX36,SX51,SX52,SX53,SX54,SX55,SX56,SX57,SX61,SX72,SX81,SX82,SX83,TAVG,TAXN,THIC,TMAX,TMIN,TOBS,TSUN,WDF1,WDF2,WDF5,WDFG,WDFI,WDFM,WDMV,WESD,WESF,WSF1,WSF2,WSF5,WSFG,WSFI,WSFM,WT01,WT02,WT03,WT04,WT05,WT06,WT07,WT08,WT09,WT10,WT11,WT12,WT13,WT14,WT15,WT16,WT17,WT18,WT19,WT21,WT22,WV01,WV03,WV07,WV18,WV20,alt,station_info,station_name,time
USW00094728,1/1/2022,,,,,10.6,1007.8,1002.7,11.1,,1.4,,,,,,,,,,,,,,,,,,,,,,,20.1,,94,86,97,,,,,,,,,,,,,,,,,,,,,,,,,,,,,0,0,,,,,,,,,,,,,,,,,,,,,,,,,,,,,,,,,,13.3,10,,,,60,60,,,,,,,,4.5,6.7,,,,1,,,,,,,,,,,,,,,,,,,,,,,,,,,,,
USW00094728,1/2/2022,,,,,7.2,1005.4,999.3,8.3,,2.6,,,,,,,,,,,,,,,,,,,,,,,1,,83,65,97,,,,,,,,,,,,,,,,,,,,,,,,,,,,,0,0,,,,,,,,,,,,,,,,,,,,,,,,,,,,,,,,,,15,2.8,,,,300,300,,,,,,,,8.1,13.4,,,,1,,,,,,,,,,,,,,,,,,,,,,,,,,,,,
USW00094728,1/3/2022,,,,,-11.1,1019.6,1014.6,-4.4,,4.4,,,,,,,,,,,,,,,,,,,,,,,0,,50,34,64,,,,,,,,,,,,,,,,,,,,,,,,,,,,,0,0,,,,,,,,,,,,,,,,,,,,,,,,,,,,,,,,,,2.8,-5.5,,,,350,360,,,,,,,,8.1,13,,,,,,,,,,,,,,,,,,,,,,,,,,,,,,,,,
USW00094728,1/4/2022,,,,,-12.2,1027.8,1023,-5.6,,2.7,,,,,,,,,,,,,,,,,,,,,,,0,,49,40,62,,,,,,,,,,,,,,,,,,,,,,,,,,,,,0,0,,,,,,,,,,,,,,,,,,,,,,,,,,,,,,,,,,1.1,-7.1,,,,300,290,,,,,,,,6.3,10.3,,,,,,,,,,,,,,,,,,,,,,,,,,,,,,,,,
USW00094728,1/5/2022,,,,,0.6,1013.2,1008.8,2.8,,2.5,,,,,,,,,,,,,,,,,,,,,,,5.8,,80,47,96,,,,,,,,,,,,,,,,,,,,,,,,,,,,,0,0,,,,,,,,,,,,,,,,,,,,,,,,,,,,,,,,,,8.3,-0.5,,,,220,240,,,,,,,,6.7,10.3,,,,1,,,,,1,,,,,,,,,,,,,,,,,,,,,,,,
USW00094728,1/6/2022,,,,,-7.2,1011.5,1006.4,-0.6,,2.9,,,,,,,,,,,,,,,,,,,,,,,0,,49,36,79,,,,,,,,,,,,,,,,,,,,,,,,,,,,,0,0,,,,,,,,,,,,,,,,,,,,,,,,,,,,,,,,,,5,1.1,,,,280,270,,,,,,,,7.6,12.1,,,,,,,,,,,,,,,,,,,,,,,,,,,,,,,,,
USW00094728,1/7/2022,,,,,-7.2,1012.5,1005.8,-3.3,,3.9,,,,,,,,,,,,,,,,,,,,,,,9.7,,67,45,96,,,,,,,,,,,,,,,,,,,,,,,,,,,,,147,150,,,,,,,,,,,,,,,,,,,,,,,,,,,,,,,,,,1.1,-3.8,,,,30,270,,,,,,,,8.1,13,,,,1,1,,,,,,1,,,,,,,,,,,,,,,,,,,,,,
USW00094728,1/8/2022,,,,,-13.9,1033.2,1027.8,-6.1,,2.7,,,,,,,,,,,,,,,,,,,,,,,0,,44,33,57,,,,,,,,,,,,,,,,,,,,,,,,,,,,,0,80,,,,,,,,,,,,,,,,,,,,,,,,,,,,,,,,,,-1,-6.6,,,,310,330,,,,,,,,7.2,13.4,,,,,,,,,,,,,,,,,,,,,,,,,,,,,,,,,
USW00094728,1/9/2022,,,,,-2.8,1022,1015.9,0.6,,3.8,,,,,,,,,,,,,,,,,,,,,,,2.5,,72,43,89,,,,,,,,,,,,,,,,,,,,,,,,,,,,,0,80,,,,,,,,,,,,,,,,,,,,,,,,,,,,,,,,,,4.4,-1.6,,,,240,220,,,,,,,,7.2,10.7,,,,1,,,,,,,,,,,,,,,,,,,,,,,,,,,,,
USW00094728,1/10/2022,,,,,-11.7,1019.3,1014.2,-4.4,,3.8,,,,,,,,,,,,,,,,,,,,,,,0,,45,34,73,,,,,,,,,,,,,,,,,,,,,,,,,,,,,0,0,,,,,,,,,,,,,,,,,,,,,,,,,,,,,,,,,,4.4,-4.3,,,,300,300,,,,,,,,10.3,16.1,,,,,,,,,,,,,,,,,,,,,,,,,,,,,,,,,
USW00094728,1/11/2022,,,,,-18.3,1031.5,1024.7,-10,,3.3,,,,,,,,,,,,,,,,,,,,,,,0,,39,32,60,,,,,,,,,,,,,,,,,,,,,,,,,,,,,0,0,,,,,,,,,,,,,,,,,,,,,,,,,,,,,,,,,,-4.3,-9.3,,,,300,300,,,,,,,,8.1,13,,,,1,,,,,,,,,,,,,,,,,,,,,,,,,,,,,
USW00094728,1/12/2022,,,,,-10,1022,1016.9,-3.3,,2.7,,,,,,,,,,,,,,,,,,,,,,,0,,48,43,54,,,,,,,,,,,,,,,,,,,,,,,,,,,,,0,0,,,,,,,,,,,,,,,,,,,,,,,,,,,,,,,,,,4.4,-6.6,,,,210,200,,,,,,,,7.6,13,,,,,,,,,,,,,,,,,,,,,,,,,,,,,,,,,
USW00094728,1/13/2022,,,,,-2.8,1014.6,1010.2,1.7,,1.4,,,,,,,,,,,,,,,,,,,,,,,0,,60,41,73,,,,,,,,,,,,,,,,,,,,,,,,,,,,,0,0,,,,,,,,,,,,,,,,,,,,,,,,,,,,,,,,,,8.9,1.1,,,,60,70,,,,,,,,3.6,5.4,,,,,,,,,,,,,,,,,,,,,,,,,,,,,,,,,
USW00094728,1/14/2022,,,,,-3.3,1009.8,1004.7,0.6,,3.7,,,,,,,,,,,,,,,,,,,,,,,0,,66,57,83,,,,,,,,,,,,,,,,,,,,,,,,,,,,,0,0,,,,,,,,,,,,,,,,,,,,,,,,,,,,,,,,,,6.1,-6,,,,10,40,,,,,,,,9.8,14.3,,,,,,,,,,,,,,,,,,,,,,,,,,,,,,,,,
USW00094728,1/15/2022,,,,,-18.9,1024.7,1019.3,-11.1,,3.2,,,,,,,,,,,,,,,,,,,,,,,0,,43,29,62,,,,,,,,,,,,,,,,,,,,,,,,,,,,,0,0,,,,,,,,,,,,,,,,,,,,,,,,,,,,,,,,,,-6,-12.1,,,,10,20,,,,,,,,6.3,9.4,,,,,,,,,,,,,,,,,,,,,,,,,,,,,,,,,
USW00094728,1/16/2022,,,,,-11.1,1023.4,1016.6,-7.2,,3.8,,,,,,,,,,,,,,,,,,,,,,,9.4,,68,46,93,,,,,,,,,,,,,,,,,,,,,,,,,,,,,20,0,,,,,,,,,,,,,,,,,,,,,,,,,,,,,,,,,,2.8,-12.1,,,,60,40,,,,,,,,7.6,12.1,,,,1,,,,,,,,,,,,,,,,,,,,,,,,,,,,,
USW00094728,1/17/2022,,,,,-0.6,989.5,985.1,1.7,,4.5,,,,,,,,,,,,,,,,,,,,,,,29.5,,76,54,97,,,,,,,,,,,,,,,,,,,,,,,,,,,,,0,0,,,,,,,,,,,,,,,,,,,,,,,,,,,,,,,,,,6.7,1.1,,,,50,60,,,,,,,,10.7,16.1,,,,1,,,,,,,,,,,,,,,,,,,,,,,,,,,,,
USW00094728,1/18/2022,,,,,-10,1011.9,1004.1,-2.8,,4.1,,,,,,,,,,,,,,,,,,,,,,,0,,47,35,59,,,,,,,,,,,,,,,,,,,,,,,,,,,,,0,0,,,,,,,,,,,,,,,,,,,,,,,,,,,,,,,,,,2.2,-1.6,,,,300,310,,,,,,,,8.9,14.8,,,,,,,,,,,,,,,,,,,,,,,,,,,,,,,,,
USW00094728,1/19/2022,,,,,-5.6,1017.3,1012.2,1.1,,3,,,,,,,,,,,,,,,,,,,,,,,0,,49,36,61,,,,,,,,,,,,,,,,,,,,,,,,,,,,,0,0,,,,,,,,,,,,,,,,,,,,,,,,,,,,,,,,,,9.4,-2.1,,,,240,200,,,,,,,,6.7,12.1,,,,,,,,,,,,,,,,,,,,,,,,,,,,,,,,,
USW00094728,1/20/2022,,,,,-5.6,1021,1014.9,-1.1,,3,,,,,,,,,,,,,,,,,,,,,,,7.6,,63,40,92,,,,,,,,,,,,,,,,,,,,,,,,,,,,,0,0,,,,,,,,,,,,,,,,,,,,,,,,,,,,,,,,,,7.8,-5.5,,,,10,10,,,,,,,,8.1,12.1,,,,1,,,,,,,,,,,,,,,,,,,,,,,,,,,,,
USW00094728,1/21/2022,,,,,-17.8,1033.2,1028.1,-10,,3.5,,,,,,,,,,,,,,,,,,,,,,,0,,43,37,49,,,,,,,,,,,,,,,,,,,,,,,,,,,,,0,0,,,,,,,,,,,,,,,,,,,,,,,,,,,,,,,,,,-5.5,-9.9,,,,20,10,,,,,,,,7.2,11.2,,,,,,,,,,,,,,,,,,,,,,,,,,,,,,,,,
USW00094728,1/22/2022,,,,,-15,1026.4,1021.3,-7.8,,2.5,,,,,,,,,,,,,,,,,,,,,,,0,,48,37,60,,,,,,,,,,,,,,,,,,,,,,,,,,,,,0,0,,,,,,,,,,,,,,,,,,,,,,,,,,,,,,,,,,-1.6,-10.5,,,,250,30,,,,,,,,5.8,8.9,,,,,,,,,,,,,,,,,,,,,,,,,,,,,,,,,
USW00094728,1/23/2022,,,,,-11.1,1012.2,1006.4,-3.9,,2.4,,,,,,,,,,,,,,,,,,,,,,,0.5,,49,34,85,,,,,,,,,,,,,,,,,,,,,,,,,,,,,5,0,,,,,,,,,,,,,,,,,,,,,,,,,,,,,,,,,,2.8,-4.3,,,,240,230,,,,,,,,6.3,9.8,,,,1,,,,,,,1,,,,,,,,,,,,,,,,,,,,,,
USW00094728,1/24/2022,,,,,-6.7,1011.2,1006.4,-2.2,,1.9,,,,,,,,,,,,,,,,,,,,,,,0,,64,52,82,,,,,,,,,,,,,,,,,,,,,,,,,,,,,0,0,,,,,,,,,,,,,,,,,,,,,,,,,,,,,,,,,,2.2,-3.2,,,,210,210,,,,,,,,6.7,8.9,,,,,,,,,,,1,,,,,,,,,,,,,,,,,,,,,,
USW00094728,1/25/2022,,,,,-5.6,1014.6,1009.5,-0.6,,2.6,,,,,,,,,,,,,,,,,,,,,,,0,,56,43,67,,,,,,,,,,,,,,,,,,,,,,,,,,,,,0,0,,,,,,,,,,,,,,,,,,,,,,,,,,,,,,,,,,5.6,-2.1,,,,280,270,,,,,,,,5.8,8.5,,,,,,,,,,,1,,,,,,,,,,,,,,,,,,,,,,
USW00094728,1/26/2022,,,,,-17.2,1027.1,1022,-7.8,,2.8,,,,,,,,,,,,,,,,,,,,,,,0,,38,27,54,,,,,,,,,,,,,,,,,,,,,,,,,,,,,0,0,,,,,,,,,,,,,,,,,,,,,,,,,,,,,,,,,,-2.1,-6.6,,,,300,300,,,,,,,,7.2,10.3,,,,,,,,,,,,,,,,,,,,,,,,,,,,,,,,,
USW00094728,1/27/2022,,,,,-13.9,1028.4,1023,-6.1,,2.4,,,,,,,,,,,,,,,,,,,,,,,0,,45,38,54,,,,,,,,,,,,,,,,,,,,,,,,,,,,,0,0,,,,,,,,,,,,,,,,,,,,,,,,,,,,,,,,,,0,-8.2,,,,230,240,,,,,,,,6.7,8.9,,,,,,,,,,,1,,,,,,,,,,,,,,,,,,,,,,
USW00094728,1/28/2022,,,,,-5.6,1019,1014.6,-2.2,,2.1,,,,,,,,,,,,,,,,,,,,,,,3.3,,72,43,92,,,,,,,,,,,,,,,,,,,,,,,,,,,,,30,0,,,,,,,,,,,,,,,,,,,,,,,,,,,,,,,,,,0,-1.6,,,,40,30,,,,,,,,8.9,12.1,,,,1,,,,,,,1,,,,,,,,,,,,,,,,,,,,,,
USW00094728,1/29/2022,,,,,-13.3,1006.4,1001.4,-8.9,,5.6,,,,,,,,,,,,,,,,,,,,,,,19.6,,67,37,92,,,,,,,,,,,,,,,,,,,,,,,,,,,,,185,150,,,,,,,,,,,,,,,,,,,,,,,,,,,,,,,,,,-1.6,-11,,,,350,350,,,,,,,,10.3,14.3,,,,1,1,,,,,,1,,,,,,,,,,,,,,,,,,,,,,
USW00094728,1/30/2022,,,,,-17.2,1015.9,1009.5,-9.4,,3.1,,,,,,,,,,,,,,,,,,,,,,,0,,47,38,56,,,,,,,,,,,,,,,,,,,,,,,,,,,,,0,180,,,,,,,,,,,,,,,,,,,,,,,,,,,,,,,,,,-3.2,-11,,,,300,290,,,,,,,,7.6,13.4,,,,,,,,,,,,,,,,,,,,,,,,,,,,,,,,,
USW00094728,1/31/2022,,,,,-13.9,1027.4,1021.3,-6.1,,1.7,,,,,,,,,,,,,,,,,,,,,,,0,,44,37,60,,,,,,,,,,,,,,,,,,,,,,,,,,,,,0,150,,,,,,,,,,,,,,,,,,,,,,,,,,,,,,,,,,-0.5,-6,,,,60,40,,,,,,,,4.5,5.8,,,,,,,,,,,,,,,,,,,,,,,,,,,,,,,,,
USW00094728,2/1/2022,,,,,-8.3,1033.5,1028.4,-3.3,,2.3,,,,,,,,,,,,,,,,,,,,,,,0,,58,45,73,,,,,,,,,,,,,,,,,,,,,,,,,,,,,0,150,,,,,,,,,,,,,,,,,,,,,,,,,,,,,,,,,,2.2,-4.9,,,,50,50,,,,,,,,5.8,7.6,,,,,,,,,,,,,,,,,,,,,,,,,,,,,,,,,
USW00094728,2/2/2022,,,,,1.1,1029.8,1024.7,2.8,,1.3,,,,,,,,,,,,,,,,,,,,,,,0,,81,66,96,,,,,,,,,,,,,,,,,,,,,,,,,,,,,0,100,,,,,,,,,,,,,,,,,,,,,,,,,,,,,,,,,,8.3,0,,,,140,140,,,,,,,,3.6,5.4,,,,1,,,,,,,,,,,,,,,,,,,,,,,,,,,,,
USW00094728,2/3/2022,,,,,6.7,1022.4,1018.3,7.2,,1.7,,,,,,,,,,,,,,,,,,,,,,,10.7,,93,86,97,,,,,,,,,,,,,,,,,,,,,,,,,,,,,0,50,,,,,,,,,,,,,,,,,,,,,,,,,,,,,,,,,,11.1,5.6,,,,230,230,,,,,,,,5.8,8.1,,,,1,1,,,,,,,,,,,,,,,,,,,,,,,,,,,,
USW00094728,2/4/2022,,,,,1.7,1012.9,1007.5,2.8,,3,,,,,,,,,,,,,,,,,,,,,,,18.3,,89,80,93,,,,,,,,,,,,,,,,,,,,,,,,,,,,,0,0,,,,,,,,,,,,,,,,,,,,,,,,,,,,,,,,,,13.9,-3.2,,,,340,350,,,,,,,,6.3,11.2,,,,1,,,,,1,,,,,,,,,,,,,,,,,,,,,,,,
USW00094728,2/5/2022,,,,,-11.7,1025.1,1017.9,-6.7,,3.9,,,,,,,,,,,,,,,,,,,,,,,0,,58,46,84,,,,,,,,,,,,,,,,,,,,,,,,,,,,,0,0,,,,,,,,,,,,,,,,,,,,,,,,,,,,,,,,,,-2.7,-7.1,,,,300,300,,,,,,,,8.9,12.5,,,,,,,,,,,,,,,,,,,,,,,,,,,,,,,,,
USW00094728,2/6/2022,,,,,-12.2,1035.2,1029.8,-6.7,,2.1,,,,,,,,,,,,,,,,,,,,,,,0,,56,36,75,,,,,,,,,,,,,,,,,,,,,,,,,,,,,0,0,,,,,,,,,,,,,,,,,,,,,,,,,,,,,,,,,,-1,-8.2,,,,50,130,,,,,,,,4.5,6.7,,,,,,,,,,,,,,,,,,,,,,,,,,,,,,,,,
USW00094728,2/7/2022,,,,,-0.6,1024,1019,0.6,,1.6,,,,,,,,,,,,,,,,,,,,,,,3.8,,89,72,97,,,,,,,,,,,,,,,,,,,,,,,,,,,,,0,0,,,,,,,,,,,,,,,,,,,,,,,,,,,,,,,,,,2.8,-1,,,,70,60,,,,,,,,5.8,8.1,,,,1,,,,,,,1,,,,,,,,,,,,,,,,,,,,,,
USW00094728,2/8/2022,,,,,-2.8,1013.9,1008.5,0.6,,3,,,,,,,,,,,,,,,,,,,,,,,1.8,,67,49,97,,,,,,,,,,,,,,,,,,,,,,,,,,,,,0,0,,,,,,,,,,,,,,,,,,,,,,,,,,,,,,,,,,7.2,0,,,,270,300,,,,,,,,7.2,11.2,,,,1,,,,,,,,,,,,,,,,,,,,,,,,,,,,,
USW00094728,2/9/2022,,,,,-5,1016.6,1011.9,0,,1.8,,,,,,,,,,,,,,,,,,,,,,,0,,56,35,76,,,,,,,,,,,,,,,,,,,,,,,,,,,,,0,0,,,,,,,,,,,,,,,,,,,,,,,,,,,,,,,,,,7.8,-1.6,,,,180,200,,,,,,,,5.4,8.1,,,,,,,,,,,,,,,,,,,,,,,,,,,,,,,,,
USW00094728,2/10/2022,,,,,-2.8,1011.5,1006.4,3.3,,2.3,,,,,,,,,,,,,,,,,,,,,,,0,,50,28,83,,,,,,,,,,,,,,,,,,,,,,,,,,,,,0,0,,,,,,,,,,,,,,,,,,,,,,,,,,,,,,,,,,12.2,2.8,,,,280,260,,,,,,,,7.6,14.8,,,,,,,,,,,,,,,,,,,,,,,,,,,,,,,,,
USW00094728,2/11/2022,,,,,-3.9,1013.9,1009.1,3.9,,2.3,,,,,,,,,,,,,,,,,,,,,,,0,,39,26,51,,,,,,,,,,,,,,,,,,,,,,,,,,,,,0,0,,,,,,,,,,,,,,,,,,,,,,,,,,,,,,,,,,13.9,3.3,,,,190,170,,,,,,,,6.3,11.6,,,,,,,,,,,,,,,,,,,,,,,,,,,,,,,,,
USW00094728,2/12/2022,,,,,-2.8,1014.2,1008.5,5.6,,3.4,,,,,,,,,,,,,,,,,,,,,,,0,,38,27,47,,,,,,,,,,,,,,,,,,,,,,,,,,,,,0,0,,,,,,,,,,,,,,,,,,,,,,,,,,,,,,,,,,15,5.6,,,,230,220,,,,,,,,7.2,12.1,,,,,,,,,,,,,,,,,,,,,,,,,,,,,,,,,
USW00094728,2/13/2022,,,,,-5,1019.3,1014.9,-2.2,,3,,,,,,,,,,,,,,,,,,,,,,,5.8,,75,47,92,,,,,,,,,,,,,,,,,,,,,,,,,,,,,41,30,,,,,,,,,,,,,,,,,,,,,,,,,,,,,,,,,,5.6,-3.8,,,,10,10,,,,,,,,5.8,8.9,,,,1,,,,,,,1,,,,,,,,,,,,,,,,,,,,,,
USW00094728,2/14/2022,,,,,-16.7,1021.3,1016.3,-8.9,,3.9,,,,,,,,,,,,,,,,,,,,,,,0,,44,32,100,,,,,,,,,,,,,,,,,,,,,,,,,,,,,0,30,,,,,,,,,,,,,,,,,,,,,,,,,,,,,,,,,,-3.8,-8.8,,,,300,290,,,,,,,,7.6,12.5,,,,,,,,,,,,,,,,,,,,,,,,,,,,,,,,,
USW00094728,2/15/2022,,,,,-16.1,1036.2,1031.5,-7.2,,2.2,,,,,,,,,,,,,,,,,,,,,,,0,,42,28,100,,,,,,,,,,,,,,,,,,,,,,,,,,,,,0,0,,,,,,,,,,,,,,,,,,,,,,,,,,,,,,,,,,-1,-8.8,,,,230,280,,,,,,,,4.5,7.6,,,,,,,,,,,,,,,,,,,,,,,,,,,,,,,,,
USW00094728,2/16/2022,,,,,-3.9,1035.9,1030.8,1.1,,2.6,,,,,,,,,,,,,,,,,,,,,,,0,,60,39,79,,,,,,,,,,,,,,,,,,,,,,,,,,,,,0,0,,,,,,,,,,,,,,,,,,,,,,,,,,,,,,,,,,9.4,-2.1,,,,220,200,,,,,,,,6.3,11.2,,,,,,,,,,,,,,,,,,,,,,,,,,,,,,,,,
USW00094728,2/17/2022,,,,,7.2,1017.6,1011.9,10.6,,3.3,,,,,,,,,,,,,,,,,,,,,,,7.9,,64,44,90,,,,,,,,,,,,,,,,,,,,,,,,,,,,,0,0,,,,,,,,,,,,,,,,,,,,,,,,,,,,,,,,,,20,9.4,,,,230,190,,,,,,,,7.2,11.2,,,,1,,,,,,,,,,,,,,,,,,,,,,,,,,,,,
USW00094728,2/18/2022,,,,,-2.8,1007.5,1000.3,3.3,,4.3,,,,,,,,,,,,,,,,,,,,,,,8.4,,53,28,90,,,,,,,,,,,,,,,,,,,,,,,,,,,,,0,0,,,,,,,,,,,,,,,,,,,,,,,,,,,,,,,,,,17.2,-2.7,,,,300,280,,,,,,,,9.8,17.9,,,,1,,,,,,,,,,,,,,,,,,,,,,,,,,,,,
USW00094728,2/19/2022,,,,,-12.2,1016.9,1011.2,-3.9,,3.7,,,,,,,,,,,,,,,,,,,,,,,0,,42,26,59,,,,,,,,,,,,,,,,,,,,,,,,,,,,,0,0,,,,,,,,,,,,,,,,,,,,,,,,,,,,,,,,,,4.4,-4.9,,,,290,280,,,,,,,,9.4,17,,,,,,,,,,,1,,,,,,,,,,,,,,,,,,,,,,
USW00094728,2/20/2022,,,,,-13.9,1028.8,1024,-5,,3.4,,,,,,,,,,,,,,,,,,,,,,,0,,41,26,54,,,,,,,,,,,,,,,,,,,,,,,,,,,,,0,0,,,,,,,,,,,,,,,,,,,,,,,,,,,,,,,,,,2.2,-6,,,,310,310,,,,,,,,8.1,13,,,,,,,,,,,,,,,,,,,,,,,,,,,,,,,,,
USW00094728,2/21/2022,,,,,-4.4,1027.1,1022,1.1,,2,,,,,,,,,,,,,,,,,,,,,,,0,,52,29,79,,,,,,,,,,,,,,,,,,,,,,,,,,,,,0,0,,,,,,,,,,,,,,,,,,,,,,,,,,,,,,,,,,12.8,0,,,,220,190,,,,,,,,5.8,9.8,,,,,,,,,,,,,,,,,,,,,,,,,,,,,,,,,
USW00094728,2/22/2022,,,,,6.7,1022,1016.9,7.8,,2.7,,,,,,,,,,,,,,,,,,,,,,,6.6,,85,66,93,,,,,,,,,,,,,,,,,,,,,,,,,,,,,0,0,,,,,,,,,,,,,,,,,,,,,,,,,,,,,,,,,,16.1,2.8,,,,160,140,,,,,,,,7.2,11.6,,,,1,,,,,,,1,,,,,,,,,,,,,,,,,,,,,,
USW00094728,2/23/2022,,,,,4.4,1016.3,1009.8,8.9,,3.7,,,,,,,,,,,,,,,,,,,,,,,0,,60,31,81,,,,,,,,,,,,,,,,,,,,,,,,,,,,,0,0,,,,,,,,,,,,,,,,,,,,,,,,,,,,,,,,,,20,1.7,,,,270,280,,,,,,,,9.8,13.9,,,,,,,,,,,,,,,,,,,,,,,,,,,,,,,,,
USW00094728,2/24/2022,,,,,-11.7,1030.1,1025.1,-3.3,,3.4,,,,,,,,,,,,,,,,,,,,,,,0,,43,33,56,,,,,,,,,,,,,,,,,,,,,,,,,,,,,0,0,,,,,,,,,,,,,,,,,,,,,,,,,,,,,,,,,,1.7,-1.6,,,,40,290,,,,,,,,7.2,10.3,,,,,,,,,,,,,,,,,,,,,,,,,,,,,,,,,
USW00094728,2/25/2022,,,,,-3.9,1020.3,1015.2,-1.1,,3.7,,,,,,,,,,,,,,,,,,,,,,,18.8,,77,46,96,,,,,,,,,,,,,,,,,,,,,,,,,,,,,10,0,,,,,,,,,,,,,,,,,,,,,,,,,,,,,,,,,,5,-3.2,,,,60,280,,,,,,,,8.9,11.6,,,,1,,,,,1,,,,,,,,,,,,,,,,,,,,,,,,
USW00094728,2/26/2022,,,,,-11.1,1027.8,1022.7,-4.4,,3.2,,,,,,,,,,,,,,,,,,,,,,,0,,48,40,57,,,,,,,,,,,,,,,,,,,,,,,,,,,,,0,0,,,,,,,,,,,,,,,,,,,,,,,,,,,,,,,,,,2.8,-4.3,,,,300,300,,,,,,,,7.6,11.2,,,,,,,,,,,1,,,,,,,,,,,,,,,,,,,,,,
USW00094728,2/27/2022,,,,,-8.9,1015.9,1011.9,-1.1,,4.3,,,,,,,,,,,,,,,,,,,,,,,0,,43,25,63,,,,,,,,,,,,,,,,,,,,,,,,,,,,,0,0,,,,,,,,,,,,,,,,,,,,,,,,,,,,,,,,,,8.9,-2.1,,,,240,360,,,,,,,,8.9,13,,,,,,,,,,,,,,,,,,,,,,,,,,,,,,,,,
USW00094728,2/28/2022,,,,,-16.1,1023.7,1017.9,-4.4,,2.6,,,,,,,,,,,,,,,,,,,,,,,0,,30,19,54,,,,,,,,,,,,,,,,,,,,,,,,,,,,,0,0,,,,,,,,,,,,,,,,,,,,,,,,,,,,,,,,,,2.2,-3.2,,,,300,300,,,,,,,,6.7,11.2,,,,,,,,,,,,,,,,,,,,,,,,,,,,,,,,,
USW00094728,3/1/2022,,,,,-5,1019.6,1014.6,1.1,,2.6,,,,,,,,,,,,,,,,,,,,,,,0,,52,26,71,,,,,,,,,,,,,,,,,,,,,,,,,,,,,0,0,,,,,,,,,,,,,,,,,,,,,,,,,,,,,,,,,,8.9,-0.5,,,,180,200,,,,,,,,6.3,10.7,,,,,,,,,,,,,,,,,,,,,,,,,,,,,,,,,
USW00094728,3/2/2022,,,,,-2.2,1014.2,1009.5,3.3,,2.4,,,,,,,,,,,,,,,,,,,,,,,0,,51,30,68,,,,,,,,,,,,,,,,,,,,,,,,,,,,,0,0,,,,,,,,,,,,,,,,,,,,,,,,,,,,,,,,,,11.1,4.4,,,,240,250,,,,,,,,5.8,9.4,,,,,,,,,,,,,,,,,,,,,,,,,,,,,,,,,
USW00094728,3/3/2022,,,,,-10,1018.3,1012.9,-1.1,,4.3,,,,,,,,,,,,,,,,,,,,,,,0.8,,40,22,76,,,,,,,,,,,,,,,,,,,,,,,,,,,,,0,0,,,,,,,,,,,,,,,,,,,,,,,,,,,,,,,,,,8.9,-4.3,,,,300,320,,,,,,,,8.1,13.4,,,,,,,,,,,,,,,,,,,,,,,,,,,,,,,,,
USW00094728,3/4/2022,,,,,-15,1032.2,1027.1,-5,,2.4,,,,,,,,,,,,,,,,,,,,,,,0,,35,25,50,,,,,,,,,,,,,,,,,,,,,,,,,,,,,0,0,,,,,,,,,,,,,,,,,,,,,,,,,,,,,,,,,,2.8,-6,,,,240,230,,,,,,,,5.8,9.4,,,,,,,,,,,,,,,,,,,,,,,,,,,,,,,,,
USW00094728,3/5/2022,,,,,-6.7,1030.8,1025.7,0.6,,1.6,,,,,,,,,,,,,,,,,,,,,,,0,,46,31,66,,,,,,,,,,,,,,,,,,,,,,,,,,,,,0,0,,,,,,,,,,,,,,,,,,,,,,,,,,,,,,,,,,7.8,0,,,,160,130,,,,,,,,5.8,9.4,,,,,,,,,,,,,,,,,,,,,,,,,,,,,,,,,
USW00094728,3/6/2022,,,,,8.9,1016.3,1012.9,11.1,,2.4,,,,,,,,,,,,,,,,,,,,,,,1.5,,73,61,90,,,,,,,,,,,,,,,,,,,,,,,,,,,,,0,0,,,,,,,,,,,,,,,,,,,,,,,,,,,,,,,,,,20,6.1,,,,230,220,,,,,,,,6.7,10.3,,,,1,,,,,,,1,,,,,,,,,,,,,,,,,,,,,,
USW00094728,3/7/2022,,,,,10,1006.4,1002,14.4,,3.3,,,,,,,,,,,,,,,,,,,,,,,0.8,,57,38,73,,,,,,,,,,,,,,,,,,,,,,,,,,,,,0,0,,,,,,,,,,,,,,,,,,,,,,,,,,,,,,,,,,23.3,10,,,,280,270,,,,,,,,13,21.9,,,,,,,,,,,,,,,,,,,,,,,,,,,,,,,,,
USW00094728,3/8/2022,,,,,-7.8,1017.6,1012.9,1.1,,4.1,,,,,,,,,,,,,,,,,,,,,,,0,,37,27,49,,,,,,,,,,,,,,,,,,,,,,,,,,,,,0,0,,,,,,,,,,,,,,,,,,,,,,,,,,,,,,,,,,10,3.9,,,,310,290,,,,,,,,10.3,16.1,,,,,,,,,,,,,,,,,,,,,,,,,,,,,,,,,
USW00094728,3/9/2022,,,,,-1.7,1016.9,1011.5,1.1,,2.6,,,,,,,,,,,,,,,,,,,,,,,14.2,,79,36,93,,,,,,,,,,,,,,,,,,,,,,,,,,,,,10,0,,,,,,,,,,,,,,,,,,,,,,,,,,,,,,,,,,5,0.6,,,,80,60,,,,,,,,6.3,8.1,,,,1,,,,,,,,,,,,,,,,,,,,,,,,,,,,,
USW00094728,3/10/2022,,,,,-1.7,1020.7,1015.6,2.2,,0.8,,,,,,,,,,,,,,,,,,,,,,,0,,66,38,89,,,,,,,,,,,,,,,,,,,,,,,,,,,,,0,0,,,,,,,,,,,,,,,,,,,,,,,,,,,,,,,,,,10.6,0.6,,,,140,40,,,,,,,,3.6,4.9,,,,1,,,,,,,1,,,,,,,,,,,,,,,,,,,,,,
USW00094728,3/11/2022,,,,,-2.2,1016.6,1012.9,3.9,,2,,,,,,,,,,,,,,,,,,,,,,,0,,53,27,86,,,,,,,,,,,,,,,,,,,,,,,,,,,,,0,0,,,,,,,,,,,,,,,,,,,,,,,,,,,,,,,,,,12.8,4.4,,,,140,150,,,,,,,,5.8,10.3,,,,,,,,,,,,,,,,,,,,,,,,,,,,,,,,,
USW00094728,3/12/2022,,,,,-2.8,998.3,992.2,0.6,,4.4,,,,,,,,,,,,,,,,,,,,,,,12.7,,73,40,93,,,,,,,,,,,,,,,,,,,,,,,,,,,,,0,0,,,,,,,,,,,,,,,,,,,,,,,,,,,,,,,,,,8.9,-4.3,,,,310,320,,,,,,,,11.6,19.7,,,,1,,,,,,,1,,,,,,,,,,,,,,,,,,,,,,
USW00094728,3/13/2022,,,,,-12.8,1020.7,1016.3,-5,,4,,,,,,,,,,,,,,,,,,,,,,,0,,45,33,66,,,,,,,,,,,,,,,,,,,,,,,,,,,,,0,0,,,,,,,,,,,,,,,,,,,,,,,,,,,,,,,,,,1.7,-5.5,,,,280,290,,,,,,,,9.8,15.2,,,,,,,,,,,1,,,,,,,,,,,,,,,,,,,,,,
USW00094728,3/14/2022,,,,,-4.4,1027.4,1022.4,2.8,,2.5,,,,,,,,,,,,,,,,,,,,,,,0,,44,29,56,,,,,,,,,,,,,,,,,,,,,,,,,,,,,0,0,,,,,,,,,,,,,,,,,,,,,,,,,,,,,,,,,,13.3,0.6,,,,220,210,,,,,,,,6.7,11.6,,,,,,,,,,,,,,,,,,,,,,,,,,,,,,,,,
USW00094728,3/15/2022,,,,,-0.6,1022.4,1017.3,7.2,,2.2,,,,,,,,,,,,,,,,,,,,,,,0,,40,23,50,,,,,,,,,,,,,,,,,,,,,,,,,,,,,0,0,,,,,,,,,,,,,,,,,,,,,,,,,,,,,,,,,,20,7.8,,,,280,240,,,,,,,,5.8,8.9,,,,,,,,,,,,,,,,,,,,,,,,,,,,,,,,,
USW00094728,3/16/2022,,,,,3.3,1021.7,1016.9,8.3,,2,,,,,,,,,,,,,,,,,,,,,,,0,,54,36,80,,,,,,,,,,,,,,,,,,,,,,,,,,,,,0,0,,,,,,,,,,,,,,,,,,,,,,,,,,,,,,,,,,19.4,8.9,,,,140,160,,,,,,,,5.8,8.9,,,,,,,,,,,,,,,,,,,,,,,,,,,,,,,,,
USW00094728,3/17/2022,,,,,8.9,1015.9,1011.2,8.9,,2.5,,,,,,,,,,,,,,,,,,,,,,,2,,93,83,97,,,,,,,,,,,,,,,,,,,,,,,,,,,,,0,0,,,,,,,,,,,,,,,,,,,,,,,,,,,,,,,,,,11.7,7.2,,,,60,50,,,,,,,,6.3,8.5,,,,1,1,,,,,,1,,,,,,,,,,,,,,,,,,,,,,
USW00094728,3/18/2022,,,,,9.4,1015.2,1010.2,11.7,,2.2,,,,,,,,,,,,,,,,,,,,,,,0,,74,40,93,,,,,,,,,,,,,,,,,,,,,,,,,,,,,0,0,,,,,,,,,,,,,,,,,,,,,,,,,,,,,,,,,,23.3,10,,,,150,160,,,,,,,,5.4,8.5,,,,1,,,,,,,1,,,,,,,,,,,,,,,,,,,,,,
USW00094728,3/19/2022,,,,,11.1,1008.8,1004.7,12.8,,1.2,,,,,,,,,,,,,,,,,,,,,,,1.3,,78,57,97,,,,,,,,,,,,,,,,,,,,,,,,,,,,,0,0,,,,,,,,,,,,,,,,,,,,,,,,,,,,,,,,,,21.1,9.4,,,,290,290,,,,,,,,6.3,8.9,,,,1,,1,,,,,1,,,,,,,,,,,,,,,,,,,,,,
USW00094728,3/20/2022,,,,,3.3,1009.5,1003.4,7.8,,3.6,,,,,,,,,,,,,,,,,,,,,,,0,,54,47,69,,,,,,,,,,,,,,,,,,,,,,,,,,,,,0,0,,,,,,,,,,,,,,,,,,,,,,,,,,,,,,,,,,16.1,7.8,,,,300,310,,,,,,,,8.1,13.9,,,,,,,,,,,,,,,,,,,,,,,,,,,,,,,,,
USW00094728,3/21/2022,,,,,-4.4,1017.3,1012.2,5,,3.6,,,,,,,,,,,,,,,,,,,,,,,0,,34,19,54,,,,,,,,,,,,,,,,,,,,,,,,,,,,,0,0,,,,,,,,,,,,,,,,,,,,,,,,,,,,,,,,,,16.7,6.7,,,,310,280,,,,,,,,7.6,12.1,,,,,,,,,,,1,,,,,,,,,,,,,,,,,,,,,,
USW00094728,3/22/2022,,,,,-11.7,1021,1016.3,2.8,,3.3,,,,,,,,,,,,,,,,,,,,,,,0,,21,11,39,,,,,,,,,,,,,,,,,,,,,,,,,,,,,0,0,,,,,,,,,,,,,,,,,,,,,,,,,,,,,,,,,,14.4,6.1,,,,310,300,,,,,,,,7.2,11.2,,,,,,,,,,,,,,,,,,,,,,,,,,,,,,,,,
USW00094728,3/23/2022,,,,,-5.6,1023,1017.6,1.7,,3.4,,,,,,,,,,,,,,,,,,,,,,,1.5,,47,27,93,,,,,,,,,,,,,,,,,,,,,,,,,,,,,0,0,,,,,,,,,,,,,,,,,,,,,,,,,,,,,,,,,,9.4,3.3,,,,60,50,,,,,,,,7.2,9.8,,,,1,,,,,,,,,,,,,,,,,,,,,,,,,,,,,
USW00094728,3/24/2022,,,,,5,1012.2,1006.4,5.6,,5.1,,,,,,,,,,,,,,,,,,,,,,,23.6,,93,89,96,,,,,,,,,,,,,,,,,,,,,,,,,,,,,0,0,,,,,,,,,,,,,,,,,,,,,,,,,,,,,,,,,,8.3,3.3,,,,60,60,,,,,,,,9.8,13.9,,,,1,,,,,,,,,,,,,,,,,,,,,,,,,,,,,
USW00094728,3/25/2022,,,,,2.8,1002.7,998,7.2,,1.9,,,,,,,,,,,,,,,,,,,,,,,0.5,,61,42,93,,,,,,,,,,,,,,,,,,,,,,,,,,,,,0,0,,,,,,,,,,,,,,,,,,,,,,,,,,,,,,,,,,15.6,6.7,,,,240,240,,,,,,,,8.1,13.4,,,,1,,,,,,,,,,,,,,,,,,,,,,,,,,,,,
USW00094728,3/26/2022,,,,,-0.6,998.3,993.6,5,,2.7,,,,,,,,,,,,,,,,,,,,,,,0,,52,39,66,,,,,,,,,,,,,,,,,,,,,,,,,,,,,0,0,,,,,,,,,,,,,,,,,,,,,,,,,,,,,,,,,,11.7,5.6,,,,270,290,,,,,,,,6.3,10.3,,,,,,1,,,,,,,,,,,,,,,,,,,,,,,,,,,
USW00094728,3/27/2022,,,,,-6.1,1004.1,999.3,0.6,,4.7,,,,,,,,,,,,,,,,,,,,,,,0,,49,36,68,,,,,,,,,,,,,,,,,,,,,,,,,,,,,0,0,,,,,,,,,,,,,,,,,,,,,,,,,,,,,,,,,,7.8,-2.1,,,,310,310,,,,,,,,9.4,15.7,,,,,,,,,,,,,,,,,,,,,,,,,,,,,,,,,
USW00094728,3/28/2022,,,,,-17.2,1013.2,1008.1,-6.7,,5.5,,,,,,,,,,,,,,,,,,,,,,,0,,33,21,44,,,,,,,,,,,,,,,,,,,,,,,,,,,,,0,0,,,,,,,,,,,,,,,,,,,,,,,,,,,,,,,,,,0.6,-4.9,,,,270,300,,,,,,,,10.3,15.7,,,,,,,,,,,,,,,,,,,,,,,,,,,,,,,,,
USW00094728,3/29/2022,,,,,-13.3,1020.3,1015.2,-4.4,,4.7,,,,,,,,,,,,,,,,,,,,,,,0,,38,26,50,,,,,,,,,,,,,,,,,,,,,,,,,,,,,0,0,,,,,,,,,,,,,,,,,,,,,,,,,,,,,,,,,,3.3,-4.3,,,,310,300,,,,,,,,8.9,13,,,,,,,,,,,,,,,,,,,,,,,,,,,,,,,,,
USW00094728,3/30/2022,,,,,-10,1021,1015.9,-0.6,,2.1,,,,,,,,,,,,,,,,,,,,,,,0,,38,21,68,,,,,,,,,,,,,,,,,,,,,,,,,,,,,0,0,,,,,,,,,,,,,,,,,,,,,,,,,,,,,,,,,,8.3,-1.6,,,,160,150,,,,,,,,5.4,7.6,,,,,,,,,,,,,,,,,,,,,,,,,,,,,,,,,
USW00094728,3/31/2022,,,,,10,1004.7,1001.4,11.7,,2.2,,,,,,,,,,,,,,,,,,,,,,,1.8,,77,65,93,,,,,,,,,,,,,,,,,,,,,,,,,,,,,0,0,,,,,,,,,,,,,,,,,,,,,,,,,,,,,,,,,,18.9,7.2,,,,210,200,,,,,,,,6.3,12.1,,,,1,,,,,,,1,,,,,,,,,,,,,,,,,,,,,,
USW00094728,4/1/2022,,,,,1.7,1003.4,996.3,7.2,,3.9,,,,,,,,,,,,,,,,,,,,,,,7.1,,57,35,93,,,,,,,,,,,,,,,,,,,,,,,,,,,,,0,0,,,,,,,,,,,,,,,,,,,,,,,,,,,,,,,,,,16.1,6.1,,,,280,290,,,,,,,,9.8,15.2,,,,1,,,,,,,,,,,,,,,,,,,,,,,,,,,,,
USW00094728,4/2/2022,,,,,-5,1016.3,1011.2,2.8,,2.8,,,,,,,,,,,,,,,,,,,,,,,0,,44,26,66,,,,,,,,,,,,,,,,,,,,,,,,,,,,,0,0,,,,,,,,,,,,,,,,,,,,,,,,,,,,,,,,,,12.2,3.3,,,,300,300,,,,,,,,8.9,13.4,,,,,,,,,,,,,,,,,,,,,,,,,,,,,,,,,
USW00094728,4/3/2022,,,,,1.7,1009.8,1004.7,4.4,,1.8,,,,,,,,,,,,,,,,,,,,,,,3,,69,60,83,,,,,,,,,,,,,,,,,,,,,,,,,,,,,0,0,,,,,,,,,,,,,,,,,,,,,,,,,,,,,,,,,,8.9,4.4,,,,300,290,,,,,,,,6.3,10.3,,,,1,,,,,,,,,,,,,,,,,,,,,,,,,,,,,
USW00094728,4/4/2022,,,,,-2.8,1014.6,1009.8,3.9,,3,,,,,,,,,,,,,,,,,,,,,,,0,,47,35,65,,,,,,,,,,,,,,,,,,,,,,,,,,,,,0,0,,,,,,,,,,,,,,,,,,,,,,,,,,,,,,,,,,12.2,3.9,,,,310,310,,,,,,,,7.2,9.8,,,,,,,,,,,,,,,,,,,,,,,,,,,,,,,,,
USW00094728,4/5/2022,,,,,0,1016.6,1011.5,5.6,,1.5,,,,,,,,,,,,,,,,,,,,,,,1,,53,30,93,,,,,,,,,,,,,,,,,,,,,,,,,,,,,0,0,,,,,,,,,,,,,,,,,,,,,,,,,,,,,,,,,,13.9,7.2,,,,150,170,,,,,,,,5.8,8.1,,,,1,,,,,,,,,,,,,,,,,,,,,,,,,,,,,
USW00094728,4/6/2022,,,,,7.2,1010.2,1005.1,8.3,,4.8,,,,,,,,,,,,,,,,,,,,,,,11.4,,87,77,93,,,,,,,,,,,,,,,,,,,,,,,,,,,,,0,0,,,,,,,,,,,,,,,,,,,,,,,,,,,,,,,,,,11.7,6.7,,,,80,40,,,,,,,,9.8,16.5,,,,1,,,,,,,,,,,,,,,,,,,,,,,,,,,,,
USW00094728,4/7/2022,,,,,7.8,1006.4,999.7,8.9,,3.3,,,,,,,,,,,,,,,,,,,,,,,28.4,,88,77,97,,,,,,,,,,,,,,,,,,,,,,,,,,,,,0,0,,,,,,,,,,,,,,,,,,,,,,,,,,,,,,,,,,12.2,7.2,,,,120,120,,,,,,,,8.1,13.9,,,,1,,1,,,,,1,,,,,,,,,,,,,,,,,,,,,,
USW00094728,4/8/2022,,,,,2.8,1002.4,996.3,8.3,,3,,,,,,,,,,,,,,,,,,,,,,,0.8,,53,23,97,,,,,,,,,,,,,,,,,,,,,,,,,,,,,0,0,,,,,,,,,,,,,,,,,,,,,,,,,,,,,,,,,,18.3,9.4,,,,240,230,,,,,,,,6.7,10.7,,,,1,,,,,,,,,,,,,,,,,,,,,,,,,,,,,
USW00094728,4/9/2022,,,,,2.8,1003.7,998.6,7.2,,2.2,,,,,,,,,,,,,,,,,,,,,,,1.3,,62,48,80,,,,,,,,,,,,,,,,,,,,,,,,,,,,,0,0,,,,,,,,,,,,,,,,,,,,,,,,,,,,,,,,,,12.8,8.3,,,,280,220,,,,,,,,7.6,12.5,,,,,,,,,,,1,,,,,,,,,,,,,,,,,,,,,,
USW00094728,4/10/2022,,,,,-3.3,1009.1,1004.1,3.3,,4.3,,,,,,,,,,,,,,,,,,,,,,,0,,46,37,66,,,,,,,,,,,,,,,,,,,,,,,,,,,,,0,0,,,,,,,,,,,,,,,,,,,,,,,,,,,,,,,,,,10,5.6,,,,300,300,,,,,,,,9.4,14.3,,,,,,,,,,,,,,,,,,,,,,,,,,,,,,,,,
USW00094728,4/11/2022,,,,,-2.2,1018.3,1013.2,5,,2.2,,,,,,,,,,,,,,,,,,,,,,,0,,45,25,57,,,,,,,,,,,,,,,,,,,,,,,,,,,,,0,0,,,,,,,,,,,,,,,,,,,,,,,,,,,,,,,,,,16.1,4.4,,,,300,190,,,,,,,,5.4,7.6,,,,,,,,,,,,,,,,,,,,,,,,,,,,,,,,,
USW00094728,4/12/2022,,,,,4.4,1016.3,1011.5,10,,1.7,,,,,,,,,,,,,,,,,,,,,,,1.8,,50,27,80,,,,,,,,,,,,,,,,,,,,,,,,,,,,,0,0,,,,,,,,,,,,,,,,,,,,,,,,,,,,,,,,,,22.2,10,,,,310,300,,,,,,,,5.4,8.1,,,,1,,,,,,,,,,,,,,,,,,,,,,,,,,,,,
USW00094728,4/13/2022,,,,,8.9,1014.9,1010.8,12.8,,1.7,,,,,,,,,,,,,,,,,,,,,,,0,,60,41,73,,,,,,,,,,,,,,,,,,,,,,,,,,,,,0,0,,,,,,,,,,,,,,,,,,,,,,,,,,,,,,,,,,21.7,12.8,,,,170,170,,,,,,,,6.3,8.5,,,,,,,,,,,,,,,,,,,,,,,,,,,,,,,,,
USW00094728,4/14/2022,,,,,9.4,1008.5,1004.1,13.9,,2.1,,,,,,,,,,,,,,,,,,,,,,,1.5,,56,33,81,,,,,,,,,,,,,,,,,,,,,,,,,,,,,0,0,,,,,,,,,,,,,,,,,,,,,,,,,,,,,,,,,,26.1,13.9,,,,290,320,,,,,,,,7.2,11.6,,,,,,1,,,,,1,,,,,,,,,,,,,,,,,,,,,,
USW00094728,4/15/2022,,,,,-3.3,1018.3,1013.5,7.2,,2.6,,,,,,,,,,,,,,,,,,,,,,,0,,29,13,45,,,,,,,,,,,,,,,,,,,,,,,,,,,,,0,0,,,,,,,,,,,,,,,,,,,,,,,,,,,,,,,,,,21.1,11.1,,,,190,200,,,,,,,,6.7,11.2,,,,,,,,,,,,,,,,,,,,,,,,,,,,,,,,,
USW00094728,4/16/2022,,,,,2.2,1012.9,1008.1,8.9,,2.8,,,,,,,,,,,,,,,,,,,,,,,5.1,,48,27,89,,,,,,,,,,,,,,,,,,,,,,,,,,,,,0,0,,,,,,,,,,,,,,,,,,,,,,,,,,,,,,,,,,22.8,6.7,,,,350,220,,,,,,,,6.3,11.6,,,,1,,,,,,,,,,,,,,,,,,,,,,,,,,,,,
USW00094728,4/17/2022,,,,,-5,1020.7,1014.6,2.8,,3.1,,,,,,,,,,,,,,,,,,,,,,,0,,43,25,79,,,,,,,,,,,,,,,,,,,,,,,,,,,,,0,0,,,,,,,,,,,,,,,,,,,,,,,,,,,,,,,,,,10.6,5,,,,300,320,,,,,,,,8.1,13,,,,,,,,,,,,,,,,,,,,,,,,,,,,,,,,,
USW00094728,4/18/2022,,,,,-2.8,1023,1020,3.3,,3.4,,,,,,,,,,,,,,,,,,,,,,,21.6,,53,31,93,,,,,,,,,,,,,,,,,,,,,,,,,,,,,0,0,,,,,,,,,,,,,,,,,,,,,,,,,,,,,,,,,,12.2,3.9,,,,70,70,,,,,,,,9.4,14.3,,,,1,,,,,,,,,,,,,,,,,,,,,,,,,,,,,
USW00094728,4/19/2022,,,,,0,1007.5,1001.4,3.9,,4.7,,,,,,,,,,,,,,,,,,,,,,,31.5,,63,39,97,,,,,,,,,,,,,,,,,,,,,,,,,,,,,0,0,,,,,,,,,,,,,,,,,,,,,,,,,,,,,,,,,,10,3.9,,,,60,50,,,,,,,,11.2,16.5,,,,1,,,,,,,,,,,,,,,,,,,,,,,,,,,,,
USW00094728,4/20/2022,,,,,-3.9,1026.4,1020,4.4,,2.8,,,,,,,,,,,,,,,,,,,,,,,0,,40,21,66,,,,,,,,,,,,,,,,,,,,,,,,,,,,,0,0,,,,,,,,,,,,,,,,,,,,,,,,,,,,,,,,,,15.6,5.6,,,,300,300,,,,,,,,8.9,13,,,,,,,,,,,,,,,,,,,,,,,,,,,,,,,,,
USW00094728,4/21/2022,,,,,2.8,1029.8,1025.4,7.2,,2.7,,,,,,,,,,,,,,,,,,,,,,,0,,58,33,86,,,,,,,,,,,,,,,,,,,,,,,,,,,,,0,0,,,,,,,,,,,,,,,,,,,,,,,,,,,,,,,,,,15,6.7,,,,180,140,,,,,,,,7.2,11.2,,,,,,,,,,,,,,,,,,,,,,,,,,,,,,,,,
USW00094728,4/22/2022,,,,,-0.6,1027.8,1022.4,8.9,,2.8,,,,,,,,,,,,,,,,,,,,,,,0,,36,15,67,,,,,,,,,,,,,,,,,,,,,,,,,,,,,0,0,,,,,,,,,,,,,,,,,,,,,,,,,,,,,,,,,,21.1,11.7,,,,300,320,,,,,,,,6.7,10.7,,,,,,,,,,,,,,,,,,,,,,,,,,,,,,,,,
USW00094728,4/23/2022,,,,,0,1027.1,1022,7.2,,2.3,,,,,,,,,,,,,,,,,,,,,,,0,,40,27,55,,,,,,,,,,,,,,,,,,,,,,,,,,,,,0,0,,,,,,,,,,,,,,,,,,,,,,,,,,,,,,,,,,18.3,10.6,,,,170,190,,,,,,,,4.5,7.6,,,,,,,,,,,1,,,,,,,,,,,,,,,,,,,,,,
USW00094728,4/24/2022,,,,,0,1023.7,1019,7.2,,2.4,,,,,,,,,,,,,,,,,,,,,,,0,,43,31,66,,,,,,,,,,,,,,,,,,,,,,,,,,,,,0,0,,,,,,,,,,,,,,,,,,,,,,,,,,,,,,,,,,17.2,8.9,,,,60,130,,,,,,,,6.3,9.4,,,,,,,,,,,,,,,,,,,,,,,,,,,,,,,,,
USW00094728,4/25/2022,,,,,1.1,1023.7,1019,6.7,,2.2,,,,,,,,,,,,,,,,,,,,,,,0,,50,30,63,,,,,,,,,,,,,,,,,,,,,,,,,,,,,0,0,,,,,,,,,,,,,,,,,,,,,,,,,,,,,,,,,,14.4,7.8,,,,130,120,,,,,,,,5.4,8.1,,,,,,,,,,,,,,,,,,,,,,,,,,,,,,,,,
USW00094728,4/26/2022,,,,,9.4,1016.9,1012.9,11.1,,1.5,,,,,,,,,,,,,,,,,,,,,,,0.5,,80,61,90,,,,,,,,,,,,,,,,,,,,,,,,,,,,,0,0,,,,,,,,,,,,,,,,,,,,,,,,,,,,,,,,,,15.6,11.1,,,,50,120,,,,,,,,4.5,8.1,,,,1,,,,,,,1,,,,,,,,,,,,,,,,,,,,,,
USW00094728,4/27/2022,,,,,-3.3,1014.2,1009.5,4.4,,4.7,,,,,,,,,,,,,,,,,,,,,,,0,,41,27,72,,,,,,,,,,,,,,,,,,,,,,,,,,,,,0,0,,,,,,,,,,,,,,,,,,,,,,,,,,,,,,,,,,14.4,5,,,,300,320,,,,,,,,8.9,14.3,,,,,,,,,,,,,,,,,,,,,,,,,,,,,,,,,
USW00094728,4/28/2022,,,,,-10.6,1016.3,1010.8,2.2,,4.6,,,,,,,,,,,,,,,,,,,,,,,0,,28,11,51,,,,,,,,,,,,,,,,,,,,,,,,,,,,,0,0,,,,,,,,,,,,,,,,,,,,,,,,,,,,,,,,,,14.4,4.4,,,,300,320,,,,,,,,9.4,15.2,,,,,,,,,,,,,,,,,,,,,,,,,,,,,,,,,
USW00094728,4/29/2022,,,,,-12.8,1018.3,1012.9,2.8,,3.5,,,,,,,,,,,,,,,,,,,,,,,0,,19,9,33,,,,,,,,,,,,,,,,,,,,,,,,,,,,,0,0,,,,,,,,,,,,,,,,,,,,,,,,,,,,,,,,,,17.2,5,,,,300,300,,,,,,,,8.1,11.6,,,,,,,,,,,,,,,,,,,,,,,,,,,,,,,,,
USW00094728,4/30/2022,,,,,-7.8,1019.3,1014.6,5,,1.3,,,,,,,,,,,,,,,,,,,,,,,0,,24,14,37,,,,,,,,,,,,,,,,,,,,,,,,,,,,,0,0,,,,,,,,,,,,,,,,,,,,,,,,,,,,,,,,,,20,6.7,,,,300,360,,,,,,,,5.8,8.9,,,,,,,,,,,,,,,,,,,,,,,,,,,,,,,,,
USW00094728,5/1/2022,,,,,0.6,1019.3,1014.2,8.3,,1.4,,,,,,,,,,,,,,,,,,,,,,,0,,43,18,74,,,,,,,,,,,,,,,,,,,,,,,,,,,,,0,0,,,,,,,,,,,,,,,,,,,,,,,,,,,,,,,,,,20.6,8.3,,,,130,130,,,,,,,,5.8,8.9,,,,,,,,,,,,,,,,,,,,,,,,,,,,,,,,,
USW00094728,5/2/2022,,,,,9.4,1017.6,1012.5,10.6,,2.1,,,,,,,,,,,,,,,,,,,,,,,5.8,,87,60,97,,,,,,,,,,,,,,,,,,,,,,,,,,,,,0,0,,,,,,,,,,,,,,,,,,,,,,,,,,,,,,,,,,13.3,10.6,,,,60,260,,,,,,,,5.4,7.6,,,,1,,1,,,,,,,,,,,,,,,,,,,,,,,,,,,
USW00094728,5/3/2022,,,,,8.3,1020.7,1015.6,10.6,,2.6,,,,,,,,,,,,,,,,,,,,,,,0,,72,56,86,,,,,,,,,,,,,,,,,,,,,,,,,,,,,0,0,,,,,,,,,,,,,,,,,,,,,,,,,,,,,,,,,,16.7,10.6,,,,80,50,,,,,,,,5.8,8.5,,,,,,,,,,,,,,,,,,,,,,,,,,,,,,,,,
USW00094728,5/4/2022,,,,,10.6,1015.2,1010.5,12.2,,1.1,,,,,,,,,,,,,,,,,,,,,,,2,,83,70,97,,,,,,,,,,,,,,,,,,,,,,,,,,,,,0,0,,,,,,,,,,,,,,,,,,,,,,,,,,,,,,,,,,18.3,10,,,,10,90,,,,,,,,4,7.2,,,,1,,,,,,,1,,,,,,,,,,,,,,,,,,,,,,
USW00094728,5/5/2022,,,,,7.2,1017.3,1012.5,12.2,,1.9,,,,,,,,,,,,,,,,,,,,,,,0,,53,30,78,,,,,,,,,,,,,,,,,,,,,,,,,,,,,0,0,,,,,,,,,,,,,,,,,,,,,,,,,,,,,,,,,,23.3,13.3,,,,50,20,,,,,,,,6.3,8.5,,,,,,,,,,,,,,,,,,,,,,,,,,,,,,,,,
USW00094728,5/6/2022,,,,,10,1013.2,1008.5,11.1,,1.6,,,,,,,,,,,,,,,,,,,,,,,17.5,,86,60,97,,,,,,,,,,,,,,,,,,,,,,,,,,,,,0,0,,,,,,,,,,,,,,,,,,,,,,,,,,,,,,,,,,16.1,9.4,,,,50,50,,,,,,,,5.8,8.9,,,,1,,,,,,,,,,,,,,,,,,,,,,,,,,,,,
USW00094728,5/7/2022,,,,,6.1,1011.2,1005.8,7.8,,4.9,,,,,,,,,,,,,,,,,,,,,,,23.4,,85,56,97,,,,,,,,,,,,,,,,,,,,,,,,,,,,,0,0,,,,,,,,,,,,,,,,,,,,,,,,,,,,,,,,,,10,7.2,,,,60,50,,,,,,,,9.8,15.2,,,,1,,,,,,,,,,,,,,,,,,,,,,,,,,,,,
USW00094728,5/8/2022,,,,,-1.1,1019,1013.5,5.6,,5,,,,,,,,,,,,,,,,,,,,,,,0,,45,27,63,,,,,,,,,,,,,,,,,,,,,,,,,,,,,0,0,,,,,,,,,,,,,,,,,,,,,,,,,,,,,,,,,,14.4,7.2,,,,60,60,,,,,,,,10.7,13.9,,,,,,,,,,,,,,,,,,,,,,,,,,,,,,,,,
USW00094728,5/9/2022,,,,,-7.2,1023.4,1018.6,5.6,,5.1,,,,,,,,,,,,,,,,,,,,,,,0,,23,13,37,,,,,,,,,,,,,,,,,,,,,,,,,,,,,0,0,,,,,,,,,,,,,,,,,,,,,,,,,,,,,,,,,,21.1,8.3,,,,60,60,,,,,,,,9.4,13.4,,,,,,,,,,,,,,,,,,,,,,,,,,,,,,,,,
USW00094728,5/10/2022,,,,,-4.4,1026.8,1021.7,7.2,,4.5,,,,,,,,,,,,,,,,,,,,,,,0,,24,15,39,,,,,,,,,,,,,,,,,,,,,,,,,,,,,0,0,,,,,,,,,,,,,,,,,,,,,,,,,,,,,,,,,,22.8,10.6,,,,50,50,,,,,,,,10.3,13.4,,,,,,,,,,,,,,,,,,,,,,,,,,,,,,,,,
USW00094728,5/11/2022,,,,,3.3,1024.7,1019.6,10.6,,2.5,,,,,,,,,,,,,,,,,,,,,,,0,,43,23,75,,,,,,,,,,,,,,,,,,,,,,,,,,,,,0,0,,,,,,,,,,,,,,,,,,,,,,,,,,,,,,,,,,23.9,11.7,,,,50,50,,,,,,,,8.1,11.2,,,,,,,,,,,,,,,,,,,,,,,,,,,,,,,,,
USW00094728,5/12/2022,,,,,12.8,1025.4,1020.3,15,,2.2,,,,,,,,,,,,,,,,,,,,,,,0,,72,57,90,,,,,,,,,,,,,,,,,,,,,,,,,,,,,0,0,,,,,,,,,,,,,,,,,,,,,,,,,,,,,,,,,,23.9,14.4,,,,50,80,,,,,,,,6.3,8.9,,,,1,,,,,,,,,,,,,,,,,,,,,,,,,,,,,
USW00094728,5/13/2022,,,,,15.6,1024,1019.6,16.1,,1.9,,,,,,,,,,,,,,,,,,,,,,,0.8,,90,73,97,,,,,,,,,,,,,,,,,,,,,,,,,,,,,0,0,,,,,,,,,,,,,,,,,,,,,,,,,,,,,,,,,,22.2,13.9,,,,70,60,,,,,,,,6.3,8.5,,,,1,,,,,,,1,,,,,,,,,,,,,,,,,,,,,,
USW00094728,5/14/2022,,,,,16.7,1017.9,1012.9,16.7,,1.3,,,,,,,,,,,,,,,,,,,,,,,5.6,,92,76,97,,,,,,,,,,,,,,,,,,,,,,,,,,,,,0,0,,,,,,,,,,,,,,,,,,,,,,,,,,,,,,,,,,22.2,15.6,,,,150,130,,,,,,,,3.6,6.3,,,,1,,,,,,,1,,,,,,,,,,,,,,,,,,,,,,
USW00094728,5/15/2022,,,,,16.7,1011.2,1006.8,17.2,,1,,,,,,,,,,,,,,,,,,,,,,,2.5,,84,64,100,,,,,,,,,,,,,,,,,,,,,,,,,,,,,0,0,,,,,,,,,,,,,,,,,,,,,,,,,,,,,,,,,,24.4,15.6,,,,220,180,,,,,,,,4,7.2,,,,1,,,,,,,,,,,,,,,,,,,,,,,,,,,,,
USW00094728,5/16/2022,,,,,16.7,1004.7,1000.3,17.8,,2.2,,,,,,,,,,,,,,,,,,,,,,,3,,78,63,91,,,,,,,,,,,,,,,,,,,,,,,,,,,,,0,0,,,,,,,,,,,,,,,,,,,,,,,,,,,,,,,,,,23.9,16.1,,,,270,250,,,,,,,,6.7,10.3,,,,1,,1,,,,,1,,,,,,,,,,,,,,,,,,,,,,
USW00094728,5/17/2022,,,,,6.1,1008.1,1002.4,12.2,,3.1,,,,,,,,,,,,,,,,,,,,,,,0,,46,26,72,,,,,,,,,,,,,,,,,,,,,,,,,,,,,0,0,,,,,,,,,,,,,,,,,,,,,,,,,,,,,,,,,,25,13.9,,,,290,290,,,,,,,,8.9,14.8,,,,,,,,,,,,,,,,,,,,,,,,,,,,,,,,,
USW00094728,5/18/2022,,,,,4.4,1013.2,1008.5,11.1,,1.8,,,,,,,,,,,,,,,,,,,,,,,0.3,,45,27,65,,,,,,,,,,,,,,,,,,,,,,,,,,,,,0,0,,,,,,,,,,,,,,,,,,,,,,,,,,,,,,,,,,22.2,12.8,,,,300,290,,,,,,,,6.3,8.9,,,,,,,,,,,,,,,,,,,,,,,,,,,,,,,,,
USW00094728,5/19/2022,,,,,12.2,1008.5,1003.7,13.3,,1.1,,,,,,,,,,,,,,,,,,,,,,,18.5,,87,70,97,,,,,,,,,,,,,,,,,,,,,,,,,,,,,0,0,,,,,,,,,,,,,,,,,,,,,,,,,,,,,,,,,,18.9,12.2,,,,230,140,,,,,,,,4,6.7,,,,1,,,,,,,1,,,,,,,,,,,,,,,,,,,,,,
USW00094728,5/20/2022,,,,,14.4,1013.5,1008.5,15.6,,1.6,,,,,,,,,,,,,,,,,,,,,,,10.2,,87,71,97,,,,,,,,,,,,,,,,,,,,,,,,,,,,,0,0,,,,,,,,,,,,,,,,,,,,,,,,,,,,,,,,,,20.6,12.8,,,,120,130,,,,,,,,4.5,7.6,,,,1,1,1,,,,,1,,,,,,,,,,,,,,,,,,,,,,
USW00094728,5/21/2022,,,,,18.3,1015.6,1010.2,20,,0.7,,,,,,,,,,,,,,,,,,,,,,,0,,71,50,97,,,,,,,,,,,,,,,,,,,,,,,,,,,,,0,0,,,,,,,,,,,,,,,,,,,,,,,,,,,,,,,,,,32.2,16.7,,,,230,230,,,,,,,,4,6.3,,,,1,1,,,,,,1,,,,,,,,,,,,,,,,,,,,,,
USW00094728,5/22/2022,,,,,18.9,1015.2,1010.2,21.7,,1.8,,,,,,,,,,,,,,,,,,,,,,,0,,62,46,79,,,,,,,,,,,,,,,,,,,,,,,,,,,,,0,0,,,,,,,,,,,,,,,,,,,,,,,,,,,,,,,,,,31.7,22.2,,,,310,310,,,,,,,,6.3,9.4,,,,,,,,,,,,,,,,,,,,,,,,,,,,,,,,,
USW00094728,5/23/2022,,,,,7.2,1021.7,1015.9,12.8,,3,,,,,,,,,,,,,,,,,,,,,,,0,,45,29,68,,,,,,,,,,,,,,,,,,,,,,,,,,,,,0,0,,,,,,,,,,,,,,,,,,,,,,,,,,,,,,,,,,22.8,16.1,,,,50,40,,,,,,,,7.2,10.7,,,,,,,,,,,,,,,,,,,,,,,,,,,,,,,,,
USW00094728,5/24/2022,,,,,8.9,1025.7,1020.3,12.2,,2.1,,,,,,,,,,,,,,,,,,,,,,,0,,61,50,72,,,,,,,,,,,,,,,,,,,,,,,,,,,,,0,0,,,,,,,,,,,,,,,,,,,,,,,,,,,,,,,,,,19.4,13.9,,,,60,60,,,,,,,,7.2,9.4,,,,,,,,,,,,,,,,,,,,,,,,,,,,,,,,,
USW00094728,5/25/2022,,,,,7.2,1028.1,1023.4,11.1,,1.3,,,,,,,,,,,,,,,,,,,,,,,0,,58,42,83,,,,,,,,,,,,,,,,,,,,,,,,,,,,,0,0,,,,,,,,,,,,,,,,,,,,,,,,,,,,,,,,,,21.1,11.7,,,,150,130,,,,,,,,4,7.2,,,,,,,,,,,,,,,,,,,,,,,,,,,,,,,,,
USW00094728,5/26/2022,,,,,11.7,1023.7,1018.3,13.9,,1.6,,,,,,,,,,,,,,,,,,,,,,,0,,71,55,87,,,,,,,,,,,,,,,,,,,,,,,,,,,,,0,0,,,,,,,,,,,,,,,,,,,,,,,,,,,,,,,,,,21.1,12.2,,,,140,120,,,,,,,,5.4,8.5,,,,,,,,,,,,,,,,,,,,,,,,,,,,,,,,,
USW00094728,5/27/2022,,,,,17.8,1012.5,1007.5,18.9,,1.3,,,,,,,,,,,,,,,,,,,,,,,6.9,,85,60,93,,,,,,,,,,,,,,,,,,,,,,,,,,,,,0,0,,,,,,,,,,,,,,,,,,,,,,,,,,,,,,,,,,26.7,18.3,,,,210,170,,,,,,,,5.4,8.9,,,,1,,1,,,,,,,,,,,,,,,,,,,,,,,,,,,
USW00094728,5/28/2022,,,,,16.7,1007.8,1002.4,17.8,,1.5,,,,,,,,,,,,,,,,,,,,,,,18.3,,82,66,97,,,,,,,,,,,,,,,,,,,,,,,,,,,,,0,0,,,,,,,,,,,,,,,,,,,,,,,,,,,,,,,,,,23.3,17.2,,,,260,240,,,,,,,,9.4,19.2,,,,1,1,1,,,,,,,,,,,,,,,,,,,,,,,,,,,
USW00094728,5/29/2022,,,,,12.2,1017.3,1012.5,15.6,,0.8,,,,,,,,,,,,,,,,,,,,,,,0,,61,42,84,,,,,,,,,,,,,,,,,,,,,,,,,,,,,0,0,,,,,,,,,,,,,,,,,,,,,,,,,,,,,,,,,,25,15,,,,250,150,,,,,,,,3.6,6.3,,,,,,,,,,,,,,,,,,,,,,,,,,,,,,,,,
USW00094728,5/30/2022,,,,,16.1,1017.9,1013.5,18.9,,1.3,,,,,,,,,,,,,,,,,,,,,,,0,,62,44,84,,,,,,,,,,,,,,,,,,,,,,,,,,,,,0,0,,,,,,,,,,,,,,,,,,,,,,,,,,,,,,,,,,28.9,17.2,,,,240,130,,,,,,,,4,7.6,,,,,,,,,,,,,,,,,,,,,,,,,,,,,,,,,
USW00094728,5/31/2022,,,,,,,,,,2.2,,,,,,,,,,,,,,,,,,,,,,,0,,48,33,71,,,,,,,,,,,,,,,,,,,,,,,,,,,,,0,0,,,,,,,,,,,,,,,,,,,,,,,,,,,,,,,,,,33.9,18.3,,,,60,70,,,,,,,,6.7,8.9,,,,,,,,,,,,,,,,,,,,,,,,,,,,,,,,,
USW00094728,6/1/2022,,,,,13.9,1013.9,1008.5,15,,2.9,,,,,,,,,,,,,,,,,,,,,,,18,,80,61,97,,,,,,,,,,,,,,,,,,,,,,,,,,,,,0,0,,,,,,,,,,,,,,,,,,,,,,,,,,,,,,,,,,22.2,15.6,,,,60,60,,,,,,,,7.2,9.4,,,,1,,1,,,,,,,,,,,,,,,,,,,,,,,,,,,
USW00094728,6/2/2022,,,,,18.3,1007.1,1002.7,18.9,,1.4,,,,,,,,,,,,,,,,,,,,,,,11.4,,89,62,97,,,,,,,,,,,,,,,,,,,,,,,,,,,,,0,0,,,,,,,,,,,,,,,,,,,,,,,,,,,,,,,,,,26.1,16.7,,,,360,350,,,,,,,,5.8,9.8,,,,1,,,,,,,,,,,,,,,,,,,,,,,,,,,,,
USW00094728,6/3/2022,,,,,15,1008.1,1003,17.2,,1.6,,,,,,,,,,,,,,,,,,,,,,,0,,73,38,97,,,,,,,,,,,,,,,,,,,,,,,,,,,,,0,0,,,,,,,,,,,,,,,,,,,,,,,,,,,,,,,,,,24.4,16.7,,,,50,50,,,,,,,,3.6,5.4,,,,1,,,,,,,,,,,,,,,,,,,,,,,,,,,,,
USW00094728,6/4/2022,,,,,9.4,1011.2,1006.4,15,,1,,,,,,,,,,,,,,,,,,,,,,,0,,49,26,68,,,,,,,,,,,,,,,,,,,,,,,,,,,,,0,0,,,,,,,,,,,,,,,,,,,,,,,,,,,,,,,,,,26.7,16.1,,,,340,170,,,,,,,,4,6.3,,,,,,,,,,,,,,,,,,,,,,,,,,,,,,,,,
USW00094728,6/5/2022,,,,,4.4,1015.6,1010.5,11.7,,1.6,,,,,,,,,,,,,,,,,,,,,,,0,,38,26,56,,,,,,,,,,,,,,,,,,,,,,,,,,,,,0,0,,,,,,,,,,,,,,,,,,,,,,,,,,,,,,,,,,25,13.9,,,,40,40,,,,,,,,5.4,8.1,,,,,,,,,,,,,,,,,,,,,,,,,,,,,,,,,
USW00094728,6/6/2022,,,,,6.7,1016.9,1011.9,13.9,,1.9,,,,,,,,,,,,,,,,,,,,,,,0,,39,28,52,,,,,,,,,,,,,,,,,,,,,,,,,,,,,0,0,,,,,,,,,,,,,,,,,,,,,,,,,,,,,,,,,,26.7,17.2,,,,220,220,,,,,,,,5.4,8.9,,,,,,,,,,,,,,,,,,,,,,,,,,,,,,,,,
USW00094728,6/7/2022,,,,,13.9,1016.3,1011.9,16.7,,2.5,,,,,,,,,,,,,,,,,,,,,,,2,,68,43,93,,,,,,,,,,,,,,,,,,,,,,,,,,,,,0,0,,,,,,,,,,,,,,,,,,,,,,,,,,,,,,,,,,25.6,17.2,,,,150,180,,,,,,,,5.8,10.7,,,,,,,,,,,,,,,,,,,,,,,,,,,,,,,,,
USW00094728,6/8/2022,,,,,16.1,1010.8,1006.4,18.9,,2,,,,,,,,,,,,,,,,,,,,,,,0.8,,66,32,96,,,,,,,,,,,,,,,,,,,,,,,,,,,,,0,0,,,,,,,,,,,,,,,,,,,,,,,,,,,,,,,,,,27.8,18.9,,,,280,280,,,,,,,,5.4,8.1,,,,1,,,,,,,,,,,,,,,,,,,,,,,,,,,,,
USW00094728,6/9/2022,,,,,15.6,1004.4,999.7,18.3,,3,,,,,,,,,,,,,,,,,,,,,,,21.1,,65,43,96,,,,,,,,,,,,,,,,,,,,,,,,,,,,,0,0,,,,,,,,,,,,,,,,,,,,,,,,,,,,,,,,,,27.2,18.3,,,,240,250,,,,,,,,8.1,13,,,,1,,1,,,,,,,,,,,,,,,,,,,,,,,,,,,
USW00094728,6/10/2022,,,,,9.4,1010.5,1005.8,14.4,,2.5,,,,,,,,,,,,,,,,,,,,,,,0,,46,32,68,,,,,,,,,,,,,,,,,,,,,,,,,,,,,0,0,,,,,,,,,,,,,,,,,,,,,,,,,,,,,,,,,,25,17.2,,,,260,240,,,,,,,,6.3,9.4,,,,,,,,,,,1,,,,,,,,,,,,,,,,,,,,,,
USW00094728,6/11/2022,,,,,12.2,1013.2,1008.5,16.1,,1.4,,,,,,,,,,,,,,,,,,,,,,,0,,58,44,70,,,,,,,,,,,,,,,,,,,,,,,,,,,,,0,0,,,,,,,,,,,,,,,,,,,,,,,,,,,,,,,,,,23.3,18.9,,,,230,230,,,,,,,,4,6.3,,,,,,,,,,,,,,,,,,,,,,,,,,,,,,,,,
USW00094728,6/12/2022,,,,,16.1,1014.2,1009.8,17.8,,1.2,,,,,,,,,,,,,,,,,,,,,,,1.3,,80,68,90,,,,,,,,,,,,,,,,,,,,,,,,,,,,,0,0,,,,,,,,,,,,,,,,,,,,,,,,,,,,,,,,,,22.2,17.2,,,,130,130,,,,,,,,4,7.6,,,,1,,,,,,,,,,,,,,,,,,,,,,,,,,,,,
USW00094728,6/13/2022,,,,,16.7,1012.5,1007.5,20,,1.1,,,,,,,,,,,,,,,,,,,,,,,0,,62,35,93,,,,,,,,,,,,,,,,,,,,,,,,,,,,,0,0,,,,,,,,,,,,,,,,,,,,,,,,,,,,,,,,,,29.4,20,,,,310,240,,,,,,,,4.5,8.5,,,,1,,,,,,,,,,,,,,,,,,,,,,,,,,,,,
USW00094728,6/14/2022,,,,,11.7,1013.2,1008.5,16.7,,1.9,,,,,,,,,,,,,,,,,,,,,,,0,,47,36,57,,,,,,,,,,,,,,,,,,,,,,,,,,,,,0,0,,,,,,,,,,,,,,,,,,,,,,,,,,,,,,,,,,27.2,20,,,,50,50,,,,,,,,4.5,6.7,,,,,,,,,,,,,,,,,,,,,,,,,,,,,,,,,
USW00094728,6/15/2022,,,,,13.9,1019,1013.5,17.2,,1.6,,,,,,,,,,,,,,,,,,,,,,,0,,61,38,76,,,,,,,,,,,,,,,,,,,,,,,,,,,,,0,0,,,,,,,,,,,,,,,,,,,,,,,,,,,,,,,,,,28.3,18.9,,,,60,50,,,,,,,,6.3,9.4,,,,,,,,,,,1,,,,,,,,,,,,,,,,,,,,,,
USW00094728,6/16/2022,,,,,16.1,1019,1014.6,17.2,,1.5,,,,,,,,,,,,,,,,,,,,,,,8.1,,82,68,96,,,,,,,,,,,,,,,,,,,,,,,,,,,,,0,0,,,,,,,,,,,,,,,,,,,,,,,,,,,,,,,,,,21.7,16.1,,,,200,180,,,,,,,,4.5,8.9,,,,1,,,,,,,,,,,,,,,,,,,,,,,,,,,,,
USW00094728,6/17/2022,,,,,15.6,1005.8,1002,19.4,,2.8,,,,,,,,,,,,,,,,,,,,,,,0,,57,33,84,,,,,,,,,,,,,,,,,,,,,,,,,,,,,0,0,,,,,,,,,,,,,,,,,,,,,,,,,,,,,,,,,,31.1,20.6,,,,270,250,,,,,,,,7.6,13,,,,,,,,,,,,,,,,,,,,,,,,,,,,,,,,,
USW00094728,6/18/2022,,,,,7.8,1007.1,1002.4,12.8,,3.9,,,,,,,,,,,,,,,,,,,,,,,0,,51,43,58,,,,,,,,,,,,,,,,,,,,,,,,,,,,,0,0,,,,,,,,,,,,,,,,,,,,,,,,,,,,,,,,,,23.9,14.4,,,,300,290,,,,,,,,8.1,14.3,,,,,,,,,,,,,,,,,,,,,,,,,,,,,,,,,
USW00094728,6/19/2022,,,,,3.3,1014.2,1008.5,10.6,,3.1,,,,,,,,,,,,,,,,,,,,,,,0,,39,25,58,,,,,,,,,,,,,,,,,,,,,,,,,,,,,0,0,,,,,,,,,,,,,,,,,,,,,,,,,,,,,,,,,,22.8,12.2,,,,300,300,,,,,,,,7.2,12.1,,,,,,,,,,,,,,,,,,,,,,,,,,,,,,,,,
USW00094728,6/20/2022,,,,,5.6,1019.3,1014.6,12.8,,1.6,,,,,,,,,,,,,,,,,,,,,,,0,,39,24,58,,,,,,,,,,,,,,,,,,,,,,,,,,,,,0,0,,,,,,,,,,,,,,,,,,,,,,,,,,,,,,,,,,25.6,13.9,,,,300,280,,,,,,,,5.4,7.6,,,,,,,,,,,,,,,,,,,,,,,,,,,,,,,,,
USW00094728,6/21/2022,,,,,11.7,1019.6,1014.6,15.6,,1.1,,,,,,,,,,,,,,,,,,,,,,,1.5,,61,35,90,,,,,,,,,,,,,,,,,,,,,,,,,,,,,0,0,,,,,,,,,,,,,,,,,,,,,,,,,,,,,,,,,,26.7,17.2,,,,70,70,,,,,,,,4,5.8,,,,1,,,,,,,,,,,,,,,,,,,,,,,,,,,,,
USW00094728,6/22/2022,,,,,15.6,1016.6,1011.9,16.7,,2.2,,,,,,,,,,,,,,,,,,,,,,,0.5,,85,75,93,,,,,,,,,,,,,,,,,,,,,,,,,,,,,0,0,,,,,,,,,,,,,,,,,,,,,,,,,,,,,,,,,,19.4,16.7,,,,130,120,,,,,,,,5.4,9.4,,,,1,,,,,,,1,,,,,,,,,,,,,,,,,,,,,,
USW00094728,6/23/2022,,,,,15.6,1014.9,1010.2,16.7,,1.4,,,,,,,,,,,,,,,,,,,,,,,2,,78,63,93,,,,,,,,,,,,,,,,,,,,,,,,,,,,,0,0,,,,,,,,,,,,,,,,,,,,,,,,,,,,,,,,,,23.3,16.1,,,,120,130,,,,,,,,5.4,8.5,,,,1,,,,,,,,,,,,,,,,,,,,,,,,,,,,,
USW00094728,6/24/2022,,,,,16.7,1016.3,1011.5,18.9,,1.3,,,,,,,,,,,,,,,,,,,,,,,0,,73,49,93,,,,,,,,,,,,,,,,,,,,,,,,,,,,,0,0,,,,,,,,,,,,,,,,,,,,,,,,,,,,,,,,,,27.2,17.2,,,,240,160,,,,,,,,3.6,7.2,,,,1,,,,,,,1,,,,,,,,,,,,,,,,,,,,,,
USW00094728,6/25/2022,,,,,15.6,1018.6,1013.5,20,,1,,,,,,,,,,,,,,,,,,,,,,,0,,55,27,81,,,,,,,,,,,,,,,,,,,,,,,,,,,,,0,0,,,,,,,,,,,,,,,,,,,,,,,,,,,,,,,,,,32.2,20.6,,,,290,300,,,,,,,,4,5.8,,,,,,,,,,,,,,,,,,,,,,,,,,,,,,,,,
USW00094728,6/26/2022,,,,,16.1,1017.9,1013.2,20,,1.6,,,,,,,,,,,,,,,,,,,,,,,0,,54,40,69,,,,,,,,,,,,,,,,,,,,,,,,,,,,,0,0,,,,,,,,,,,,,,,,,,,,,,,,,,,,,,,,,,31.7,23.3,,,,140,190,,,,,,,,5.4,8.9,,,,,,,,,,,,,,,,,,,,,,,,,,,,,,,,,
USW00094728,6/27/2022,,,,,18.9,1014.6,1009.5,20,,1.3,,,,,,,,,,,,,,,,,,,,,,,7.4,,81,64,90,,,,,,,,,,,,,,,,,,,,,,,,,,,,,0,0,,,,,,,,,,,,,,,,,,,,,,,,,,,,,,,,,,25,20.6,,,,230,230,,,,,,,,5.4,7.6,,,,1,,,,,,,1,,,,,,,,,,,,,,,,,,,,,,
USW00094728,6/28/2022,,,,,10.6,1020.7,1015.9,15.6,,1.1,,,,,,,,,,,,,,,,,,,,,,,0,,50,37,68,,,,,,,,,,,,,,,,,,,,,,,,,,,,,0,0,,,,,,,,,,,,,,,,,,,,,,,,,,,,,,,,,,26.1,18.9,,,,300,290,,,,,,,,5.4,6.7,,,,,,,,,,,,,,,,,,,,,,,,,,,,,,,,,
USW00094728,6/29/2022,,,,,13.9,1022.4,1017.3,17.8,,0.9,,,,,,,,,,,,,,,,,,,,,,,0,,56,33,75,,,,,,,,,,,,,,,,,,,,,,,,,,,,,0,0,,,,,,,,,,,,,,,,,,,,,,,,,,,,,,,,,,28.9,18.9,,,,250,230,,,,,,,,4.5,8.1,,,,,,,,,,,1,,,,,,,,,,,,,,,,,,,,,,
USW00094728,6/30/2022,,,,,13.9,1021,1016.6,18.3,,1.3,,,,,,,,,,,,,,,,,,,,,,,0,,51,32,68,,,,,,,,,,,,,,,,,,,,,,,,,,,,,0,0,,,,,,,,,,,,,,,,,,,,,,,,,,,,,,,,,,30,20.6,,,,270,260,,,,,,,,4.5,7.6,,,,,,,,,,,,,,,,,,,,,,,,,,,,,,,,,
USW00094728,7/1/2022,,,,,18.9,1015.9,1011.9,21.7,,1.7,,,,,,,,,,,,,,,,,,,,,,,0,,60,35,79,,,,,,,,,,,,,,,,,,,,,,,,,,,,,0,0,,,,,,,,,,,,,,,,,,,,,,,,,,,,,,,,,,32.8,22.8,,,,240,210,,,,,,,,5.4,8.1,,,,,,,,,,,1,,,,,,,,,,,,,,,,,,,,,,
USW00094728,7/2/2022,,,,,19.4,1012.5,1007.8,22.2,,1.4,,,,,,,,,,,,,,,,,,,,,,,0,,64,51,88,,,,,,,,,,,,,,,,,,,,,,,,,,,,,0,0,,,,,,,,,,,,,,,,,,,,,,,,,,,,,,,,,,30.6,22.8,,,,280,210,,,,,,,,4.5,8.5,,,,,,,,,,,,,,,,,,,,,,,,,,,,,,,,,
USW00094728,7/3/2022,,,,,12.2,1015.9,1011.5,17.8,,1.7,,,,,,,,,,,,,,,,,,,,,,,0,,42,24,69,,,,,,,,,,,,,,,,,,,,,,,,,,,,,0,0,,,,,,,,,,,,,,,,,,,,,,,,,,,,,,,,,,31.1,22.8,,,,280,270,,,,,,,,4.5,7.6,,,,,,,,,,,,,,,,,,,,,,,,,,,,,,,,,
USW00094728,7/4/2022,,,,,8.9,1020,1015.2,16.1,,1.2,,,,,,,,,,,,,,,,,,,,,,,0,,38,22,56,,,,,,,,,,,,,,,,,,,,,,,,,,,,,0,0,,,,,,,,,,,,,,,,,,,,,,,,,,,,,,,,,,29.4,18.3,,,,270,250,,,,,,,,4,7.2,,,,,,,,,,,1,,,,,,,,,,,,,,,,,,,,,,
USW00094728,7/5/2022,,,,,16.1,1014.9,1009.5,19.4,,2,,,,,,,,,,,,,,,,,,,,,,,2.3,,64,39,94,,,,,,,,,,,,,,,,,,,,,,,,,,,,,0,0,,,,,,,,,,,,,,,,,,,,,,,,,,,,,,,,,,30.6,21.1,,,,200,170,,,,,,,,5.4,8.9,,,,1,,,,,,,,,,,,,,,,,,,,,,,,,,,,,
USW00094728,7/6/2022,,,,,17.8,1010.5,1005.8,21.1,,2.3,,,,,,,,,,,,,,,,,,,,,,,0,,63,46,94,,,,,,,,,,,,,,,,,,,,,,,,,,,,,0,0,,,,,,,,,,,,,,,,,,,,,,,,,,,,,,,,,,29.4,21.7,,,,50,300,,,,,,,,5.8,8.9,,,,1,,,,,,,1,,,,,,,,,,,,,,,,,,,,,,
USW00094728,7/7/2022,,,,,16.1,1015.6,1010.2,19.4,,2.2,,,,,,,,,,,,,,,,,,,,,,,0,,63,43,81,,,,,,,,,,,,,,,,,,,,,,,,,,,,,0,0,,,,,,,,,,,,,,,,,,,,,,,,,,,,,,,,,,28.9,20.6,,,,70,70,,,,,,,,5.4,7.6,,,,,,,,,,,,,,,,,,,,,,,,,,,,,,,,,
USW00094728,7/8/2022,,,,,18.9,1015.6,1010.5,20.6,,0.6,,,,,,,,,,,,,,,,,,,,,,,6.1,,80,60,94,,,,,,,,,,,,,,,,,,,,,,,,,,,,,0,0,,,,,,,,,,,,,,,,,,,,,,,,,,,,,,,,,,28.3,20,,,,290,290,,,,,,,,3.6,5.8,,,,1,,,,,,,,,,,,,,,,,,,,,,,,,,,,,
USW00094728,7/9/2022,,,,,15,1016.6,1011.9,18.9,,1.3,,,,,,,,,,,,,,,,,,,,,,,0,,55,30,87,,,,,,,,,,,,,,,,,,,,,,,,,,,,,0,0,,,,,,,,,,,,,,,,,,,,,,,,,,,,,,,,,,29.4,21.7,,,,60,50,,,,,,,,4.5,7.2,,,,,,,,,,,,,,,,,,,,,,,,,,,,,,,,,
USW00094728,7/10/2022,,,,,11.1,1017.6,1012.9,16.1,,2.6,,,,,,,,,,,,,,,,,,,,,,,0,,49,29,66,,,,,,,,,,,,,,,,,,,,,,,,,,,,,0,0,,,,,,,,,,,,,,,,,,,,,,,,,,,,,,,,,,28.3,19.4,,,,60,60,,,,,,,,6.3,8.1,,,,,,,,,,,,,,,,,,,,,,,,,,,,,,,,,
USW00094728,7/11/2022,,,,,13.9,1013.2,1009.1,17.8,,2.3,,,,,,,,,,,,,,,,,,,,,,,0,,54,40,71,,,,,,,,,,,,,,,,,,,,,,,,,,,,,0,0,,,,,,,,,,,,,,,,,,,,,,,,,,,,,,,,,,29.4,19.4,,,,210,220,,,,,,,,5.8,9.8,,,,,,,,,,,1,,,,,,,,,,,,,,,,,,,,,,
USW00094728,7/12/2022,,,,,18.9,1007.5,1003.4,21.7,,2.6,,,,,,,,,,,,,,,,,,,,,,,0,,62,48,84,,,,,,,,,,,,,,,,,,,,,,,,,,,,,0,0,,,,,,,,,,,,,,,,,,,,,,,,,,,,,,,,,,32.2,21.1,,,,240,250,,,,,,,,6.7,9.8,,,,,,,,,,,,,,,,,,,,,,,,,,,,,,,,,
USW00094728,7/13/2022,,,,,16.7,1011.2,1006.4,20.6,,1.2,,,,,,,,,,,,,,,,,,,,,,,0,,52,31,69,,,,,,,,,,,,,,,,,,,,,,,,,,,,,0,0,,,,,,,,,,,,,,,,,,,,,,,,,,,,,,,,,,32.8,23.3,,,,290,180,,,,,,,,4,7.2,,,,,,,,,,,,,,,,,,,,,,,,,,,,,,,,,
USW00094728,7/14/2022,,,,,16.1,1014.9,1009.1,20,,1.7,,,,,,,,,,,,,,,,,,,,,,,0,,52,34,76,,,,,,,,,,,,,,,,,,,,,,,,,,,,,0,0,,,,,,,,,,,,,,,,,,,,,,,,,,,,,,,,,,32.2,22.2,,,,300,310,,,,,,,,5.4,8.1,,,,,,,,,,,,,,,,,,,,,,,,,,,,,,,,,
USW00094728,7/15/2022,,,,,14.4,1020,1015.2,18.9,,2,,,,,,,,,,,,,,,,,,,,,,,0,,53,32,74,,,,,,,,,,,,,,,,,,,,,,,,,,,,,0,0,,,,,,,,,,,,,,,,,,,,,,,,,,,,,,,,,,30,22.8,,,,70,60,,,,,,,,5.4,8.1,,,,,,,,,,,,,,,,,,,,,,,,,,,,,,,,,
USW00094728,7/16/2022,,,,,20,1018.6,1013.9,21.1,,1.2,,,,,,,,,,,,,,,,,,,,,,,28.2,,78,53,96,,,,,,,,,,,,,,,,,,,,,,,,,,,,,0,0,,,,,,,,,,,,,,,,,,,,,,,,,,,,,,,,,,29.4,18.9,,,,50,60,,,,,,,,8.9,13.4,,,,1,1,1,,,,,1,,,,,,,,,,,,,,,,,,,,,,
USW00094728,7/17/2022,,,,,19.4,1016.3,1011.5,21.7,,1.1,,,,,,,,,,,,,,,,,,,,,,,0,,71,60,88,,,,,,,,,,,,,,,,,,,,,,,,,,,,,0,0,,,,,,,,,,,,,,,,,,,,,,,,,,,,,,,,,,28.3,21.7,,,,240,230,,,,,,,,5.4,7.6,,,,,,,,,,,,,,,,,,,,,,,,,,,,,,,,,
USW00094728,7/18/2022,,,,,22.8,1011.2,1007.5,23.3,,1.3,,,,,,,,,,,,,,,,,,,,,,,47,,89,72,96,,,,,,,,,,,,,,,,,,,,,,,,,,,,,0,0,,,,,,,,,,,,,,,,,,,,,,,,,,,,,,,,,,27.2,20.6,,,,60,290,,,,,,,,7.2,10.7,,,,1,1,,,,,,,,,,,,,,,,,,,,,,,,,,,,
USW00094728,7/19/2022,,,,,18.3,1008.1,1003,21.7,,2.3,,,,,,,,,,,,,,,,,,,,,,,0,,59,41,84,,,,,,,,,,,,,,,,,,,,,,,,,,,,,0,0,,,,,,,,,,,,,,,,,,,,,,,,,,,,,,,,,,32.2,22.8,,,,260,260,,,,,,,,5.8,8.5,,,,,,,,,,,,,,,,,,,,,,,,,,,,,,,,,
USW00094728,7/20/2022,,,,,19.4,1007.5,1002.7,22.8,,1.8,,,,,,,,,,,,,,,,,,,,,,,0,,54,44,64,,,,,,,,,,,,,,,,,,,,,,,,,,,,,0,0,,,,,,,,,,,,,,,,,,,,,,,,,,,,,,,,,,35,25.6,,,,220,230,,,,,,,,4.5,7.2,,,,,,,,,,,,,,,,,,,,,,,,,,,,,,,,,
USW00094728,7/21/2022,,,,,21.1,1004.7,1000,23.9,,1.8,,,,,,,,,,,,,,,,,,,,,,,4.1,,65,38,94,,,,,,,,,,,,,,,,,,,,,,,,,,,,,0,0,,,,,,,,,,,,,,,,,,,,,,,,,,,,,,,,,,33.3,23.3,,,,40,300,,,,,,,,6.3,13,,,,1,,1,,,,,,,,,,,,,,,,,,,,,,,,,,,
USW00094728,7/22/2022,,,,,17.8,1011.2,1005.8,21.7,,1.2,,,,,,,,,,,,,,,,,,,,,,,0,,52,30,62,,,,,,,,,,,,,,,,,,,,,,,,,,,,,0,0,,,,,,,,,,,,,,,,,,,,,,,,,,,,,,,,,,34.4,25.6,,,,280,280,,,,,,,,4.5,7.6,,,,,,,,,,,,,,,,,,,,,,,,,,,,,,,,,
USW00094728,7/23/2022,,,,,17.8,1015.6,1010.5,21.7,,0.9,,,,,,,,,,,,,,,,,,,,,,,0,,51,31,67,,,,,,,,,,,,,,,,,,,,,,,,,,,,,0,0,,,,,,,,,,,,,,,,,,,,,,,,,,,,,,,,,,35,25.6,,,,230,210,,,,,,,,4.5,7.6,,,,,,,,,,,,,,,,,,,,,,,,,,,,,,,,,
USW00094728,7/24/2022,,,,,17.8,1014.9,1010.2,22.2,,2.2,,,,,,,,,,,,,,,,,,,,,,,0,,49,32,70,,,,,,,,,,,,,,,,,,,,,,,,,,,,,0,0,,,,,,,,,,,,,,,,,,,,,,,,,,,,,,,,,,35,26.1,,,,240,230,,,,,,,,5.8,9.4,,,,,,,,,,,,,,,,,,,,,,,,,,,,,,,,,
USW00094728,7/25/2022,,,,,22.8,1011.2,1006.4,24.4,,2.1,,,,,,,,,,,,,,,,,,,,,,,24.9,,74,63,94,,,,,,,,,,,,,,,,,,,,,,,,,,,,,0,0,,,,,,,,,,,,,,,,,,,,,,,,,,,,,,,,,,30,22.8,,,,300,280,,,,,,,,7.6,12.1,,,,1,1,1,,,,,,,,,,,,,,,,,,,,,,,,,,,
USW00094728,7/26/2022,,,,,14.4,1015.2,1010.2,18.3,,1.7,,,,,,,,,,,,,,,,,,,,,,,0,,54,42,72,,,,,,,,,,,,,,,,,,,,,,,,,,,,,0,0,,,,,,,,,,,,,,,,,,,,,,,,,,,,,,,,,,27.2,21.7,,,,50,50,,,,,,,,5.8,8.9,,,,,,,,,,,,,,,,,,,,,,,,,,,,,,,,,
USW00094728,7/27/2022,,,,,16.1,1013.2,1008.8,19.4,,1,,,,,,,,,,,,,,,,,,,,,,,0,,57,44,71,,,,,,,,,,,,,,,,,,,,,,,,,,,,,0,0,,,,,,,,,,,,,,,,,,,,,,,,,,,,,,,,,,29.4,21.1,,,,140,130,,,,,,,,3.6,6.7,,,,,,,,,,,,,,,,,,,,,,,,,,,,,,,,,
USW00094728,7/28/2022,,,,,21.7,1010.2,1005.4,23.3,,1.7,,,,,,,,,,,,,,,,,,,,,,,0.5,,73,57,91,,,,,,,,,,,,,,,,,,,,,,,,,,,,,0,0,,,,,,,,,,,,,,,,,,,,,,,,,,,,,,,,,,30.6,22.8,,,,250,190,,,,,,,,5.4,7.6,,,,1,,,,,,,,,,,,,,,,,,,,,,,,,,,,,
USW00094728,7/29/2022,,,,,18.9,1012.2,1007.5,21.7,,1.5,,,,,,,,,,,,,,,,,,,,,,,2.5,,66,49,90,,,,,,,,,,,,,,,,,,,,,,,,,,,,,0,0,,,,,,,,,,,,,,,,,,,,,,,,,,,,,,,,,,29.4,22.2,,,,230,230,,,,,,,,5.8,8.9,,,,1,,,,,,,,,,,,,,,,,,,,,,,,,,,,,
USW00094728,7/30/2022,,,,,13.9,1016.6,1011.2,18.9,,2.1,,,,,,,,,,,,,,,,,,,,,,,0,,46,33,74,,,,,,,,,,,,,,,,,,,,,,,,,,,,,0,0,,,,,,,,,,,,,,,,,,,,,,,,,,,,,,,,,,30.6,22.8,,,,310,270,,,,,,,,6.3,9.4,,,,,,,,,,,,,,,,,,,,,,,,,,,,,,,,,
USW00094728,7/31/2022,,,,,16.1,1020.3,1015.9,19.4,,0.9,,,,,,,,,,,,,,,,,,,,,,,0,,56,37,71,,,,,,,,,,,,,,,,,,,,,,,,,,,,,0,0,,,,,,,,,,,,,,,,,,,,,,,,,,,,,,,,,,30,21.7,,,,170,170,,,,,,,,3.6,6.3,,,,,,,,,,,,,,,,,,,,,,,,,,,,,,,,,
USW00094728,8/1/2022,,,,,19.4,1014.2,1009.8,20.6,,1.2,,,,,,,,,,,,,,,,,,,,,,,12.2,,88,76,96,,,,,,,,,,,,,,,,,,,,,,,,,,,,,0,0,,,,,,,,,,,,,,,,,,,,,,,,,,,,,,,,,,25,20,,,,60,40,,,,,,,,4,6.3,,,,1,,,,,,,1,,,,,,,,,,,,,,,,,,,,,,
USW00094728,8/2/2022,,,,,18.9,1009.8,1004.7,21.7,,1.6,,,,,,,,,,,,,,,,,,,,,,,0,,63,45,84,,,,,,,,,,,,,,,,,,,,,,,,,,,,,0,0,,,,,,,,,,,,,,,,,,,,,,,,,,,,,,,,,,32.2,22.2,,,,240,270,,,,,,,,5.4,7.2,,,,,,,,,,,,,,,,,,,,,,,,,,,,,,,,,
USW00094728,8/3/2022,,,,,17.8,1015.2,1009.8,20.6,,1.4,,,,,,,,,,,,,,,,,,,,,,,0,,60,34,79,,,,,,,,,,,,,,,,,,,,,,,,,,,,,0,0,,,,,,,,,,,,,,,,,,,,,,,,,,,,,,,,,,31.7,21.7,,,,230,130,,,,,,,,4,6.3,,,,,,,,,,,,,,,,,,,,,,,,,,,,,,,,,
USW00094728,8/4/2022,,,,,19.4,1016.9,1011.9,22.8,,1.6,,,,,,,,,,,,,,,,,,,,,,,0,,58,47,74,,,,,,,,,,,,,,,,,,,,,,,,,,,,,0,0,,,,,,,,,,,,,,,,,,,,,,,,,,,,,,,,,,33.9,24.4,,,,140,130,,,,,,,,5.4,8.9,,,,,,,,,,,,,,,,,,,,,,,,,,,,,,,,,
USW00094728,8/5/2022,,,,,20,1020,1015.2,22.8,,1.5,,,,,,,,,,,,,,,,,,,,,,,0,,61,48,69,,,,,,,,,,,,,,,,,,,,,,,,,,,,,0,0,,,,,,,,,,,,,,,,,,,,,,,,,,,,,,,,,,31.7,25.6,,,,230,220,,,,,,,,4.5,6.3,,,,,,,,,,,,,,,,,,,,,,,,,,,,,,,,,
USW00094728,8/6/2022,,,,,20.6,1022,1017.3,22.8,,1.8,,,,,,,,,,,,,,,,,,,,,,,0,,61,45,74,,,,,,,,,,,,,,,,,,,,,,,,,,,,,0,0,,,,,,,,,,,,,,,,,,,,,,,,,,,,,,,,,,33.3,25,,,,240,240,,,,,,,,5.8,10.3,,,,,,,,,,,,,,,,,,,,,,,,,,,,,,,,,
USW00094728,8/7/2022,,,,,21.7,1020,1015.6,23.9,,2.5,,,,,,,,,,,,,,,,,,,,,,,4.1,,66,47,90,,,,,,,,,,,,,,,,,,,,,,,,,,,,,0,0,,,,,,,,,,,,,,,,,,,,,,,,,,,,,,,,,,33.3,24.4,,,,260,250,,,,,,,,6.3,11.6,,,,1,,1,,,,,,,,,,,,,,,,,,,,,,,,,,,
USW00094728,8/8/2022,,,,,22.2,1014.9,1010.5,24.4,,2.4,,,,,,,,,,,,,,,,,,,,,,,0,,65,46,82,,,,,,,,,,,,,,,,,,,,,,,,,,,,,0,0,,,,,,,,,,,,,,,,,,,,,,,,,,,,,,,,,,33.9,26.1,,,,250,99,,,,,,,,4,8.1,,,,,,,,,,,,,,,,,,,,,,,,,,,,,,,,,
USW00094728,8/9/2022,,,,,22.2,1012.9,1008.1,24.4,,2.2,,,,,,,,,,,,,,,,,,,,,,,0.8,,63,41,85,,,,,,,,,,,,,,,,,,,,,,,,,,,,,0,0,,,,,,,,,,,,,,,,,,,,,,,,,,,,,,,,,,36.1,25.6,,,,240,10,,,,,,,,6.3,10.3,,,,,,1,,,,,,,,,,,,,,,,,,,,,,,,,,,
USW00094728,8/10/2022,,,,,17.8,1016.3,1011.5,21.1,,1.6,,,,,,,,,,,,,,,,,,,,,,,0,,59,45,69,,,,,,,,,,,,,,,,,,,,,,,,,,,,,0,0,,,,,,,,,,,,,,,,,,,,,,,,,,,,,,,,,,30.6,23.9,,,,140,170,,,,,,,,4,6.7,,,,,,,,,,,,,,,,,,,,,,,,,,,,,,,,,
USW00094728,8/11/2022,,,,,16.7,1012.2,1007.5,20.6,,1,,,,,,,,,,,,,,,,,,,,,,,2.8,,59,27,94,,,,,,,,,,,,,,,,,,,,,,,,,,,,,0,0,,,,,,,,,,,,,,,,,,,,,,,,,,,,,,,,,,31.7,22.2,,,,260,270,,,,,,,,4.5,6.7,,,,1,,,,,,,,,,,,,,,,,,,,,,,,,,,,,
USW00094728,8/12/2022,,,,,10,1015.2,1010.8,16.7,,2.5,,,,,,,,,,,,,,,,,,,,,,,0,,40,25,59,,,,,,,,,,,,,,,,,,,,,,,,,,,,,0,0,,,,,,,,,,,,,,,,,,,,,,,,,,,,,,,,,,29.4,21.7,,,,60,10,,,,,,,,6.3,9.4,,,,,,,,,,,,,,,,,,,,,,,,,,,,,,,,,
USW00094728,8/13/2022,,,,,8.9,1018.6,1013.9,15,,2,,,,,,,,,,,,,,,,,,,,,,,0,,44,31,59,,,,,,,,,,,,,,,,,,,,,,,,,,,,,0,0,,,,,,,,,,,,,,,,,,,,,,,,,,,,,,,,,,26.1,18.3,,,,50,50,,,,,,,,6.3,9.4,,,,,,,,,,,,,,,,,,,,,,,,,,,,,,,,,
USW00094728,8/14/2022,,,,,11.1,1017.3,1012.5,16.1,,1.2,,,,,,,,,,,,,,,,,,,,,,,0,,48,33,61,,,,,,,,,,,,,,,,,,,,,,,,,,,,,0,0,,,,,,,,,,,,,,,,,,,,,,,,,,,,,,,,,,27.8,18.9,,,,130,130,,,,,,,,4,7.2,,,,,,,,,,,,,,,,,,,,,,,,,,,,,,,,,
USW00094728,8/15/2022,,,,,12.8,1015.6,1010.8,17.2,,0.8,,,,,,,,,,,,,,,,,,,,,,,0,,51,37,68,,,,,,,,,,,,,,,,,,,,,,,,,,,,,0,0,,,,,,,,,,,,,,,,,,,,,,,,,,,,,,,,,,28.3,20,,,,200,200,,,,,,,,4,7.2,,,,,,,,,,,,,,,,,,,,,,,,,,,,,,,,,
USW00094728,8/16/2022,,,,,13.3,1015.9,1011.2,17.2,,2.5,,,,,,,,,,,,,,,,,,,,,,,0,,56,31,81,,,,,,,,,,,,,,,,,,,,,,,,,,,,,0,0,,,,,,,,,,,,,,,,,,,,,,,,,,,,,,,,,,28.3,18.9,,,,60,40,,,,,,,,7.6,9.8,,,,,,,,,,,,,,,,,,,,,,,,,,,,,,,,,
USW00094728,8/17/2022,,,,,13.3,1015.2,1010.5,17.2,,1.5,,,,,,,,,,,,,,,,,,,,,,,8.6,,60,41,93,,,,,,,,,,,,,,,,,,,,,,,,,,,,,0,0,,,,,,,,,,,,,,,,,,,,,,,,,,,,,,,,,,27.2,17.2,,,,50,40,,,,,,,,7.2,11.2,,,,1,,1,,,,,1,,,,,,,,,,,,,,,,,,,,,,
USW00094728,8/18/2022,,,,,13.3,1012.9,1008.1,17.2,,1.3,,,,,,,,,,,,,,,,,,,,,,,0,,54,30,87,,,,,,,,,,,,,,,,,,,,,,,,,,,,,0,0,,,,,,,,,,,,,,,,,,,,,,,,,,,,,,,,,,30.6,16.7,,,,280,270,,,,,,,,4.5,7.2,,,,,,,,,,,,,,,,,,,,,,,,,,,,,,,,,
USW00094728,8/19/2022,,,,,14.4,1017.6,1012.9,18.9,,1.6,,,,,,,,,,,,,,,,,,,,,,,0,,50,28,64,,,,,,,,,,,,,,,,,,,,,,,,,,,,,0,0,,,,,,,,,,,,,,,,,,,,,,,,,,,,,,,,,,32.2,20.6,,,,180,220,,,,,,,,4.5,8.5,,,,,,,,,,,,,,,,,,,,,,,,,,,,,,,,,
USW00094728,8/20/2022,,,,,17.2,1020.3,1015.9,20.6,,1.3,,,,,,,,,,,,,,,,,,,,,,,0,,56,42,67,,,,,,,,,,,,,,,,,,,,,,,,,,,,,0,0,,,,,,,,,,,,,,,,,,,,,,,,,,,,,,,,,,32.2,23.3,,,,140,170,,,,,,,,5.4,8.5,,,,,,,,,,,,,,,,,,,,,,,,,,,,,,,,,
USW00094728,8/21/2022,,,,,18.9,1019,1014.2,21.1,,1.2,,,,,,,,,,,,,,,,,,,,,,,0,,71,58,84,,,,,,,,,,,,,,,,,,,,,,,,,,,,,0,0,,,,,,,,,,,,,,,,,,,,,,,,,,,,,,,,,,27.8,22.2,,,,130,130,,,,,,,,4,6.7,,,,,,,,,,,,,,,,,,,,,,,,,,,,,,,,,
USW00094728,8/22/2022,,,,,21.1,1012.5,1008.1,22.2,,1.2,,,,,,,,,,,,,,,,,,,,,,,5.8,,85,69,94,,,,,,,,,,,,,,,,,,,,,,,,,,,,,0,0,,,,,,,,,,,,,,,,,,,,,,,,,,,,,,,,,,26.1,22.8,,,,60,130,,,,,,,,4,5.8,,,,1,,,,,,,,,,,,,,,,,,,,,,,,,,,,,
USW00094728,8/23/2022,,,,,19.4,1009.8,1004.7,21.1,,1.3,,,,,,,,,,,,,,,,,,,,,,,0,,72,46,97,,,,,,,,,,,,,,,,,,,,,,,,,,,,,0,0,,,,,,,,,,,,,,,,,,,,,,,,,,,,,,,,,,30,22.2,,,,280,280,,,,,,,,5.8,8.1,,,,1,,,,,,,1,,,,,,,,,,,,,,,,,,,,,,
USW00094728,8/24/2022,,,,,15,1014.2,1008.8,19.4,,1.7,,,,,,,,,,,,,,,,,,,,,,,0,,51,31,79,,,,,,,,,,,,,,,,,,,,,,,,,,,,,0,0,,,,,,,,,,,,,,,,,,,,,,,,,,,,,,,,,,32.2,21.7,,,,240,260,,,,,,,,4.5,7.2,,,,,,,,,,,,,,,,,,,,,,,,,,,,,,,,,
USW00094728,8/25/2022,,,,,14.4,1016.3,1011.9,19.4,,1.1,,,,,,,,,,,,,,,,,,,,,,,0,,48,28,68,,,,,,,,,,,,,,,,,,,,,,,,,,,,,0,0,,,,,,,,,,,,,,,,,,,,,,,,,,,,,,,,,,32.8,22.2,,,,200,170,,,,,,,,3.6,6.3,,,,,,,,,,,,,,,,,,,,,,,,,,,,,,,,,
USW00094728,8/26/2022,,,,,19.4,1013.2,1008.5,21.7,,1.3,,,,,,,,,,,,,,,,,,,,,,,6.1,,64,45,90,,,,,,,,,,,,,,,,,,,,,,,,,,,,,0,0,,,,,,,,,,,,,,,,,,,,,,,,,,,,,,,,,,30.6,23.3,,,,270,190,,,,,,,,4,7.2,,,,1,1,1,,,,,,,,,,,,,,,,,,,,,,,,,,,
USW00094728,8/27/2022,,,,,17.8,1015.6,1010.2,21.1,,1.7,,,,,,,,,,,,,,,,,,,,,,,0,,60,35,79,,,,,,,,,,,,,,,,,,,,,,,,,,,,,0,0,,,,,,,,,,,,,,,,,,,,,,,,,,,,,,,,,,32.2,23.3,,,,60,210,,,,,,,,4.5,6.3,,,,,,,,,,,,,,,,,,,,,,,,,,,,,,,,,
USW00094728,8/28/2022,,,,,19.4,1020.7,1015.6,21.1,,2.3,,,,,,,,,,,,,,,,,,,,,,,0,,74,61,85,,,,,,,,,,,,,,,,,,,,,,,,,,,,,0,0,,,,,,,,,,,,,,,,,,,,,,,,,,,,,,,,,,27.8,22.8,,,,60,60,,,,,,,,4.5,7.6,,,,,,,,,,,,,,,,,,,,,,,,,,,,,,,,,
USW00094728,8/29/2022,,,,,20.6,1018.6,1014.2,22.2,,1.3,,,,,,,,,,,,,,,,,,,,,,,0,,72,59,84,,,,,,,,,,,,,,,,,,,,,,,,,,,,,0,0,,,,,,,,,,,,,,,,,,,,,,,,,,,,,,,,,,29.4,23.9,,,,140,170,,,,,,,,4.5,8.5,,,,,,,,,,,,,,,,,,,,,,,,,,,,,,,,,
USW00094728,8/30/2022,,,,,21.1,1011.2,1007.1,22.8,,1.9,,,,,,,,,,,,,,,,,,,,,,,3,,75,49,94,,,,,,,,,,,,,,,,,,,,,,,,,,,,,0,0,,,,,,,,,,,,,,,,,,,,,,,,,,,,,,,,,,31.7,22.8,,,,240,230,,,,,,,,5.8,10.7,,,,1,,,,,,,,,,,,,,,,,,,,,,,,,,,,,
USW00094728,8/31/2022,,,,,13.9,1009.1,1004.1,18.3,,2.3,,,,,,,,,,,,,,,,,,,,,,,0,,54,29,91,,,,,,,,,,,,,,,,,,,,,,,,,,,,,0,0,,,,,,,,,,,,,,,,,,,,,,,,,,,,,,,,,,29.4,20.6,,,,290,270,,,,,,,,5.8,8.9,,,,1,,,,,,,,,,,,,,,,,,,,,,,,,,,,,
USW00094728,9/1/2022,,,,,9.4,1013.9,1008.5,16.1,,1.8,,,,,,,,,,,,,,,,,,,,,,,0,,40,22,61,,,,,,,,,,,,,,,,,,,,,,,,,,,,,0,0,,,,,,,,,,,,,,,,,,,,,,,,,,,,,,,,,,30,20.6,,,,310,300,,,,,,,,6.3,9.4,,,,,,,,,,,1,,,,,,,,,,,,,,,,,,,,,,
USW00094728,9/2/2022,,,,,11.7,1023.7,1019,15.6,,1.7,,,,,,,,,,,,,,,,,,,,,,,0,,56,39,79,,,,,,,,,,,,,,,,,,,,,,,,,,,,,0,0,,,,,,,,,,,,,,,,,,,,,,,,,,,,,,,,,,26.1,16.7,,,,50,50,,,,,,,,5.4,7.2,,,,,,,,,,,,,,,,,,,,,,,,,,,,,,,,,
USW00094728,9/3/2022,,,,,15.6,1024,1019.3,18.3,,1,,,,,,,,,,,,,,,,,,,,,,,0,,66,45,84,,,,,,,,,,,,,,,,,,,,,,,,,,,,,0,0,,,,,,,,,,,,,,,,,,,,,,,,,,,,,,,,,,27.8,18.3,,,,150,120,,,,,,,,3.1,6.3,,,,,,,,,,,,,,,,,,,,,,,,,,,,,,,,,
USW00094728,9/4/2022,,,,,18.9,1019.3,1014.6,21.1,,1.2,,,,,,,,,,,,,,,,,,,,,,,0,,66,43,82,,,,,,,,,,,,,,,,,,,,,,,,,,,,,0,0,,,,,,,,,,,,,,,,,,,,,,,,,,,,,,,,,,32.2,21.7,,,,250,290,,,,,,,,4.5,6.3,,,,,,,,,,,,,,,,,,,,,,,,,,,,,,,,,
USW00094728,9/5/2022,,,,,20,1017.9,1013.2,21.7,,0.9,,,,,,,,,,,,,,,,,,,,,,,1.5,,74,42,94,,,,,,,,,,,,,,,,,,,,,,,,,,,,,0,0,,,,,,,,,,,,,,,,,,,,,,,,,,,,,,,,,,31.1,22.8,,,,180,190,,,,,,,,4,7.6,,,,1,,,,,,,,,,,,,,,,,,,,,,,,,,,,,
USW00094728,9/6/2022,,,,,20,1015.9,1010.8,20.6,,1.7,,,,,,,,,,,,,,,,,,,,,,,19.8,,93,90,96,,,,,,,,,,,,,,,,,,,,,,,,,,,,,0,0,,,,,,,,,,,,,,,,,,,,,,,,,,,,,,,,,,23.3,19.4,,,,50,70,,,,,,,,6.7,9.8,,,,1,,,,,,,,,,,,,,,,,,,,,,,,,,,,,
USW00094728,9/7/2022,,,,,16.1,1015.2,1010.5,17.8,,2.9,,,,,,,,,,,,,,,,,,,,,,,0,,78,66,93,,,,,,,,,,,,,,,,,,,,,,,,,,,,,0,0,,,,,,,,,,,,,,,,,,,,,,,,,,,,,,,,,,22.2,18.3,,,,60,50,,,,,,,,6.3,8.1,,,,1,,,,,,,,,,,,,,,,,,,,,,,,,,,,,
USW00094728,9/8/2022,,,,,13.9,1013.2,1008.5,17.2,,1.8,,,,,,,,,,,,,,,,,,,,,,,0,,64,48,76,,,,,,,,,,,,,,,,,,,,,,,,,,,,,0,0,,,,,,,,,,,,,,,,,,,,,,,,,,,,,,,,,,25.6,18.3,,,,60,60,,,,,,,,5.4,7.2,,,,,,,,,,,,,,,,,,,,,,,,,,,,,,,,,
USW00094728,9/9/2022,,,,,12.2,1018.3,1012.9,16.1,,1.6,,,,,,,,,,,,,,,,,,,,,,,0,,60,27,87,,,,,,,,,,,,,,,,,,,,,,,,,,,,,0,0,,,,,,,,,,,,,,,,,,,,,,,,,,,,,,,,,,26.7,16.7,,,,70,90,,,,,,,,4.5,6.3,,,,,,,,,,,,,,,,,,,,,,,,,,,,,,,,,
USW00094728,9/10/2022,,,,,12.8,1023,1017.9,17.2,,1.1,,,,,,,,,,,,,,,,,,,,,,,0,,55,22,81,,,,,,,,,,,,,,,,,,,,,,,,,,,,,0,0,,,,,,,,,,,,,,,,,,,,,,,,,,,,,,,,,,30,17.8,,,,250,250,,,,,,,,3.6,5.8,,,,,,,,,,,,,,,,,,,,,,,,,,,,,,,,,
USW00094728,9/11/2022,,,,,17.8,1019.3,1013.5,19.4,,1.2,,,,,,,,,,,,,,,,,,,,,,,8.1,,81,64,96,,,,,,,,,,,,,,,,,,,,,,,,,,,,,0,0,,,,,,,,,,,,,,,,,,,,,,,,,,,,,,,,,,24.4,19.4,,,,250,270,,,,,,,,4,5.8,,,,1,,,,,,,,,,,,,,,,,,,,,,,,,,,,,
USW00094728,9/12/2022,,,,,20,1010.2,1005.8,21.1,,0.6,,,,,,,,,,,,,,,,,,,,,,,20.6,,83,62,96,,,,,,,,,,,,,,,,,,,,,,,,,,,,,0,0,,,,,,,,,,,,,,,,,,,,,,,,,,,,,,,,,,27.2,20,,,,120,130,,,,,,,,4,7.6,,,,1,1,1,,,,,,,,,,,,,,,,,,,,,,,,,,,
USW00094728,9/13/2022,,,,,18.3,1007.5,1002.7,20.6,,1.7,,,,,,,,,,,,,,,,,,,,,,,10.4,,74,45,97,,,,,,,,,,,,,,,,,,,,,,,,,,,,,0,0,,,,,,,,,,,,,,,,,,,,,,,,,,,,,,,,,,27.8,20,,,,280,230,,,,,,,,5.4,9.4,,,,1,,1,,,,,,,,,,,,,,,,,,,,,,,,,,,
USW00094728,9/14/2022,,,,,12.8,1013.9,1008.5,16.7,,2.5,,,,,,,,,,,,,,,,,,,,,,,0,,56,41,70,,,,,,,,,,,,,,,,,,,,,,,,,,,,,0,0,,,,,,,,,,,,,,,,,,,,,,,,,,,,,,,,,,26.7,16.7,,,,300,310,,,,,,,,5.8,8.9,,,,,,,,,,,,,,,,,,,,,,,,,,,,,,,,,
USW00094728,9/15/2022,,,,,7.8,1020.7,1015.2,13.9,,2.6,,,,,,,,,,,,,,,,,,,,,,,0,,45,30,68,,,,,,,,,,,,,,,,,,,,,,,,,,,,,0,0,,,,,,,,,,,,,,,,,,,,,,,,,,,,,,,,,,23.3,16.7,,,,50,20,,,,,,,,5.4,8.5,,,,,,,,,,,,,,,,,,,,,,,,,,,,,,,,,
USW00094728,9/16/2022,,,,,7.2,1021.7,1016.9,12.8,,0.9,,,,,,,,,,,,,,,,,,,,,,,0,,48,26,72,,,,,,,,,,,,,,,,,,,,,,,,,,,,,0,0,,,,,,,,,,,,,,,,,,,,,,,,,,,,,,,,,,23.9,13.9,,,,70,60,,,,,,,,4.5,5.8,,,,,,,,,,,,,,,,,,,,,,,,,,,,,,,,,
USW00094728,9/17/2022,,,,,12.8,1023.7,1018.6,16.1,,2.1,,,,,,,,,,,,,,,,,,,,,,,0,,63,50,76,,,,,,,,,,,,,,,,,,,,,,,,,,,,,0,0,,,,,,,,,,,,,,,,,,,,,,,,,,,,,,,,,,24.4,17.8,,,,60,60,,,,,,,,4.5,7.6,,,,,,,,,,,,,,,,,,,,,,,,,,,,,,,,,
USW00094728,9/18/2022,,,,,15.6,1017.3,1012.5,18.9,,2.5,,,,,,,,,,,,,,,,,,,,,,,0,,61,44,78,,,,,,,,,,,,,,,,,,,,,,,,,,,,,0,0,,,,,,,,,,,,,,,,,,,,,,,,,,,,,,,,,,28.3,19.4,,,,240,210,,,,,,,,5.8,9.4,,,,,,,,,,,,,,,,,,,,,,,,,,,,,,,,,
USW00094728,9/19/2022,,,,,16.7,1012.2,1007.5,19.4,,1.6,,,,,,,,,,,,,,,,,,,,,,,3.6,,68,42,90,,,,,,,,,,,,,,,,,,,,,,,,,,,,,0,0,,,,,,,,,,,,,,,,,,,,,,,,,,,,,,,,,,29.4,20,,,,270,280,,,,,,,,9.8,19.7,,,,1,,1,,,,,,,,,,,,,,,,,,,,,,,,,,,
USW00094728,9/20/2022,,,,,14.4,1011.9,1006.8,17.8,,1.8,,,,,,,,,,,,,,,,,,,,,,,0,,63,45,87,,,,,,,,,,,,,,,,,,,,,,,,,,,,,0,0,,,,,,,,,,,,,,,,,,,,,,,,,,,,,,,,,,26.1,19.4,,,,300,290,,,,,,,,5.4,8.9,,,,,,,,,,,,,,,,,,,,,,,,,,,,,,,,,
USW00094728,9/21/2022,,,,,14.4,1012.5,1007.8,17.2,,1.4,,,,,,,,,,,,,,,,,,,,,,,0,,64,44,78,,,,,,,,,,,,,,,,,,,,,,,,,,,,,0,0,,,,,,,,,,,,,,,,,,,,,,,,,,,,,,,,,,26.7,16.7,,,,240,220,,,,,,,,4,7.2,,,,,,,,,,,,,,,,,,,,,,,,,,,,,,,,,
USW00094728,9/22/2022,,,,,13.3,1004.4,999.7,16.1,,3.3,,,,,,,,,,,,,,,,,,,,,,,11.9,,70,43,93,,,,,,,,,,,,,,,,,,,,,,,,,,,,,0,0,,,,,,,,,,,,,,,,,,,,,,,,,,,,,,,,,,23.9,13.9,,,,300,290,,,,,,,,8.1,13,,,,1,1,1,,,,,,,,,,,,,,,,,,,,,,,,,,,
USW00094728,9/23/2022,,,,,1.7,1013.2,1008.5,7.8,,4.3,,,,,,,,,,,,,,,,,,,,,,,0,,47,31,67,,,,,,,,,,,,,,,,,,,,,,,,,,,,,0,0,,,,,,,,,,,,,,,,,,,,,,,,,,,,,,,,,,17.2,10.6,,,,300,310,,,,,,,,7.6,14.3,,,,,,,,,,,,,,,,,,,,,,,,,,,,,,,,,
USW00094728,9/24/2022,,,,,4.4,1014.6,1010.2,9.4,,1.8,,,,,,,,,,,,,,,,,,,,,,,0,,49,36,66,,,,,,,,,,,,,,,,,,,,,,,,,,,,,0,0,,,,,,,,,,,,,,,,,,,,,,,,,,,,,,,,,,20.6,9.4,,,,280,260,,,,,,,,4.5,7.6,,,,,,,,,,,,,,,,,,,,,,,,,,,,,,,,,
USW00094728,9/25/2022,,,,,12.2,1006.4,1002.4,14.4,,1.5,,,,,,,,,,,,,,,,,,,,,,,28.2,,70,54,93,,,,,,,,,,,,,,,,,,,,,,,,,,,,,0,0,,,,,,,,,,,,,,,,,,,,,,,,,,,,,,,,,,22.2,15,,,,230,240,,,,,,,,4.5,8.1,,,,1,,1,,,,,,,,,,,,,,,,,,,,,,,,,,,
USW00094728,9/26/2022,,,,,10.6,1005.8,1000.3,14.4,,2.6,,,,,,,,,,,,,,,,,,,,,,,0,,61,39,93,,,,,,,,,,,,,,,,,,,,,,,,,,,,,0,0,,,,,,,,,,,,,,,,,,,,,,,,,,,,,,,,,,23.3,14.4,,,,260,230,,,,,,,,6.3,9.4,,,,,,,,,,,,,,,,,,,,,,,,,,,,,,,,,
USW00094728,9/27/2022,,,,,7.8,1011.5,1006.4,12.2,,1.9,,,,,,,,,,,,,,,,,,,,,,,0,,53,45,63,,,,,,,,,,,,,,,,,,,,,,,,,,,,,0,0,,,,,,,,,,,,,,,,,,,,,,,,,,,,,,,,,,21.1,15,,,,250,230,,,,,,,,5.4,8.5,,,,,,,,,,,,,,,,,,,,,,,,,,,,,,,,,
USW00094728,9/28/2022,,,,,8.3,1019.6,1014.9,12.2,,1.8,,,,,,,,,,,,,,,,,,,,,,,0,,59,44,75,,,,,,,,,,,,,,,,,,,,,,,,,,,,,0,0,,,,,,,,,,,,,,,,,,,,,,,,,,,,,,,,,,20.6,11.7,,,,280,270,,,,,,,,5.4,7.2,,,,,,,,,,,,,,,,,,,,,,,,,,,,,,,,,
USW00094728,9/29/2022,,,,,7.2,1026.8,1022.4,11.1,,2.6,,,,,,,,,,,,,,,,,,,,,,,0,,57,42,74,,,,,,,,,,,,,,,,,,,,,,,,,,,,,0,0,,,,,,,,,,,,,,,,,,,,,,,,,,,,,,,,,,18.9,11.7,,,,50,40,,,,,,,,6.7,9.8,,,,,,,,,,,,,,,,,,,,,,,,,,,,,,,,,
USW00094728,9/30/2022,,,,,6.7,1024.7,1019.6,10.6,,3.1,,,,,,,,,,,,,,,,,,,,,,,0,,61,52,72,,,,,,,,,,,,,,,,,,,,,,,,,,,,,0,0,,,,,,,,,,,,,,,,,,,,,,,,,,,,,,,,,,16.7,11.1,,,,60,60,,,,,,,,6.3,8.5,,,,,,,,,,,,,,,,,,,,,,,,,,,,,,,,,
USW00094728,10/1/2022,,,,,9.4,1013.9,1011.9,16.1,,4.5,,,,,,,,,,,,,,,,,,,,,,,15,,40,22,61,,,,,,,,,,,,,,,,,,,,,,,,,,,,,0,0,,,,,,,,,,,,,,,,,,,,,,,,,,,,,,,,,,16.1,10.6,,,,50,20,,,,,,,,8.1,12.1,,,,1,,,,,,,,,,,,,,,,,,,,,,,,,,,,,
USW00094728,10/2/2022,,,,,8.3,1019.3,1012.9,12.2,,5.5,,,,,,,,,,,,,,,,,,,,,,,0,,63,47,79,,,,,,,,,,,,,,,,,,,,,,,,,,,,,0,0,,,,,,,,,,,,,,,,,,,,,,,,,,,,,,,,,,15.6,10,,,,50,40,,,,,,,,10.3,16.1,,,,,,,,,,,,,,,,,,,,,,,,,,,,,,,,,
USW00094728,10/3/2022,,,,,,,,,,4.7,,,,,,,,,,,,,,,,,,,,,,,11.9,,,,,,,,,,,,,,,,,,,,,,,,,,,,,,,,,0,0,,,,,,,,,,,,,,,,,,,,,,,,,,,,,,,,,,11.7,8.3,,,,50,50,,,,,,,,9.8,14.3,,,,1,,,,,,,,,,,,,,,,,,,,,,,,,,,,,
USW00094728,10/4/2022,,,,,18.9,1019.3,1010.5,21.1,,4.4,,,,,,,,,,,,,,,,,,,,,,,47,,66,43,82,,,,,,,,,,,,,,,,,,,,,,,,,,,,,0,0,,,,,,,,,,,,,,,,,,,,,,,,,,,,,,,,,,12.8,7.8,,,,60,60,,,,,,,,8.1,12.1,,,,1,,1,,,,,,,,,,,,,,,,,,,,,,,,,,,
USW00094728,10/5/2022,,,,,12.2,1012.9,1008.1,12.8,,2.4,,,,,,,,,,,,,,,,,,,,,,,9.4,,90,78,97,,,,,,,,,,,,,,,,,,,,,,,,,,,,,0,0,,,,,,,,,,,,,,,,,,,,,,,,,,,,,,,,,,15,12.2,,,,20,40,,,,,,,,5.4,8.9,,,,1,,,,,,,,,,,,,,,,,,,,,,,,,,,,,
USW00094728,10/6/2022,,,,,8.9,1014.2,1009.1,12.8,,1.3,,,,,,,,,,,,,,,,,,,,,,,0,,59,38,89,,,,,,,,,,,,,,,,,,,,,,,,,,,,,0,0,,,,,,,,,,,,,,,,,,,,,,,,,,,,,,,,,,23.3,11.7,,,,290,230,,,,,,,,3.6,4.9,,,,,,,,,,,,,,,,,,,,,,,,,,,,,,,,,
USW00094728,10/7/2022,,,,,10,1014.9,1009.1,13.9,,2.1,,,,,,,,,,,,,,,,,,,,,,,0,,57,39,78,,,,,,,,,,,,,,,,,,,,,,,,,,,,,0,0,,,,,,,,,,,,,,,,,,,,,,,,,,,,,,,,,,24.4,14.4,,,,300,300,,,,,,,,5.4,7.6,,,,,,,,,,,,,,,,,,,,,,,,,,,,,,,,,
USW00094728,10/8/2022,,,,,2.8,1020.7,1015.6,7.2,,2.1,,,,,,,,,,,,,,,,,,,,,,,0.8,,55,40,80,,,,,,,,,,,,,,,,,,,,,,,,,,,,,0,0,,,,,,,,,,,,,,,,,,,,,,,,,,,,,,,,,,14.4,8.3,,,,300,310,,,,,,,,5.8,8.9,,,,,,,,,,,,,,,,,,,,,,,,,,,,,,,,,
USW00094728,10/9/2022,,,,,2.8,1020.7,1015.6,7.8,,1.6,,,,,,,,,,,,,,,,,,,,,,,0,,54,38,74,,,,,,,,,,,,,,,,,,,,,,,,,,,,,0,0,,,,,,,,,,,,,,,,,,,,,,,,,,,,,,,,,,16.1,6.7,,,,240,230,,,,,,,,5.8,9.4,,,,,,,,,,,,,,,,,,,,,,,,,,,,,,,,,
USW00094728,10/10/2022,,,,,3.9,1022.4,1016.9,10,,1.5,,,,,,,,,,,,,,,,,,,,,,,0,,47,36,57,,,,,,,,,,,,,,,,,,,,,,,,,,,,,0,0,,,,,,,,,,,,,,,,,,,,,,,,,,,,,,,,,,19.4,11.1,,,,240,230,,,,,,,,4.5,8.5,,,,,,,,,,,,,,,,,,,,,,,,,,,,,,,,,
USW00094728,10/11/2022,,,,,7.2,1025.4,1020.7,11.7,,1.2,,,,,,,,,,,,,,,,,,,,,,,0,,59,42,77,,,,,,,,,,,,,,,,,,,,,,,,,,,,,0,0,,,,,,,,,,,,,,,,,,,,,,,,,,,,,,,,,,21.1,10.6,,,,240,210,,,,,,,,4,6.7,,,,,,,,,,,,,,,,,,,,,,,,,,,,,,,,,
USW00094728,10/12/2022,,,,,8.3,1022,1017.6,12.2,,1.6,,,,,,,,,,,,,,,,,,,,,,,0,,58,44,76,,,,,,,,,,,,,,,,,,,,,,,,,,,,,0,0,,,,,,,,,,,,,,,,,,,,,,,,,,,,,,,,,,21.1,13.9,,,,220,210,,,,,,,,6.3,10.3,,,,,,,,,,,,,,,,,,,,,,,,,,,,,,,,,
USW00094728,10/13/2022,,,,,15.6,1011.2,1007.5,16.7,,1.8,,,,,,,,,,,,,,,,,,,,,,,20.3,,85,73,97,,,,,,,,,,,,,,,,,,,,,,,,,,,,,0,0,,,,,,,,,,,,,,,,,,,,,,,,,,,,,,,,,,20.6,12.2,,,,290,170,,,,,,,,6.7,9.8,,,,1,,1,,,,,,,,,,,,,,,,,,,,,,,,,,,
USW00094728,10/14/2022,,,,,7.2,1012.5,1006.8,11.1,,1.7,,,,,,,,,,,,,,,,,,,,,,,4.8,,66,33,93,,,,,,,,,,,,,,,,,,,,,,,,,,,,,0,0,,,,,,,,,,,,,,,,,,,,,,,,,,,,,,,,,,19.4,11.1,,,,310,30,,,,,,,,4.5,7.6,,,,1,,,,,,,1,,,,,,,,,,,,,,,,,,,,,,
USW00094728,10/15/2022,,,,,7.8,1015.9,1010.8,11.7,,1.3,,,,,,,,,,,,,,,,,,,,,,,0,,63,39,86,,,,,,,,,,,,,,,,,,,,,,,,,,,,,0,0,,,,,,,,,,,,,,,,,,,,,,,,,,,,,,,,,,20,10,,,,140,180,,,,,,,,4.5,8.5,,,,,,,,,,,,,,,,,,,,,,,,,,,,,,,,,
USW00094728,10/16/2022,,,,,6.7,1013.2,1008.5,10.6,,1.2,,,,,,,,,,,,,,,,,,,,,,,0,,58,40,86,,,,,,,,,,,,,,,,,,,,,,,,,,,,,0,0,,,,,,,,,,,,,,,,,,,,,,,,,,,,,,,,,,17.8,11.1,,,,40,240,,,,,,,,4,6.3,,,,,,,,,,,,,,,,,,,,,,,,,,,,,,,,,
USW00094728,10/17/2022,,,,,10.6,1005.1,1000,12.8,,1.7,,,,,,,,,,,,,,,,,,,,,,,3.6,,77,50,93,,,,,,,,,,,,,,,,,,,,,,,,,,,,,0,0,,,,,,,,,,,,,,,,,,,,,,,,,,,,,,,,,,18.9,11.7,,,,220,210,,,,,,,,5.4,9.4,,,,1,,,,,,,,,,,,,,,,,,,,,,,,,,,,,
USW00094728,10/18/2022,,,,,0,1004.7,999.3,6.1,,2.5,,,,,,,,,,,,,,,,,,,,,,,0,,49,42,61,,,,,,,,,,,,,,,,,,,,,,,,,,,,,0,0,,,,,,,,,,,,,,,,,,,,,,,,,,,,,,,,,,13.3,7.8,,,,270,230,,,,,,,,5.4,8.5,,,,,,,,,,,,,,,,,,,,,,,,,,,,,,,,,
USW00094728,10/19/2022,,,,,0,1010.5,1005.4,5,,2.5,,,,,,,,,,,,,,,,,,,,,,,0,,54,40,71,,,,,,,,,,,,,,,,,,,,,,,,,,,,,0,0,,,,,,,,,,,,,,,,,,,,,,,,,,,,,,,,,,12.2,5.6,,,,250,230,,,,,,,,6.3,10.3,,,,,,,,,,,,,,,,,,,,,,,,,,,,,,,,,
USW00094728,10/20/2022,,,,,0.6,1014.9,1009.8,6.1,,2.5,,,,,,,,,,,,,,,,,,,,,,,0,,50,30,71,,,,,,,,,,,,,,,,,,,,,,,,,,,,,0,0,,,,,,,,,,,,,,,,,,,,,,,,,,,,,,,,,,14.4,6.7,,,,220,210,,,,,,,,5.8,9.8,,,,,,,,,,,,,,,,,,,,,,,,,,,,,,,,,
USW00094728,10/21/2022,,,,,1.7,1020,1015.2,7.8,,1,,,,,,,,,,,,,,,,,,,,,,,0,,50,26,71,,,,,,,,,,,,,,,,,,,,,,,,,,,,,0,0,,,,,,,,,,,,,,,,,,,,,,,,,,,,,,,,,,16.7,7.8,,,,240,230,,,,,,,,4,6.3,,,,,,,,,,,1,,,,,,,,,,,,,,,,,,,,,,
USW00094728,10/22/2022,,,,,5.6,1024.4,1019.6,10,,1.2,,,,,,,,,,,,,,,,,,,,,,,0,,57,36,74,,,,,,,,,,,,,,,,,,,,,,,,,,,,,0,0,,,,,,,,,,,,,,,,,,,,,,,,,,,,,,,,,,18.9,9.4,,,,240,220,,,,,,,,4,6.3,,,,,,,,,,,,,,,,,,,,,,,,,,,,,,,,,
USW00094728,10/23/2022,,,,,7.8,1024.4,1019.6,11.1,,3.2,,,,,,,,,,,,,,,,,,,,,,,0.5,,67,58,81,,,,,,,,,,,,,,,,,,,,,,,,,,,,,0,0,,,,,,,,,,,,,,,,,,,,,,,,,,,,,,,,,,16.1,12.2,,,,50,50,,,,,,,,6.7,10.3,,,,,,,,,,,,,,,,,,,,,,,,,,,,,,,,,
USW00094728,10/24/2022,,,,,13.3,1021,1016.3,13.9,,3.4,,,,,,,,,,,,,,,,,,,,,,,13.2,,93,90,96,,,,,,,,,,,,,,,,,,,,,,,,,,,,,0,0,,,,,,,,,,,,,,,,,,,,,,,,,,,,,,,,,,16.1,12.8,,,,60,40,,,,,,,,6.3,9.8,,,,1,,,,,,,,,,,,,,,,,,,,,,,,,,,,,
USW00094728,10/25/2022,,,,,17.2,1017.9,1013.5,17.8,,1.1,,,,,,,,,,,,,,,,,,,,,,,0,,93,87,97,,,,,,,,,,,,,,,,,,,,,,,,,,,,,0,0,,,,,,,,,,,,,,,,,,,,,,,,,,,,,,,,,,21.1,16.1,,,,60,60,,,,,,,,4,5.8,,,,1,1,,,,,,,,,,,,,,,,,,,,,,,,,,,,
USW00094728,10/26/2022,,,,,16.1,1009.8,1005.8,17.2,,1.3,,,,,,,,,,,,,,,,,,,,,,,0,,84,73,96,,,,,,,,,,,,,,,,,,,,,,,,,,,,,0,0,,,,,,,,,,,,,,,,,,,,,,,,,,,,,,,,,,22.2,15.6,,,,260,220,,,,,,,,4.5,7.2,,,,1,,,,,,,1,,,,,,,,,,,,,,,,,,,,,,
USW00094728,10/27/2022,,,,,5,1020,1013.2,10,,3,,,,,,,,,,,,,,,,,,,,,,,0,,52,32,78,,,,,,,,,,,,,,,,,,,,,,,,,,,,,0,0,,,,,,,,,,,,,,,,,,,,,,,,,,,,,,,,,,18.3,11.1,,,,20,360,,,,,,,,6.3,10.3,,,,,,,,,,,,,,,,,,,,,,,,,,,,,,,,,
USW00094728,10/28/2022,,,,,1.1,1032.5,1027.4,6.1,,2.5,,,,,,,,,,,,,,,,,,,,,,,0,,54,40,63,,,,,,,,,,,,,,,,,,,,,,,,,,,,,0,0,,,,,,,,,,,,,,,,,,,,,,,,,,,,,,,,,,13.3,7.2,,,,50,60,,,,,,,,6.7,8.9,,,,,,,,,,,,,,,,,,,,,,,,,,,,,,,,,
USW00094728,10/29/2022,,,,,2.8,1030.5,1025.4,6.7,,1.5,,,,,,,,,,,,,,,,,,,,,,,0,,60,45,74,,,,,,,,,,,,,,,,,,,,,,,,,,,,,0,0,,,,,,,,,,,,,,,,,,,,,,,,,,,,,,,,,,14.4,6.1,,,,50,40,,,,,,,,4,5.8,,,,,,,,,,,,,,,,,,,,,,,,,,,,,,,,,
USW00094728,10/30/2022,,,,,3.9,1023.4,1018.6,8.3,,0.4,,,,,,,,,,,,,,,,,,,,,,,0,,61,31,83,,,,,,,,,,,,,,,,,,,,,,,,,,,,,0,0,,,,,,,,,,,,,,,,,,,,,,,,,,,,,,,,,,17.2,6.1,,,,70,200,,,,,,,,2.7,4,,,,,,,,,,,,,,,,,,,,,,,,,,,,,,,,,
USW00094728,10/31/2022,,,,,,,,,,0.7,,,,,,,,,,,,,,,,,,,,,,,2.5,,73,58,89,,,,,,,,,,,,,,,,,,,,,,,,,,,,,0,0,,,,,,,,,,,,,,,,,,,,,,,,,,,,,,,,,,18.3,10.6,,,,220,230,,,,,,,,4.5,6.7,,,,1,,,,,,,,,,,,,,,,,,,,,,,,,,,,,
USW00094728,11/1/2022,,,,,13.9,1016.6,1011.2,15,,1.7,,,,,,,,,,,,,,,,,,,,,,,2,,83,66,96,,,,,,,,,,,,,,,,,,,,,,,,,,,,,0,0,,,,,,,,,,,,,,,,,,,,,,,,,,,,,,,,,,19.4,15,,,,300,290,,,,,,,,4,6.3,,,,1,,,,,,,1,,,,,,,,,,,,,,,,,,,,,,
USW00094728,11/2/2022,,,,,7.8,1025.1,1019.3,12.2,,1,,,,,,,,,,,,,,,,,,,,,,,0,,58,39,84,,,,,,,,,,,,,,,,,,,,,,,,,,,,,0,0,,,,,,,,,,,,,,,,,,,,,,,,,,,,,,,,,,21.1,12.2,,,,50,40,,,,,,,,6.3,8.9,,,,,,,,,,,,,,,,,,,,,,,,,,,,,,,,,
USW00094728,11/3/2022,,,,,8.3,1028.1,1023.4,11.7,,0.9,,,,,,,,,,,,,,,,,,,,,,,0,,67,40,90,,,,,,,,,,,,,,,,,,,,,,,,,,,,,0,0,,,,,,,,,,,,,,,,,,,,,,,,,,,,,,,,,,19.4,11.1,,,,190,180,,,,,,,,3.1,4.9,,,,,,,,,,,,,,,,,,,,,,,,,,,,,,,,,
USW00094728,11/4/2022,,,,,12.8,1026.8,1022.4,13.9,,0.9,,,,,,,,,,,,,,,,,,,,,,,0,,79,57,93,,,,,,,,,,,,,,,,,,,,,,,,,,,,,0,0,,,,,,,,,,,,,,,,,,,,,,,,,,,,,,,,,,21.1,11.7,,,,140,120,,,,,,,,4,7.2,,,,1,,,,,,,1,,,,,,,,,,,,,,,,,,,,,,
USW00094728,11/5/2022,,,,,15.6,1023.4,1018.6,17.2,,1.8,,,,,,,,,,,,,,,,,,,,,,,0,,75,60,84,,,,,,,,,,,,,,,,,,,,,,,,,,,,,0,0,,,,,,,,,,,,,,,,,,,,,,,,,,,,,,,,,,24.4,17.8,,,,200,200,,,,,,,,4.5,8.5,,,,,,,,,,,,,,,,,,,,,,,,,,,,,,,,,
USW00094728,11/6/2022,,,,,16.7,1022.4,1017.3,18.3,,1.9,,,,,,,,,,,,,,,,,,,,,,,0,,74,67,84,,,,,,,,,,,,,,,,,,,,,,,,,,,,,0,0,,,,,,,,,,,,,,,,,,,,,,,,,,,,,,,,,,23.9,18.9,,,,180,180,,,,,,,,3.6,6.7,,,,,,,,,,,,,,,,,,,,,,,,,,,,,,,,,
USW00094728,11/7/2022,,,,,6.7,1022.4,1017.6,13.9,,2.7,,,,,,,,,,,,,,,,,,,,,,,0,,46,15,84,,,,,,,,,,,,,,,,,,,,,,,,,,,,,0,0,,,,,,,,,,,,,,,,,,,,,,,,,,,,,,,,,,25,12.2,,,,350,350,,,,,,,,6.3,9.4,,,,,,,,,,,,,,,,,,,,,,,,,,,,,,,,,
USW00094728,11/8/2022,,,,,-4.4,1033.5,1028.4,5,,3.2,,,,,,,,,,,,,,,,,,,,,,,0,,35,20,54,,,,,,,,,,,,,,,,,,,,,,,,,,,,,0,0,,,,,,,,,,,,,,,,,,,,,,,,,,,,,,,,,,14.4,8.3,,,,50,50,,,,,,,,7.2,10.7,,,,,,,,,,,,,,,,,,,,,,,,,,,,,,,,,
USW00094728,11/9/2022,,,,,-1.7,1036.2,1031.5,4.4,,2,,,,,,,,,,,,,,,,,,,,,,,0,,52,38,71,,,,,,,,,,,,,,,,,,,,,,,,,,,,,0,0,,,,,,,,,,,,,,,,,,,,,,,,,,,,,,,,,,11.7,4.4,,,,40,20,,,,,,,,7.2,10.7,,,,,,,,,,,,,,,,,,,,,,,,,,,,,,,,,
USW00094728,11/10/2022,,,,,7.8,1027.4,1022.4,10.6,,1.3,,,,,,,,,,,,,,,,,,,,,,,0,,67,50,78,,,,,,,,,,,,,,,,,,,,,,,,,,,,,0,0,,,,,,,,,,,,,,,,,,,,,,,,,,,,,,,,,,18.9,8.3,,,,220,230,,,,,,,,4.5,7.2,,,,,,,,,,,,,,,,,,,,,,,,,,,,,,,,,
USW00094728,11/11/2022,,,,,15.6,1013.5,1006.4,16.7,,1.6,,,,,,,,,,,,,,,,,,,,,,,22.6,,88,75,97,,,,,,,,,,,,,,,,,,,,,,,,,,,,,0,0,,,,,,,,,,,,,,,,,,,,,,,,,,,,,,,,,,20,15,,,,140,150,,,,,,,,5.8,10.3,,,,1,,,,,,,,,,,,,,,,,,,,,,,,,,,,,
USW00094728,11/12/2022,,,,,13.3,1002.7,995.9,15.6,,2.3,,,,,,,,,,,,,,,,,,,,,,,2,,70,53,93,,,,,,,,,,,,,,,,,,,,,,,,,,,,,0,0,,,,,,,,,,,,,,,,,,,,,,,,,,,,,,,,,,20.6,15.6,,,,280,260,,,,,,,,6.7,10.3,,,,1,,,,,,,,,,,,,,,,,,,,,,,,,,,,,
USW00094728,11/13/2022,,,,,2.8,1012.5,1006.8,6.7,,2.6,,,,,,,,,,,,,,,,,,,,,,,1,,64,41,86,,,,,,,,,,,,,,,,,,,,,,,,,,,,,0,0,,,,,,,,,,,,,,,,,,,,,,,,,,,,,,,,,,16.1,5,,,,290,290,,,,,,,,6.7,10.7,,,,1,,,,,,,,,,,,,,,,,,,,,,,,,,,,,
USW00094728,11/14/2022,,,,,-5,1026.4,1021.3,1.1,,2.8,,,,,,,,,,,,,,,,,,,,,,,0,,50,40,62,,,,,,,,,,,,,,,,,,,,,,,,,,,,,0,0,,,,,,,,,,,,,,,,,,,,,,,,,,,,,,,,,,7.2,2.8,,,,300,310,,,,,,,,6.3,9.4,,,,,,,,,,,,,,,,,,,,,,,,,,,,,,,,,
USW00094728,11/15/2022,,,,,-2.2,1028.1,1024,2.2,,3,,,,,,,,,,,,,,,,,,,,,,,14.2,,63,41,93,,,,,,,,,,,,,,,,,,,,,,,,,,,,,0,0,,,,,,,,,,,,,,,,,,,,,,,,,,,,,,,,,,7.8,1.7,,,,60,80,,,,,,,,6.7,9.8,,,,1,,,,,,,,,,,,,,,,,,,,,,,,,,,,,
USW00094728,11/16/2022,,,,,2.2,1012.9,1007.8,5,,3.6,,,,,,,,,,,,,,,,,,,,,,,7.1,,73,54,96,,,,,,,,,,,,,,,,,,,,,,,,,,,,,0,0,,,,,,,,,,,,,,,,,,,,,,,,,,,,,,,,,,10,3.9,,,,60,90,,,,,,,,7.2,11.2,,,,1,,,,,,,,,,,,,,,,,,,,,,,,,,,,,
USW00094728,11/17/2022,,,,,-4.4,1014.2,1009.1,1.1,,3.4,,,,,,,,,,,,,,,,,,,,,,,0,,53,40,65,,,,,,,,,,,,,,,,,,,,,,,,,,,,,0,0,,,,,,,,,,,,,,,,,,,,,,,,,,,,,,,,,,7.8,2.8,,,,280,280,,,,,,,,8.1,12.5,,,,,,,,,,,,,,,,,,,,,,,,,,,,,,,,,
USW00094728,11/18/2022,,,,,-6.1,1019,1014.2,0,,2.6,,,,,,,,,,,,,,,,,,,,,,,0,,50,32,70,,,,,,,,,,,,,,,,,,,,,,,,,,,,,0,0,,,,,,,,,,,,,,,,,,,,,,,,,,,,,,,,,,6.7,1.1,,,,230,230,,,,,,,,7.2,12.5,,,,,,,,,,,,,,,,,,,,,,,,,,,,,,,,,
USW00094728,11/19/2022,,,,,-8.3,1021,1015.9,-1.1,,2.6,,,,,,,,,,,,,,,,,,,,,,,0,,46,33,56,,,,,,,,,,,,,,,,,,,,,,,,,,,,,0,0,,,,,,,,,,,,,,,,,,,,,,,,,,,,,,,,,,4.4,-0.5,,,,280,220,,,,,,,,6.7,9.8,,,,,,,,,,,,,,,,,,,,,,,,,,,,,,,,,
USW00094728,11/20/2022,,,,,-12.8,1020.3,1015.2,-2.8,,4.3,,,,,,,,,,,,,,,,,,,,,,,0,,36,25,57,,,,,,,,,,,,,,,,,,,,,,,,,,,,,0,0,,,,,,,,,,,,,,,,,,,,,,,,,,,,,,,,,,4.4,-1,,,,310,310,,,,,,,,8.9,14.8,,,,,,,,,,,,,,,,,,,,,,,,,,,,,,,,,
USW00094728,11/21/2022,,,,,-10.6,1028.1,1023.4,-2.2,,2.8,,,,,,,,,,,,,,,,,,,,,,,0,,41,27,57,,,,,,,,,,,,,,,,,,,,,,,,,,,,,0,0,,,,,,,,,,,,,,,,,,,,,,,,,,,,,,,,,,5,-2.7,,,,240,240,,,,,,,,7.2,12.5,,,,,,,,,,,1,,,,,,,,,,,,,,,,,,,,,,
USW00094728,11/22/2022,,,,,-5.6,1025.4,1020.7,2.2,,2.4,,,,,,,,,,,,,,,,,,,,,,,0,,40,32,57,,,,,,,,,,,,,,,,,,,,,,,,,,,,,0,0,,,,,,,,,,,,,,,,,,,,,,,,,,,,,,,,,,10.6,2.8,,,,230,230,,,,,,,,6.7,9.8,,,,,,,,,,,,,,,,,,,,,,,,,,,,,,,,,
USW00094728,11/23/2022,,,,,-5,1023.4,1017.9,3.3,,2,,,,,,,,,,,,,,,,,,,,,,,0,,38,32,51,,,,,,,,,,,,,,,,,,,,,,,,,,,,,0,0,,,,,,,,,,,,,,,,,,,,,,,,,,,,,,,,,,12.8,5.6,,,,60,240,,,,,,,,5.4,7.6,,,,,,,,,,,,,,,,,,,,,,,,,,,,,,,,,
USW00094728,11/24/2022,,,,,0.6,1026.8,1022.4,5,,1.7,,,,,,,,,,,,,,,,,,,,,,,0,,59,45,70,,,,,,,,,,,,,,,,,,,,,,,,,,,,,0,0,,,,,,,,,,,,,,,,,,,,,,,,,,,,,,,,,,12.2,4.4,,,,230,230,,,,,,,,4,6.3,,,,,,,,,,,,,,,,,,,,,,,,,,,,,,,,,
USW00094728,11/25/2022,,,,,3.3,1013.2,1007.8,7.2,,3.5,,,,,,,,,,,,,,,,,,,,,,,0.5,,65,42,90,,,,,,,,,,,,,,,,,,,,,,,,,,,,,0,0,,,,,,,,,,,,,,,,,,,,,,,,,,,,,,,,,,12.8,7.8,,,,300,310,,,,,,,,8.9,14.3,,,,1,,,,,,,1,,,,,,,,,,,,,,,,,,,,,,
USW00094728,11/26/2022,,,,,-3.3,1015.6,1010.8,4.4,,3.1,,,,,,,,,,,,,,,,,,,,,,,0,,40,30,49,,,,,,,,,,,,,,,,,,,,,,,,,,,,,0,0,,,,,,,,,,,,,,,,,,,,,,,,,,,,,,,,,,13.9,5.6,,,,300,300,,,,,,,,9.8,14.8,,,,,,,,,,,,,,,,,,,,,,,,,,,,,,,,,
USW00094728,11/27/2022,,,,,4.4,1005.1,997.6,8.3,,2.5,,,,,,,,,,,,,,,,,,,,,,,17.8,,68,39,96,,,,,,,,,,,,,,,,,,,,,,,,,,,,,0,0,,,,,,,,,,,,,,,,,,,,,,,,,,,,,,,,,,15.6,8.9,,,,240,230,,,,,,,,7.2,13.4,,,,1,,,,,,,,,,,,,,,,,,,,,,,,,,,,,
USW00094728,11/28/2022,,,,,2.8,1007.1,999.7,6.7,,3.3,,,,,,,,,,,,,,,,,,,,,,,0,,62,52,83,,,,,,,,,,,,,,,,,,,,,,,,,,,,,0,0,,,,,,,,,,,,,,,,,,,,,,,,,,,,,,,,,,12.2,5,,,,300,300,,,,,,,,8.1,13.4,,,,,,,,,,,,,,,,,,,,,,,,,,,,,,,,,
USW00094728,11/29/2022,,,,,-2.2,1024.4,1018.3,1.7,,1.3,,,,,,,,,,,,,,,,,,,,,,,0,,62,53,68,,,,,,,,,,,,,,,,,,,,,,,,,,,,,0,0,,,,,,,,,,,,,,,,,,,,,,,,,,,,,,,,,,6.7,2.2,,,,290,60,,,,,,,,4,5.4,,,,,,,,,,,,,,,,,,,,,,,,,,,,,,,,,
USW00094728,11/30/2022,,,,,5,1012.9,1009.1,7.2,,3.1,,,,,,,,,,,,,,,,,,,,,,,12.7,,74,45,93,,,,,,,,,,,,,,,,,,,,,,,,,,,,,0,0,,,,,,,,,,,,,,,,,,,,,,,,,,,,,,,,,,14.4,4.4,,,,280,270,,,,,,,,7.6,13,,,,1,,,,,,,,,,,,,,,,,,,,,,,,,,,,,
USW00094728,12/1/2022,,,,,-7.8,1023.7,1019,0,,3.7,,,,,,,,,,,,,,,,,,,,,,,0,,44,38,52,,,,,,,,,,,,,,,,,,,,,,,,,,,,,0,0,,,,,,,,,,,,,,,,,,,,,,,,,,,,,,,,,,6.1,1.7,,,,310,300,,,,,,,,7.6,14.3,,,,,,,,,,,,,,,,,,,,,,,,,,,,,,,,,
USW00094728,12/2/2022,,,,,-5,1032.2,1027.1,0.6,,1.7,,,,,,,,,,,,,,,,,,,,,,,0,,52,41,61,,,,,,,,,,,,,,,,,,,,,,,,,,,,,0,0,,,,,,,,,,,,,,,,,,,,,,,,,,,,,,,,,,8.3,0,,,,280,280,,,,,,,,5.4,8.1,,,,,,,,,,,,,,,,,,,,,,,,,,,,,,,,,
USW00094728,12/3/2022,,,,,6.7,1019.6,1015.2,9.4,,3.1,,,,,,,,,,,,,,,,,,,,,,,12.4,,75,50,93,,,,,,,,,,,,,,,,,,,,,,,,,,,,,0,0,,,,,,,,,,,,,,,,,,,,,,,,,,,,,,,,,,14.4,7.2,,,,300,300,,,,,,,,7.6,12.1,,,,1,,,,,,,,,,,,,,,,,,,,,,,,,,,,,
USW00094728,12/4/2022,,,,,-6.1,1022,1016.9,1.1,,2.2,,,,,,,,,,,,,,,,,,,,,,,0,,45,35,53,,,,,,,,,,,,,,,,,,,,,,,,,,,,,0,0,,,,,,,,,,,,,,,,,,,,,,,,,,,,,,,,,,7.2,3.3,,,,300,290,,,,,,,,6.3,10.3,,,,,,,,,,,,,,,,,,,,,,,,,,,,,,,,,
USW00094728,12/5/2022,,,,,-4.4,1024.7,1019.6,1.7,,1.3,,,,,,,,,,,,,,,,,,,,,,,0,,50,28,76,,,,,,,,,,,,,,,,,,,,,,,,,,,,,0,0,,,,,,,,,,,,,,,,,,,,,,,,,,,,,,,,,,8.9,2.2,,,,170,170,,,,,,,,4,6.7,,,,,,,,,,,,,,,,,,,,,,,,,,,,,,,,,
USW00094728,12/6/2022,,,,,8.3,1025.4,1020.7,10,,2.3,,,,,,,,,,,,,,,,,,,,,,,26.7,,85,75,93,,,,,,,,,,,,,,,,,,,,,,,,,,,,,0,0,,,,,,,,,,,,,,,,,,,,,,,,,,,,,,,,,,14.4,5.6,,,,140,140,,,,,,,,6.7,10.3,,,,1,,,,,,,,,,,,,,,,,,,,,,,,,,,,,
USW00094728,12/7/2022,,,,,12.8,1020.7,1015.9,13.3,,1.5,,,,,,,,,,,,,,,,,,,,,,,6.6,,92,87,97,,,,,,,,,,,,,,,,,,,,,,,,,,,,,0,0,,,,,,,,,,,,,,,,,,,,,,,,,,,,,,,,,,15,12.2,,,,160,170,,,,,,,,6.3,12.1,,,,1,,,,,,,,,,,,,,,,,,,,,,,,,,,,,
USW00094728,12/8/2022,,,,,2.8,1022.7,1017.6,6.7,,2.1,,,,,,,,,,,,,,,,,,,,,,,0,,62,50,77,,,,,,,,,,,,,,,,,,,,,,,,,,,,,0,0,,,,,,,,,,,,,,,,,,,,,,,,,,,,,,,,,,12.8,5.6,,,,20,290,,,,,,,,5.4,8.9,,,,,,,,,,,,,,,,,,,,,,,,,,,,,,,,,
USW00094728,12/9/2022,,,,,-5.6,1025.1,1019.6,0.6,,3,,,,,,,,,,,,,,,,,,,,,,,0,,50,34,68,,,,,,,,,,,,,,,,,,,,,,,,,,,,,0,0,,,,,,,,,,,,,,,,,,,,,,,,,,,,,,,,,,7.2,2.2,,,,360,40,,,,,,,,6.3,9.8,,,,,,,,,,,,,,,,,,,,,,,,,,,,,,,,,
USW00094728,12/10/2022,,,,,-5,1027.8,1022.4,0,,3.2,,,,,,,,,,,,,,,,,,,,,,,0,,58,40,76,,,,,,,,,,,,,,,,,,,,,,,,,,,,,0,0,,,,,,,,,,,,,,,,,,,,,,,,,,,,,,,,,,3.9,0,,,,50,80,,,,,,,,6.7,9.4,,,,,,,,,,,,,,,,,,,,,,,,,,,,,,,,,
USW00094728,12/11/2022,,,,,0,1022.4,1016.6,1.7,,3.6,,,,,,,,,,,,,,,,,,,,,,,8.1,,82,73,93,,,,,,,,,,,,,,,,,,,,,,,,,,,,,0,0,,,,,,,,,,,,,,,,,,,,,,,,,,,,,,,,,,4.4,0.6,,,,50,50,,,,,,,,6.7,9.8,,,,1,,,,,,,,,,,,,,,,,,,,,,,,,,,,,
USW00094728,12/12/2022,,,,,-3.3,1021.7,1015.9,-0.6,,2.6,,,,,,,,,,,,,,,,,,,,,,,0.3,,75,59,92,,,,,,,,,,,,,,,,,,,,,,,,,,,,,0,0,,,,,,,,,,,,,,,,,,,,,,,,,,,,,,,,,,3.3,-2.1,,,,30,350,,,,,,,,6.3,8.9,,,,1,,,,,,,,,,,,,,,,,,,,,,,,,,,,,
USW00094728,12/13/2022,,,,,-7.8,1024,1019,-2.8,,1.8,,,,,,,,,,,,,,,,,,,,,,,0,,58,39,75,,,,,,,,,,,,,,,,,,,,,,,,,,,,,0,0,,,,,,,,,,,,,,,,,,,,,,,,,,,,,,,,,,4.4,-3.8,,,,290,360,,,,,,,,4,7.2,,,,,,,,,,,,,,,,,,,,,,,,,,,,,,,,,
USW00094728,12/14/2022,,,,,-8.3,1020.7,1015.6,-1.7,,3.3,,,,,,,,,,,,,,,,,,,,,,,0,,51,37,64,,,,,,,,,,,,,,,,,,,,,,,,,,,,,0,0,,,,,,,,,,,,,,,,,,,,,,,,,,,,,,,,,,3.9,-0.5,,,,30,30,,,,,,,,8.1,12.5,,,,,,,,,,,,,,,,,,,,,,,,,,,,,,,,,
USW00094728,12/15/2022,,,,,-0.6,1020.3,1015.6,2.2,,3.8,,,,,,,,,,,,,,,,,,,,,,,13,,78,61,93,,,,,,,,,,,,,,,,,,,,,,,,,,,,,0,0,,,,,,,,,,,,,,,,,,,,,,,,,,,,,,,,,,5.6,0.6,,,,70,90,,,,,,,,8.1,13,,,,1,,,,,,,,,,,,,,,,,,,,,,,,,,,,,
USW00094728,12/16/2022,,,,,3.9,1004.1,998.6,4.4,,5,,,,,,,,,,,,,,,,,,,,,,,21.6,,92,86,93,,,,,,,,,,,,,,,,,,,,,,,,,,,,,0,0,,,,,,,,,,,,,,,,,,,,,,,,,,,,,,,,,,6.7,3.3,,,,60,60,,,,,,,,10.3,15.7,,,,1,,,,,,,,,,,,,,,,,,,,,,,,,,,,,
USW00094728,12/17/2022,,,,,-2.8,1006.8,1001,1.7,,3.6,,,,,,,,,,,,,,,,,,,,,,,0,,59,43,89,,,,,,,,,,,,,,,,,,,,,,,,,,,,,0,0,,,,,,,,,,,,,,,,,,,,,,,,,,,,,,,,,,6.7,2.2,,,,280,270,,,,,,,,6.7,10.3,,,,,,,,,,,,,,,,,,,,,,,,,,,,,,,,,
USW00094728,12/18/2022,,,,,-6.1,1013.5,1008.5,-0.6,,3.4,,,,,,,,,,,,,,,,,,,,,,,0,,54,45,64,,,,,,,,,,,,,,,,,,,,,,,,,,,,,0,0,,,,,,,,,,,,,,,,,,,,,,,,,,,,,,,,,,4.4,0,,,,300,280,,,,,,,,6.3,9.4,,,,,,,,,,,,,,,,,,,,,,,,,,,,,,,,,
USW00094728,12/19/2022,,,,,-7.2,1022.7,1017.6,-1.7,,3.4,,,,,,,,,,,,,,,,,,,,,,,0,,54,44,64,,,,,,,,,,,,,,,,,,,,,,,,,,,,,0,0,,,,,,,,,,,,,,,,,,,,,,,,,,,,,,,,,,3.9,-0.5,,,,310,310,,,,,,,,8.1,11.6,,,,,,,,,,,,,,,,,,,,,,,,,,,,,,,,,
USW00094728,12/20/2022,,,,,-7.2,1028.8,1023.7,-1.7,,2.5,,,,,,,,,,,,,,,,,,,,,,,0,,54,43,64,,,,,,,,,,,,,,,,,,,,,,,,,,,,,0,0,,,,,,,,,,,,,,,,,,,,,,,,,,,,,,,,,,3.9,-1,,,,300,290,,,,,,,,6.3,9.4,,,,,,,,,,,,,,,,,,,,,,,,,,,,,,,,,
USW00094728,12/21/2022,,,,,-6.1,1031.8,1026.8,-1.7,,0.7,,,,,,,,,,,,,,,,,,,,,,,0,,59,43,72,,,,,,,,,,,,,,,,,,,,,,,,,,,,,0,0,,,,,,,,,,,,,,,,,,,,,,,,,,,,,,,,,,4.4,-2.7,,,,350,320,,,,,,,,3.6,4.5,,,,,,,,,,,,,,,,,,,,,,,,,,,,,,,,,
USW00094728,12/22/2022,,,,,1.7,1023.7,1016.6,3.3,,3.8,,,,,,,,,,,,,,,,,,,,,,,5.8,,82,54,93,,,,,,,,,,,,,,,,,,,,,,,,,,,,,0,0,,,,,,,,,,,,,,,,,,,,,,,,,,,,,,,,,,8.3,1.7,,,,60,70,,,,,,,,8.9,16.1,,,,1,,,,,,,,,,,,,,,,,,,,,,,,,,,,,
USW00094728,12/23/2022,,,,,-1.7,992.9,987.8,1.1,,4.5,,,,,,,,,,,,,,,,,,,,,,,46.5,,74,47,96,,,,,,,,,,,,,,,,,,,,,,,,,,,,,0,0,,,,,,,,,,,,,,,,,,,,,,,,,,,,,,,,,,14.4,-13.2,,,,240,240,,,,,,,,13,20.1,,,,1,1,,,,,,1,,,,,,,,,,,,,,,,,,,,,,
USW00094728,12/24/2022,,,,,-20.6,1009.1,1003,-13.3,,5.1,,,,,,,,,,,,,,,,,,,,,,,0,,46,42,52,,,,,,,,,,,,,,,,,,,,,,,,,,,,,0,0,,,,,,,,,,,,,,,,,,,,,,,,,,,,,,,,,,-9.3,-13.8,,,,240,240,,,,,,,,9.4,14.8,,,,,,,,,,,,,,,,,,,,,,,,,,,,,,,,,
USW00094728,12/25/2022,,,,,-15,1013.5,1008.5,-8.3,,3.8,,,,,,,,,,,,,,,,,,,,,,,0,,49,41,59,,,,,,,,,,,,,,,,,,,,,,,,,,,,,0,0,,,,,,,,,,,,,,,,,,,,,,,,,,,,,,,,,,-2.1,-9.9,,,,240,240,,,,,,,,9.4,13.9,,,,,,,,,,,,,,,,,,,,,,,,,,,,,,,,,
USW00094728,12/26/2022,,,,,-13.9,1022.4,1016.9,-6.7,,3.2,,,,,,,,,,,,,,,,,,,,,,,0,,47,39,54,,,,,,,,,,,,,,,,,,,,,,,,,,,,,0,0,,,,,,,,,,,,,,,,,,,,,,,,,,,,,,,,,,-1.6,-7.7,,,,280,270,,,,,,,,5.8,8.9,,,,,,,,,,,,,,,,,,,,,,,,,,,,,,,,,
USW00094728,12/27/2022,,,,,-10,1024.7,1019.6,-3.3,,2.5,,,,,,,,,,,,,,,,,,,,,,,0,,47,41,56,,,,,,,,,,,,,,,,,,,,,,,,,,,,,0,0,,,,,,,,,,,,,,,,,,,,,,,,,,,,,,,,,,1.7,-1.6,,,,240,220,,,,,,,,5.4,7.6,,,,,,,,,,,,,,,,,,,,,,,,,,,,,,,,,
USW00094728,12/28/2022,,,,,-5.6,1025.7,1020.7,0.6,,2.3,,,,,,,,,,,,,,,,,,,,,,,0,,47,34,61,,,,,,,,,,,,,,,,,,,,,,,,,,,,,0,0,,,,,,,,,,,,,,,,,,,,,,,,,,,,,,,,,,8.3,0.6,,,,220,210,,,,,,,,7.2,11.6,,,,,,,,,,,1,,,,,,,,,,,,,,,,,,,,,,
USW00094728,12/29/2022,,,,,-3.3,1025.4,1020.7,3.3,,2.7,,,,,,,,,,,,,,,,,,,,,,,0,,46,39,51,,,,,,,,,,,,,,,,,,,,,,,,,,,,,0,0,,,,,,,,,,,,,,,,,,,,,,,,,,,,,,,,,,10.6,4.4,,,,240,220,,,,,,,,6.3,9.4,,,,,,,,,,,,,,,,,,,,,,,,,,,,,,,,,
USW00094728,12/30/2022,,,,,1.1,1024,1019.6,6.7,,1.3,,,,,,,,,,,,,,,,,,,,,,,0,,50,36,75,,,,,,,,,,,,,,,,,,,,,,,,,,,,,0,0,,,,,,,,,,,,,,,,,,,,,,,,,,,,,,,,,,16.7,7.8,,,,210,220,,,,,,,,4,7.2,,,,,,,,,,,1,,,,,,,,,,,,,,,,,,,,,,
USW00094728,12/31/2022,,,,,9.4,1014.9,1011.5,10.6,,0.8,,,,,,,,,,,,,,,,,,,,,,,7.1,,89,74,97,,,,,,,,,,,,,,,,,,,,,,,,,,,,,0,0,,,,,,,,,,,,,,,,,,,,,,,,,,,,,,,,,,12.8,10,,,,230,240,,,,,,,,4.5,7.2,,,,1,,,,,,,1,,,,,,,,,,,,,,,,,,,,,,
USW00094728,1/1/2023,,,,,3.9,1012.5,1007.1,7.8,,2.2,,,,,,,,,,,,,,,,,,,,,,,0,,64,43,93,,,,,,,,,,,,,,,,,,,,,,,,,,,,,0,0,,,,,,,,,,,,,,,,,,,,,,,,,,,,,,,,,,12.8,9.4,,,,310,250,,,,,,,,5.8,8.1,,,,1,,,,,,,,,,,,,,,,,,,,,,,,,,,,,
USW00094728,1/2/2023,,,,,5,1019.3,1014.6,8.3,,1.6,,,,,,,,,,,,,,,,,,,,,,,0.5,,65,55,89,,,,,,,,,,,,,,,,,,,,,,,,,,,,,0,0,,,,,,,,,,,,,,,,,,,,,,,,,,,,,,,,,,13.3,9.4,,,,230,240,,,,,,,,4.5,7.2,,,,,,,,,,,,,,,,,,,,,,,,,,,,,,,,,
USW00094728,1/3/2023,,,,,9.4,1013.5,1008.8,10,,1.4,,,,,,,,,,,,,,,,,,,,,,,10.7,,89,77,96,,,,,,,,,,,,,,,,,,,,,,,,,,,,,0,0,,,,,,,,,,,,,,,,,,,,,,,,,,,,,,,,,,14.4,8.3,,,,250,250,,,,,,,,4,6.7,,,,1,,,,,,,1,,,,,,,,,,,,,,,,,,,,,,
USW00094728,1/4/2023,,,,,11.1,1009.8,1004.7,12.8,,2,,,,,,,,,,,,,,,,,,,,,,,0.5,,80,65,93,,,,,,,,,,,,,,,,,,,,,,,,,,,,,0,0,,,,,,,,,,,,,,,,,,,,,,,,,,,,,,,,,,18.9,9.4,,,,240,240,,,,,,,,5.8,9.8,,,,1,,,,,,,,,,,,,,,,,,,,,,,,,,,,,
USW00094728,1/5/2023,,,,,7.2,1013.5,1008.5,8.3,,2.3,,,,,,,,,,,,,,,,,,,,,,,0.3,,90,83,97,,,,,,,,,,,,,,,,,,,,,,,,,,,,,0,0,,,,,,,,,,,,,,,,,,,,,,,,,,,,,,,,,,10,6.7,,,,60,50,,,,,,,,5.8,6.7,,,,1,,,,,,,1,,,,,,,,,,,,,,,,,,,,,,
USW00094728,1/6/2023,,,,,3.3,1015.6,1010.5,5,,2.4,,,,,,,,,,,,,,,,,,,,,,,6.9,,78,60,93,,,,,,,,,,,,,,,,,,,,,,,,,,,,,0,0,,,,,,,,,,,,,,,,,,,,,,,,,,,,,,,,,,9.4,3.9,,,,280,270,,,,,,,,5.8,9.4,,,,1,,,,,,,1,,,,,,,,,,,,,,,,,,,,,,
USW00094728,1/7/2023,,,,,-2.2,1021,1015.9,2.2,,3,,,,,,,,,,,,,,,,,,,,,,,0,,61,51,73,,,,,,,,,,,,,,,,,,,,,,,,,,,,,0,0,,,,,,,,,,,,,,,,,,,,,,,,,,,,,,,,,,7.2,2.8,,,,310,320,,,,,,,,5.8,8.9,,,,,,,,,,,,,,,,,,,,,,,,,,,,,,,,,
USW00094728,1/8/2023,,,,,-5.6,1024,1019.3,0,,2.1,,,,,,,,,,,,,,,,,,,,,,,0,,54,36,65,,,,,,,,,,,,,,,,,,,,,,,,,,,,,0,0,,,,,,,,,,,,,,,,,,,,,,,,,,,,,,,,,,5,0.6,,,,300,220,,,,,,,,5.4,7.6,,,,,,,,,,,,,,,,,,,,,,,,,,,,,,,,,
USW00094728,1/9/2023,,,,,-2.8,1013.9,1009.1,1.7,,2,,,,,,,,,,,,,,,,,,,,,,,0.3,,62,43,89,,,,,,,,,,,,,,,,,,,,,,,,,,,,,0,0,,,,,,,,,,,,,,,,,,,,,,,,,,,,,,,,,,6.7,2.8,,,,310,310,,,,,,,,6.3,8.5,,,,1,,,,,,,,,,,,,,,,,,,,,,,,,,,,,
USW00094728,1/10/2023,,,,,-3.9,1016.9,1011.9,1.1,,1.9,,,,,,,,,,,,,,,,,,,,,,,0,,56,50,60,,,,,,,,,,,,,,,,,,,,,,,,,,,,,0,0,,,,,,,,,,,,,,,,,,,,,,,,,,,,,,,,,,5,3.3,,,,10,280,,,,,,,,5.4,6.3,,,,,,,,,,,,,,,,,,,,,,,,,,,,,,,,,
USW00094728,1/11/2023,,,,,-5,1023.4,1018.3,0,,2.9,,,,,,,,,,,,,,,,,,,,,,,0,,56,46,67,,,,,,,,,,,,,,,,,,,,,,,,,,,,,0,0,,,,,,,,,,,,,,,,,,,,,,,,,,,,,,,,,,3.9,1.7,,,,70,50,,,,,,,,6.3,8.5,,,,,,,,,,,,,,,,,,,,,,,,,,,,,,,,,
USW00094728,1/12/2023,,,,,5,1016.6,1010.8,6.1,,2.2,,,,,,,,,,,,,,,,,,,,,,,7.6,,85,65,97,,,,,,,,,,,,,,,,,,,,,,,,,,,,,0,0,,,,,,,,,,,,,,,,,,,,,,,,,,,,,,,,,,12.8,2.8,,,,140,130,,,,,,,,5.8,9.8,,,,1,,,,,,,,,,,,,,,,,,,,,,,,,,,,,
USW00094728,1/13/2023,,,,,5,1002.4,997,7.2,,3.2,,,,,,,,,,,,,,,,,,,,,,,2.3,,75,58,93,,,,,,,,,,,,,,,,,,,,,,,,,,,,,0,0,,,,,,,,,,,,,,,,,,,,,,,,,,,,,,,,,,13.9,3.3,,,,310,310,,,,,,,,7.2,10.7,,,,1,,,,,,,,,,,,,,,,,,,,,,,,,,,,,
USW00094728,1/14/2023,,,,,-5,1009.8,1004.7,-1.1,,4,,,,,,,,,,,,,,,,,,,,,,,0,,63,57,79,,,,,,,,,,,,,,,,,,,,,,,,,,,,,0,0,,,,,,,,,,,,,,,,,,,,,,,,,,,,,,,,,,3.3,-0.5,,,,360,30,,,,,,,,7.6,12.5,,,,,,,,,,,1,,,,,,,,,,,,,,,,,,,,,,
USW00094728,1/15/2023,,,,,-8.3,1015.6,1010.2,-2.2,,4.3,,,,,,,,,,,,,,,,,,,,,,,0,,49,35,66,,,,,,,,,,,,,,,,,,,,,,,,,,,,,0,0,,,,,,,,,,,,,,,,,,,,,,,,,,,,,,,,,,5,-1,,,,340,30,,,,,,,,8.1,13.9,,,,,,,,,,,,,,,,,,,,,,,,,,,,,,,,,
USW00094728,1/16/2023,,,,,-12.2,1011.5,1006.4,-2.2,,3.4,,,,,,,,,,,,,,,,,,,,,,,0,,34,19,49,,,,,,,,,,,,,,,,,,,,,,,,,,,,,0,0,,,,,,,,,,,,,,,,,,,,,,,,,,,,,,,,,,8.9,-2.1,,,,340,10,,,,,,,,7.2,11.2,,,,,,,,,,,,,,,,,,,,,,,,,,,,,,,,,
USW00094728,1/17/2023,,,,,-9.4,1005.8,1001,0.6,,1.4,,,,,,,,,,,,,,,,,,,,,,,0,,34,23,48,,,,,,,,,,,,,,,,,,,,,,,,,,,,,0,0,,,,,,,,,,,,,,,,,,,,,,,,,,,,,,,,,,8.3,1.7,,,,240,240,,,,,,,,5.4,8.5,,,,,,,,,,,,,,,,,,,,,,,,,,,,,,,,,
USW00094728,1/18/2023,,,,,1.1,1009.1,1002.7,5.6,,3.4,,,,,,,,,,,,,,,,,,,,,,,1.3,,60,47,79,,,,,,,,,,,,,,,,,,,,,,,,,,,,,0,0,,,,,,,,,,,,,,,,,,,,,,,,,,,,,,,,,,11.7,5.6,,,,310,310,,,,,,,,8.1,12.1,,,,,,,,,,,,,,,,,,,,,,,,,,,,,,,,,
USW00094728,1/19/2023,,,,,2.2,1011.9,1008.1,3.9,,1.9,,,,,,,,,,,,,,,,,,,,,,,22.1,,83,60,93,,,,,,,,,,,,,,,,,,,,,,,,,,,,,0,0,,,,,,,,,,,,,,,,,,,,,,,,,,,,,,,,,,6.7,4.4,,,,60,100,,,,,,,,6.3,8.1,,,,1,,1,,,,,,,,,,,,,,,,,,,,,,,,,,,
USW00094728,1/20/2023,,,,,1.1,1005.8,999.3,4.4,,3,,,,,,,,,,,,,,,,,,,,,,,0,,68,52,96,,,,,,,,,,,,,,,,,,,,,,,,,,,,,0,0,,,,,,,,,,,,,,,,,,,,,,,,,,,,,,,,,,9.4,4.4,,,,280,280,,,,,,,,7.2,12.1,,,,1,,,,,,,,,,,,,,,,,,,,,,,,,,,,,
USW00094728,1/21/2023,,,,,-4.4,1019.6,1014.9,0.6,,2.5,,,,,,,,,,,,,,,,,,,,,,,0,,56,53,65,,,,,,,,,,,,,,,,,,,,,,,,,,,,,0,0,,,,,,,,,,,,,,,,,,,,,,,,,,,,,,,,,,5.6,2.8,,,,300,300,,,,,,,,6.7,9.8,,,,,,,,,,,,,,,,,,,,,,,,,,,,,,,,,
USW00094728,1/22/2023,,,,,-2.2,1017.9,1010.8,1.1,,2.1,,,,,,,,,,,,,,,,,,,,,,,13,,67,51,93,,,,,,,,,,,,,,,,,,,,,,,,,,,,,0,0,,,,,,,,,,,,,,,,,,,,,,,,,,,,,,,,,,5.6,2.2,,,,60,170,,,,,,,,5.8,7.2,,,,1,,,,,,,,,,,,,,,,,,,,,,,,,,,,,
USW00094728,1/23/2023,,,,,0,1004.1,999,2.2,,3.4,,,,,,,,,,,,,,,,,,,,,,,10.4,,82,59,93,,,,,,,,,,,,,,,,,,,,,,,,,,,,,0,0,,,,,,,,,,,,,,,,,,,,,,,,,,,,,,,,,,3.9,2.2,,,,300,310,,,,,,,,8.9,13.9,,,,1,,,,,,,,,,,,,,,,,,,,,,,,,,,,,
USW00094728,1/24/2023,,,,,-5,1020,1013.5,0.6,,3.1,,,,,,,,,,,,,,,,,,,,,,,0,,51,43,59,,,,,,,,,,,,,,,,,,,,,,,,,,,,,0,0,,,,,,,,,,,,,,,,,,,,,,,,,,,,,,,,,,7.8,1.7,,,,310,290,,,,,,,,8.9,12.5,,,,,,,,,,,,,,,,,,,,,,,,,,,,,,,,,
USW00094728,1/25/2023,,,,,0,1018.3,1009.8,2.8,,2.7,,,,,,,,,,,,,,,,,,,,,,,22.9,,72,51,93,,,,,,,,,,,,,,,,,,,,,,,,,,,,,0,0,,,,,,,,,,,,,,,,,,,,,,,,,,,,,,,,,,12.2,1.7,,,,160,150,,,,,,,,7.2,13,,,,1,,,,,,,,,,,,,,,,,,,,,,,,,,,,,
USW00094728,1/26/2023,,,,,0.6,1003.4,997,5,,4,,,,,,,,,,,,,,,,,,,,,,,11.2,,61,47,93,,,,,,,,,,,,,,,,,,,,,,,,,,,,,0,0,,,,,,,,,,,,,,,,,,,,,,,,,,,,,,,,,,13.9,5,,,,280,280,,,,,,,,8.9,14.3,,,,1,,,,,,,,,,,,,,,,,,,,,,,,,,,,,
USW00094728,1/27/2023,,,,,-5,1018.6,1012.2,0.6,,2.6,,,,,,,,,,,,,,,,,,,,,,,0,,54,41,67,,,,,,,,,,,,,,,,,,,,,,,,,,,,,0,0,,,,,,,,,,,,,,,,,,,,,,,,,,,,,,,,,,6.7,1.7,,,,230,240,,,,,,,,5.8,9.8,,,,,,,,,,,,,,,,,,,,,,,,,,,,,,,,,
USW00094728,1/28/2023,,,,,-5,1023.7,1017.9,2.8,,3.2,,,,,,,,,,,,,,,,,,,,,,,0,,43,32,55,,,,,,,,,,,,,,,,,,,,,,,,,,,,,0,0,,,,,,,,,,,,,,,,,,,,,,,,,,,,,,,,,,11.1,2.2,,,,220,230,,,,,,,,8.1,14.3,,,,,,,,,,,,,,,,,,,,,,,,,,,,,,,,,
USW00094728,1/29/2023,,,,,-0.6,1023,1017.9,5,,2.1,,,,,,,,,,,,,,,,,,,,,,,0,,53,37,66,,,,,,,,,,,,,,,,,,,,,,,,,,,,,0,0,,,,,,,,,,,,,,,,,,,,,,,,,,,,,,,,,,11.7,5.6,,,,240,210,,,,,,,,5.4,8.9,,,,,,,,,,,,,,,,,,,,,,,,,,,,,,,,,
USW00094728,1/30/2023,,,,,2.2,1020,1015.2,6.1,,1.3,,,,,,,,,,,,,,,,,,,,,,,0,,62,49,68,,,,,,,,,,,,,,,,,,,,,,,,,,,,,0,0,,,,,,,,,,,,,,,,,,,,,,,,,,,,,,,,,,12.8,6.1,,,,220,220,,,,,,,,4.5,7.2,,,,,,,,,,,,,,,,,,,,,,,,,,,,,,,,,
USW00094728,1/31/2023,,,,,-3.3,1021,1015.9,1.1,,1.9,,,,,,,,,,,,,,,,,,,,,,,1.5,,65,34,96,,,,,,,,,,,,,,,,,,,,,,,,,,,,,0,0,,,,,,,,,,,,,,,,,,,,,,,,,,,,,,,,,,10,-0.5,,,,10,10,,,,,,,,5.4,7.6,,,,1,,,,,,,,,,,,,,,,,,,,,,,,,,,,,
USW00094728,2/1/2023,,,,,-10.6,1024,1018.6,-3.3,,2.5,,,,,,,,,,,,,,,,,,,,,,,0.5,,49,31,81,,,,,,,,,,,,,,,,,,,,,,,,,,,,,10,0,,,,,,,,,,,,,,,,,,,,,,,,,,,,,,,,,,3.3,-3.2,,,,290,270,,,,,,,,5.4,7.2,,,,,,,,,,,,,,,,,,,,,,,,,,,,,,,,,
USW00094728,2/2/2023,,,,,-11.7,1018.6,1013.5,-2.8,,2.2,,,,,,,,,,,,,,,,,,,,,,,0,,38,29,52,,,,,,,,,,,,,,,,,,,,,,,,,,,,,0,0,,,,,,,,,,,,,,,,,,,,,,,,,,,,,,,,,,4.4,-1.6,,,,240,250,,,,,,,,7.2,11.6,,,,,,,,,,,,,,,,,,,,,,,,,,,,,,,,,
USW00094728,2/3/2023,,,,,-17.8,1016.9,1010.2,-8.3,,5.3,,,,,,,,,,,,,,,,,,,,,,,0,,36,24,56,,,,,,,,,,,,,,,,,,,,,,,,,,,,,0,0,,,,,,,,,,,,,,,,,,,,,,,,,,,,,,,,,,1.7,-11.6,,,,310,310,,,,,,,,13,19.2,,,,,,,,,,,,,,,,,,,,,,,,,,,,,,,,,
USW00094728,2/4/2023,,,,,-21.7,1032.5,1028.4,-11.7,,3.9,,,,,,,,,,,,,,,,,,,,,,,0,,36,23,46,,,,,,,,,,,,,,,,,,,,,,,,,,,,,0,0,,,,,,,,,,,,,,,,,,,,,,,,,,,,,,,,,,-2.7,-16,,,,300,300,,,,,,,,9.8,15.7,,,,,,,,,,,,,,,,,,,,,,,,,,,,,,,,,
USW00094728,2/5/2023,,,,,-7.2,1021,1017.3,0,,1.6,,,,,,,,,,,,,,,,,,,,,,,0,,46,32,58,,,,,,,,,,,,,,,,,,,,,,,,,,,,,0,0,,,,,,,,,,,,,,,,,,,,,,,,,,,,,,,,,,9.4,-2.7,,,,230,240,,,,,,,,6.3,10.3,,,,,,,,,,,,,,,,,,,,,,,,,,,,,,,,,
USW00094728,2/6/2023,,,,,-2.2,1016.9,1011.2,2.8,,2.2,,,,,,,,,,,,,,,,,,,,,,,0,,55,40,65,,,,,,,,,,,,,,,,,,,,,,,,,,,,,0,0,,,,,,,,,,,,,,,,,,,,,,,,,,,,,,,,,,11.1,1.1,,,,30,360,,,,,,,,7.6,11.6,,,,,,,,,,,,,,,,,,,,,,,,,,,,,,,,,
USW00094728,2/7/2023,,,,,-5,1024.7,1020,0,,2.2,,,,,,,,,,,,,,,,,,,,,,,0.5,,58,35,73,,,,,,,,,,,,,,,,,,,,,,,,,,,,,0,0,,,,,,,,,,,,,,,,,,,,,,,,,,,,,,,,,,6.1,-1,,,,220,40,,,,,,,,5.4,8.5,,,,,,,,,,,,,,,,,,,,,,,,,,,,,,,,,
USW00094728,2/8/2023,,,,,-2.8,1022,1016.9,3.9,,2.7,,,,,,,,,,,,,,,,,,,,,,,0,,49,32,73,,,,,,,,,,,,,,,,,,,,,,,,,,,,,0,0,,,,,,,,,,,,,,,,,,,,,,,,,,,,,,,,,,11.7,3.9,,,,300,300,,,,,,,,7.2,12.5,,,,,,,,,,,1,,,,,,,,,,,,,,,,,,,,,,
USW00094728,2/9/2023,,,,,2.2,1020,1014.6,6.1,,1.6,,,,,,,,,,,,,,,,,,,,,,,0,,63,42,83,,,,,,,,,,,,,,,,,,,,,,,,,,,,,0,0,,,,,,,,,,,,,,,,,,,,,,,,,,,,,,,,,,12.8,5.6,,,,150,150,,,,,,,,5.8,9.8,,,,,,,,,,,,,,,,,,,,,,,,,,,,,,,,,
USW00094728,2/10/2023,,,,,2.2,1011.9,1006.1,7.8,,3.8,,,,,,,,,,,,,,,,,,,,,,,0,,50,33,78,,,,,,,,,,,,,,,,,,,,,,,,,,,,,0,0,,,,,,,,,,,,,,,,,,,,,,,,,,,,,,,,,,16.1,7.2,,,,270,270,,,,,,,,8.9,13,,,,,,,,,,,,,,,,,,,,,,,,,,,,,,,,,
USW00094728,2/11/2023,,,,,-7.8,1023.7,1018.6,0.6,,2.6,,,,,,,,,,,,,,,,,,,,,,,0,,40,33,49,,,,,,,,,,,,,,,,,,,,,,,,,,,,,0,0,,,,,,,,,,,,,,,,,,,,,,,,,,,,,,,,,,7.8,2.2,,,,300,310,,,,,,,,8.9,13.4,,,,,,,,,,,,,,,,,,,,,,,,,,,,,,,,,
USW00094728,2/12/2023,,,,,-5.6,1016.9,1011.9,1.7,,1.9,,,,,,,,,,,,,,,,,,,,,,,0.3,,43,33,63,,,,,,,,,,,,,,,,,,,,,,,,,,,,,0,0,,,,,,,,,,,,,,,,,,,,,,,,,,,,,,,,,,8.9,3.3,,,,50,50,,,,,,,,6.3,8.9,,,,,,,,,,,,,,,,,,,,,,,,,,,,,,,,,
USW00094728,2/13/2023,,,,,-8.9,1002.7,998,2.2,,3.3,,,,,,,,,,,,,,,,,,,,,,,0,,28,16,42,,,,,,,,,,,,,,,,,,,,,,,,,,,,,0,0,,,,,,,,,,,,,,,,,,,,,,,,,,,,,,,,,,13.9,5,,,,240,230,,,,,,,,6.3,9.8,,,,,,,,,,,,,,,,,,,,,,,,,,,,,,,,,
USW00094728,2/14/2023,,,,,-6.1,1016.3,1011.5,3.3,,2.5,,,,,,,,,,,,,,,,,,,,,,,0,,35,24,49,,,,,,,,,,,,,,,,,,,,,,,,,,,,,0,0,,,,,,,,,,,,,,,,,,,,,,,,,,,,,,,,,,12.2,4.4,,,,300,300,,,,,,,,7.6,13,,,,,,,,,,,,,,,,,,,,,,,,,,,,,,,,,
USW00094728,2/15/2023,,,,,1.7,1016.3,1011.5,8.3,,2,,,,,,,,,,,,,,,,,,,,,,,0,,45,33,63,,,,,,,,,,,,,,,,,,,,,,,,,,,,,0,0,,,,,,,,,,,,,,,,,,,,,,,,,,,,,,,,,,19.4,8.3,,,,230,230,,,,,,,,6.7,11.6,,,,,,,,,,,,,,,,,,,,,,,,,,,,,,,,,
USW00094728,2/16/2023,,,,,6.1,1014.2,1009.5,11.1,,1.6,,,,,,,,,,,,,,,,,,,,,,,1.8,,55,32,83,,,,,,,,,,,,,,,,,,,,,,,,,,,,,0,0,,,,,,,,,,,,,,,,,,,,,,,,,,,,,,,,,,21.1,13.3,,,,240,260,,,,,,,,6.3,10.7,,,,,,,,,,,1,,,,,,,,,,,,,,,,,,,,,,
USW00094728,2/17/2023,,,,,4.4,1005.8,1000,7.2,,3.2,,,,,,,,,,,,,,,,,,,,,,,4.6,,71,52,90,,,,,,,,,,,,,,,,,,,,,,,,,,,,,0,0,,,,,,,,,,,,,,,,,,,,,,,,,,,,,,,,,,16.1,0,,,,300,210,,,,,,,,9.8,30.4,,,,1,,,,,,,1,,,,,,,,,,,,,,,,,,,,,,
USW00094728,2/18/2023,,,,,-10.6,1025.1,1019,-2.2,,3.7,,,,,,,,,,,,,,,,,,,,,,,0,,41,28,54,,,,,,,,,,,,,,,,,,,,,,,,,,,,,0,0,,,,,,,,,,,,,,,,,,,,,,,,,,,,,,,,,,6.1,-2.7,,,,300,290,,,,,,,,7.2,12.1,,,,,,,,,,,,,,,,,,,,,,,,,,,,,,,,,
USW00094728,2/19/2023,,,,,-2.2,1023,1019.3,3.3,,1.5,,,,,,,,,,,,,,,,,,,,,,,0,,56,41,74,,,,,,,,,,,,,,,,,,,,,,,,,,,,,0,0,,,,,,,,,,,,,,,,,,,,,,,,,,,,,,,,,,10,2.8,,,,170,180,,,,,,,,6.3,10.7,,,,,,,,,,,,,,,,,,,,,,,,,,,,,,,,,
USW00094728,2/20/2023,,,,,2.8,1006.4,1002,7.2,,2.7,,,,,,,,,,,,,,,,,,,,,,,0,,58,30,83,,,,,,,,,,,,,,,,,,,,,,,,,,,,,0,0,,,,,,,,,,,,,,,,,,,,,,,,,,,,,,,,,,16.1,8.3,,,,270,280,,,,,,,,5.8,9.4,,,,,,,,,,,,,,,,,,,,,,,,,,,,,,,,,
USW00094728,2/21/2023,,,,,1.1,1005.1,998.6,3.9,,2.2,,,,,,,,,,,,,,,,,,,,,,,6.9,,75,48,89,,,,,,,,,,,,,,,,,,,,,,,,,,,,,0,0,,,,,,,,,,,,,,,,,,,,,,,,,,,,,,,,,,10,2.8,,,,60,50,,,,,,,,6.3,8.9,,,,1,,1,,,,,1,,,,,,,,,,,,,,,,,,,,,,
USW00094728,2/22/2023,,,,,-2.8,1017.9,1012.9,1.7,,2.7,,,,,,,,,,,,,,,,,,,,,,,3.6,,64,41,93,,,,,,,,,,,,,,,,,,,,,,,,,,,,,0,0,,,,,,,,,,,,,,,,,,,,,,,,,,,,,,,,,,6.7,2.8,,,,60,110,,,,,,,,6.3,8.1,,,,1,,,1,,,,1,,,,,,,,,,,,,,,,,,,,,,
USW00094728,2/23/2023,,,,,2.8,1012.9,1008.1,3.3,,3.3,,,,,,,,,,,,,,,,,,,,,,,0.5,,89,82,97,,,,,,,,,,,,,,,,,,,,,,,,,,,,,0,0,,,,,,,,,,,,,,,,,,,,,,,,,,,,,,,,,,6.7,3.3,,,,60,100,,,,,,,,7.2,9.8,,,,1,,,,,,,,,,,,,,,,,,,,,,,,,,,,,
USW00094728,2/24/2023,,,,,-6.1,1023.4,1015.9,0.6,,3.9,,,,,,,,,,,,,,,,,,,,,,,0,,51,30,97,,,,,,,,,,,,,,,,,,,,,,,,,,,,,0,0,,,,,,,,,,,,,,,,,,,,,,,,,,,,,,,,,,7.2,-3.8,,,,300,310,,,,,,,,9.8,17,,,,1,,,,,,,,,,,,,,,,,,,,,,,,,,,,,
USW00094728,2/25/2023,,,,,-10,1028.1,1024.7,-4.4,,1.6,,,,,,,,,,,,,,,,,,,,,,,0,,56,46,66,,,,,,,,,,,,,,,,,,,,,,,,,,,,,0,0,,,,,,,,,,,,,,,,,,,,,,,,,,,,,,,,,,0.6,-4.9,,,,300,300,,,,,,,,6.3,9.4,,,,,,,,,,,,,,,,,,,,,,,,,,,,,,,,,
USW00094728,2/26/2023,,,,,-3.9,1012.2,1008.5,0.6,,2.4,,,,,,,,,,,,,,,,,,,,,,,0,,59,43,78,,,,,,,,,,,,,,,,,,,,,,,,,,,,,0,0,,,,,,,,,,,,,,,,,,,,,,,,,,,,,,,,,,10,-1,,,,230,230,,,,,,,,7.2,12.1,,,,,,,,,,,1,,,,,,,,,,,,,,,,,,,,,,
USW00094728,2/27/2023,,,,,-6.1,1012.5,1008.1,0,,2.3,,,,,,,,,,,,,,,,,,,,,,,5.3,,53,34,92,,,,,,,,,,,,,,,,,,,,,,,,,,,,,23,0,,,,,,,,,,,,,,,,,,,,,,,,,,,,,,,,,,7.8,0.6,,,,90,120,,,,,,,,6.7,11.6,,,,1,1,,,,,,,,,,,,,,,,,,,,,,,,,,,,
USW00094728,2/28/2023,,,,,0,1008.1,1002,1.1,,2.5,,,,,,,,,,,,,,,,,,,,,,,8.6,,89,79,93,,,,,,,,,,,,,,,,,,,,,,,,,,,,,23,50,,,,,,,,,,,,,,,,,,,,,,,,,,,,,,,,,,3.3,0,,,,60,40,,,,,,,,9.4,12.5,,,,1,,,,,,,,,,,,,,,,,,,,,,,,,,,,,
USW00094728,3/1/2023,,,,,-1.1,1018.3,1013.5,2.2,,2.6,,,,,,,,,,,,,,,,,,,,,,,0,,71,47,93,,,,,,,,,,,,,,,,,,,,,,,,,,,,,0,30,,,,,,,,,,,,,,,,,,,,,,,,,,,,,,,,,,6.7,0.6,,,,120,130,,,,,,,,5.8,9.8,,,,1,,,,,,,1,,,,,,,,,,,,,,,,,,,,,,
USW00094728,3/2/2023,,,,,1.7,1006.8,1002,5,,2.5,,,,,,,,,,,,,,,,,,,,,,,0,,71,37,97,,,,,,,,,,,,,,,,,,,,,,,,,,,,,0,0,,,,,,,,,,,,,,,,,,,,,,,,,,,,,,,,,,12.2,3.9,,,,60,300,,,,,,,,6.7,10.7,,,,1,,,,,,,1,,,,,,,,,,,,,,,,,,,,,,
USW00094728,3/3/2023,,,,,-3.3,1014.6,1010.2,1.7,,2.6,,,,,,,,,,,,,,,,,,,,,,,3.8,,58,38,89,,,,,,,,,,,,,,,,,,,,,,,,,,,,,0,0,,,,,,,,,,,,,,,,,,,,,,,,,,,,,,,,,,8.3,2.8,,,,100,120,,,,,,,,8.9,13.9,,,,1,,,,,,,,,,,,,,,,,,,,,,,,,,,,,
USW00094728,3/4/2023,,,,,1.7,1002.7,997,3.9,,3.6,,,,,,,,,,,,,,,,,,,,,,,25.1,,78,63,93,,,,,,,,,,,,,,,,,,,,,,,,,,,,,0,0,,,,,,,,,,,,,,,,,,,,,,,,,,,,,,,,,,7.2,3.3,,,,60,110,,,,,,,,10.3,15.7,,,,1,,,,,,,,,,,,,,,,,,,,,,,,,,,,,
USW00094728,3/5/2023,,,,,-2.8,1019.3,1013.5,3.3,,3.6,,,,,,,,,,,,,,,,,,,,,,,0,,51,38,65,,,,,,,,,,,,,,,,,,,,,,,,,,,,,0,0,,,,,,,,,,,,,,,,,,,,,,,,,,,,,,,,,,11.7,3.3,,,,310,300,,,,,,,,7.6,13,,,,,,,,,,,,,,,,,,,,,,,,,,,,,,,,,
USW00094728,3/6/2023,,,,,-6.7,1017.6,1013.5,2.2,,2.4,,,,,,,,,,,,,,,,,,,,,,,0,,37,22,58,,,,,,,,,,,,,,,,,,,,,,,,,,,,,0,0,,,,,,,,,,,,,,,,,,,,,,,,,,,,,,,,,,11.1,4.4,,,,320,280,,,,,,,,6.3,9.4,,,,,,,,,,,,,,,,,,,,,,,,,,,,,,,,,
USW00094728,3/7/2023,,,,,-7.2,1010.8,1005.1,0,,4.8,,,,,,,,,,,,,,,,,,,,,,,1.5,,51,23,89,,,,,,,,,,,,,,,,,,,,,,,,,,,,,3,0,,,,,,,,,,,,,,,,,,,,,,,,,,,,,,,,,,8.3,0.6,,,,300,300,,,,,,,,10.7,16.1,,,,1,,,,,,,1,,,,,,,,,,,,,,,,,,,,,,
USW00094728,3/8/2023,,,,,-6.1,1020,1015.2,0,,3.8,,,,,,,,,,,,,,,,,,,,,,,0,,50,39,62,,,,,,,,,,,,,,,,,,,,,,,,,,,,,0,0,,,,,,,,,,,,,,,,,,,,,,,,,,,,,,,,,,8.9,-0.5,,,,360,300,,,,,,,,7.2,11.6,,,,,,,,,,,,,,,,,,,,,,,,,,,,,,,,,
USW00094728,3/9/2023,,,,,-4.4,1021,1016.3,1.7,,3.5,,,,,,,,,,,,,,,,,,,,,,,0,,51,38,64,,,,,,,,,,,,,,,,,,,,,,,,,,,,,0,0,,,,,,,,,,,,,,,,,,,,,,,,,,,,,,,,,,10.6,0.6,,,,30,30,,,,,,,,7.2,11.6,,,,,,,,,,,,,,,,,,,,,,,,,,,,,,,,,
USW00094728,3/10/2023,,,,,-1.1,1013.9,1010.5,2.2,,1.7,,,,,,,,,,,,,,,,,,,,,,,9.1,,66,54,89,,,,,,,,,,,,,,,,,,,,,,,,,,,,,0,0,,,,,,,,,,,,,,,,,,,,,,,,,,,,,,,,,,7.8,1.7,,,,30,20,,,,,,,,6.3,8.1,,,,1,,,,,,,,,,,,,,,,,,,,,,,,,,,,,
USW00094728,3/11/2023,,,,,0,1008.1,1002,2.8,,3.7,,,,,,,,,,,,,,,,,,,,,,,10.2,,76,53,93,,,,,,,,,,,,,,,,,,,,,,,,,,,,,0,0,,,,,,,,,,,,,,,,,,,,,,,,,,,,,,,,,,7.2,1.7,,,,20,40,,,,,,,,7.6,12.1,,,,1,,,,,,,,,,,,,,,,,,,,,,,,,,,,,
USW00094728,3/12/2023,,,,,-3.3,1015.9,1010.8,1.7,,1.9,,,,,,,,,,,,,,,,,,,,,,,0,,58,35,73,,,,,,,,,,,,,,,,,,,,,,,,,,,,,0,0,,,,,,,,,,,,,,,,,,,,,,,,,,,,,,,,,,8.9,1.1,,,,20,40,,,,,,,,5.8,8.9,,,,,,,,,,,,,,,,,,,,,,,,,,,,,,,,,
USW00094728,3/13/2023,,,,,3.3,1010.8,1007.1,4.4,,3.2,,,,,,,,,,,,,,,,,,,,,,,17,,90,71,93,,,,,,,,,,,,,,,,,,,,,,,,,,,,,0,0,,,,,,,,,,,,,,,,,,,,,,,,,,,,,,,,,,7.2,3.3,,,,60,50,,,,,,,,8.9,12.1,,,,1,,,,,,,,,,,,,,,,,,,,,,,,,,,,,
USW00094728,3/14/2023,,,,,-1.7,1000.7,995.9,0,,4.6,,,,,,,,,,,,,,,,,,,,,,,3.3,,77,59,93,,,,,,,,,,,,,,,,,,,,,,,,,,,,,0,0,,,,,,,,,,,,,,,,,,,,,,,,,,,,,,,,,,3.3,0.6,,,,280,270,,,,,,,,9.8,14.8,,,,1,,,,,,,1,,,,,,,,,,,,,,,,,,,,,,
USW00094728,3/15/2023,,,,,-7.2,1009.8,1003.7,-0.6,,5.8,,,,,,,,,,,,,,,,,,,,,,,0,,45,32,59,,,,,,,,,,,,,,,,,,,,,,,,,,,,,0,0,,,,,,,,,,,,,,,,,,,,,,,,,,,,,,,,,,7.2,1.1,,,,300,300,,,,,,,,10.7,18.3,,,,,,,,,,,,,,,,,,,,,,,,,,,,,,,,,
USW00094728,3/16/2023,,,,,-10,1015.2,1010.8,1.7,,2.8,,,,,,,,,,,,,,,,,,,,,,,0,,27,21,37,,,,,,,,,,,,,,,,,,,,,,,,,,,,,0,0,,,,,,,,,,,,,,,,,,,,,,,,,,,,,,,,,,15,1.1,,,,240,230,,,,,,,,5.8,8.5,,,,,,,,,,,,,,,,,,,,,,,,,,,,,,,,,
USW00094728,3/17/2023,,,,,-1.7,1005.4,1001.7,6.1,,1.5,,,,,,,,,,,,,,,,,,,,,,,0,,41,25,60,,,,,,,,,,,,,,,,,,,,,,,,,,,,,0,0,,,,,,,,,,,,,,,,,,,,,,,,,,,,,,,,,,15.6,8.3,,,,240,230,,,,,,,,6.3,9.4,,,,,,,,,,,,,,,,,,,,,,,,,,,,,,,,,
USW00094728,3/18/2023,,,,,-5,1006.1,1001,3.3,,3.1,,,,,,,,,,,,,,,,,,,,,,,0.5,,39,24,72,,,,,,,,,,,,,,,,,,,,,,,,,,,,,0,0,,,,,,,,,,,,,,,,,,,,,,,,,,,,,,,,,,13.3,4.4,,,,270,290,,,,,,,,6.7,11.6,,,,,,,,,,,,,,,,,,,,,,,,,,,,,,,,,
USW00094728,3/19/2023,,,,,-13.3,1016.6,1010.2,-2.8,,3.9,,,,,,,,,,,,,,,,,,,,,,,0,,33,27,45,,,,,,,,,,,,,,,,,,,,,,,,,,,,,0,0,,,,,,,,,,,,,,,,,,,,,,,,,,,,,,,,,,4.4,-1.6,,,,270,300,,,,,,,,8.1,14.8,,,,,,,,,,,,,,,,,,,,,,,,,,,,,,,,,
USW00094728,3/20/2023,,,,,-8.9,1024.4,1019,0,,2.2,,,,,,,,,,,,,,,,,,,,,,,0,,37,21,50,,,,,,,,,,,,,,,,,,,,,,,,,,,,,0,0,,,,,,,,,,,,,,,,,,,,,,,,,,,,,,,,,,10.6,-0.5,,,,240,90,,,,,,,,5.8,9.8,,,,,,,,,,,,,,,,,,,,,,,,,,,,,,,,,
USW00094728,3/21/2023,,,,,-9.4,1027.1,1021.7,3.3,,2.6,,,,,,,,,,,,,,,,,,,,,,,0,,24,13,39,,,,,,,,,,,,,,,,,,,,,,,,,,,,,0,0,,,,,,,,,,,,,,,,,,,,,,,,,,,,,,,,,,17.2,4.4,,,,230,200,,,,,,,,6.7,10.3,,,,,,,,,,,,,,,,,,,,,,,,,,,,,,,,,
USW00094728,3/22/2023,,,,,-0.6,1025.7,1021.3,6.7,,1.6,,,,,,,,,,,,,,,,,,,,,,,0,,49,24,89,,,,,,,,,,,,,,,,,,,,,,,,,,,,,0,0,,,,,,,,,,,,,,,,,,,,,,,,,,,,,,,,,,16.7,8.9,,,,230,360,,,,,,,,5.4,10.7,,,,,,,,,,,,,,,,,,,,,,,,,,,,,,,,,
USW00094728,3/23/2023,,,,,8.9,1012.5,1008.5,10.6,,2.1,,,,,,,,,,,,,,,,,,,,,,,2.3,,79,62,93,,,,,,,,,,,,,,,,,,,,,,,,,,,,,0,0,,,,,,,,,,,,,,,,,,,,,,,,,,,,,,,,,,15.6,8.9,,,,300,270,,,,,,,,5.8,9.8,,,,1,,,,,,,1,,,,,,,,,,,,,,,,,,,,,,
USW00094728,3/24/2023,,,,,-1.7,1014.6,1008.5,5,,2.3,,,,,,,,,,,,,,,,,,,,,,,0,,46,33,69,,,,,,,,,,,,,,,,,,,,,,,,,,,,,0,0,,,,,,,,,,,,,,,,,,,,,,,,,,,,,,,,,,12.8,6.7,,,,80,280,,,,,,,,6.3,10.7,,,,,,,,,,,,,,,,,,,,,,,,,,,,,,,,,
USW00094728,3/25/2023,,,,,2.2,1012.9,1009.1,4.4,,3.6,,,,,,,,,,,,,,,,,,,,,,,3.8,,77,44,93,,,,,,,,,,,,,,,,,,,,,,,,,,,,,0,0,,,,,,,,,,,,,,,,,,,,,,,,,,,,,,,,,,8.3,5.6,,,,90,110,,,,,,,,8.1,13,,,,1,,,,,,,1,,,,,,,,,,,,,,,,,,,,,,
USW00094728,3/26/2023,,,,,-2.2,1011.9,1006.1,6.1,,2.7,,,,,,,,,,,,,,,,,,,,,,,0,,43,18,93,,,,,,,,,,,,,,,,,,,,,,,,,,,,,0,0,,,,,,,,,,,,,,,,,,,,,,,,,,,,,,,,,,17.2,6.7,,,,270,270,,,,,,,,7.2,11.6,,,,1,,,,,,,,,,,,,,,,,,,,,,,,,,,,,
USW00094728,3/27/2023,,,,,-2.2,1015.6,1010.5,5,,2.6,,,,,,,,,,,,,,,,,,,,,,,7.4,,49,23,90,,,,,,,,,,,,,,,,,,,,,,,,,,,,,0,0,,,,,,,,,,,,,,,,,,,,,,,,,,,,,,,,,,16.7,6.1,,,,70,60,,,,,,,,6.7,8.9,,,,1,,,,,,,,,,,,,,,,,,,,,,,,,,,,,
USW00094728,3/28/2023,,,,,-0.6,1017.9,1012.5,4.4,,1.8,,,,,,,,,,,,,,,,,,,,,,,0,,55,30,83,,,,,,,,,,,,,,,,,,,,,,,,,,,,,0,0,,,,,,,,,,,,,,,,,,,,,,,,,,,,,,,,,,11.1,5.6,,,,310,10,,,,,,,,4.5,7.2,,,,,,,,,,,,,,,,,,,,,,,,,,,,,,,,,
USW00094728,3/29/2023,,,,,-5.6,1019,1014.6,2.8,,2.6,,,,,,,,,,,,,,,,,,,,,,,0,,42,19,76,,,,,,,,,,,,,,,,,,,,,,,,,,,,,0,0,,,,,,,,,,,,,,,,,,,,,,,,,,,,,,,,,,12.8,3.9,,,,230,99,,,,,,,,4.5,8.9,,,,,,,,,,,,,,,,,,,,,,,,,,,,,,,,,
USW00094728,3/30/2023,,,,,-10.6,1024.7,1019,-1.1,,3.3,,,,,,,,,,,,,,,,,,,,,,,0.3,,34,23,79,,,,,,,,,,,,,,,,,,,,,,,,,,,,,0,0,,,,,,,,,,,,,,,,,,,,,,,,,,,,,,,,,,7.8,-0.5,,,,300,310,,,,,,,,7.6,14.3,,,,,,,,,,,,,,,,,,,,,,,,,,,,,,,,,
USW00094728,3/31/2023,,,,,-0.6,1021.3,1017.9,5,,1.1,,,,,,,,,,,,,,,,,,,,,,,0,,55,30,77,,,,,,,,,,,,,,,,,,,,,,,,,,,,,0,0,,,,,,,,,,,,,,,,,,,,,,,,,,,,,,,,,,13.9,3.3,,,,180,180,,,,,,,,5.8,10.3,,,,,,,,,,,,,,,,,,,,,,,,,,,,,,,,,
USW00094728,4/1/2023,,,,,9.4,999.7,996.3,12.2,,2.2,,,,,,,,,,,,,,,,,,,,,,,9.7,,70,38,93,,,,,,,,,,,,,,,,,,,,,,,,,,,,,0,0,,,,,,,,,,,,,,,,,,,,,,,,,,,,,,,,,,22.2,10.6,,,,280,310,,,,,,,,7.6,13.9,,,,1,,1,,,,,,,,,,,,,,,,,,,,,,,,,,,
USW00094728,4/2/2023,,,,,-9.4,1012.9,1007.8,1.7,,4.1,,,,,,,,,,,,,,,,,,,,,,,0,,32,16,55,,,,,,,,,,,,,,,,,,,,,,,,,,,,,0,0,,,,,,,,,,,,,,,,,,,,,,,,,,,,,,,,,,10.6,4.4,,,,300,290,,,,,,,,10.3,16.5,,,,,,,,,,,,,,,,,,,,,,,,,,,,,,,,,
USW00094728,4/3/2023,,,,,-2.2,1018.6,1014.6,5,,2,,,,,,,,,,,,,,,,,,,,,,,0,,46,24,69,,,,,,,,,,,,,,,,,,,,,,,,,,,,,0,0,,,,,,,,,,,,,,,,,,,,,,,,,,,,,,,,,,15,3.9,,,,180,130,,,,,,,,5.8,13,,,,,,,,,,,,,,,,,,,,,,,,,,,,,,,,,
USW00094728,4/4/2023,,,,,9.4,1016.9,1011.2,12.2,,0.8,,,,,,,,,,,,,,,,,,,,,,,0,,69,46,87,,,,,,,,,,,,,,,,,,,,,,,,,,,,,0,0,,,,,,,,,,,,,,,,,,,,,,,,,,,,,,,,,,22.8,8.9,,,,240,240,,,,,,,,4.5,7.2,,,,,,,,,,,,,,,,,,,,,,,,,,,,,,,,,
USW00094728,4/5/2023,,,,,7.8,1022.7,1017.9,8.9,,3.8,,,,,,,,,,,,,,,,,,,,,,,0,,88,74,93,,,,,,,,,,,,,,,,,,,,,,,,,,,,,0,0,,,,,,,,,,,,,,,,,,,,,,,,,,,,,,,,,,13.9,7.8,,,,60,60,,,,,,,,10.3,13.9,,,,1,,,,,,,1,,,,,,,,,,,,,,,,,,,,,,
USW00094728,4/6/2023,,,,,10,1020,1014.9,12.8,,1.4,,,,,,,,,,,,,,,,,,,,,,,0,,68,47,97,,,,,,,,,,,,,,,,,,,,,,,,,,,,,0,0,,,,,,,,,,,,,,,,,,,,,,,,,,,,,,,,,,26.7,8.3,,,,360,350,,,,,,,,5.4,9.8,,,,1,,,,,,,1,,,,,,,,,,,,,,,,,,,,,,
USW00094728,4/7/2023,,,,,-8.3,1026.8,1021.3,3.9,,3.6,,,,,,,,,,,,,,,,,,,,,,,0,,25,16,42,,,,,,,,,,,,,,,,,,,,,,,,,,,,,0,0,,,,,,,,,,,,,,,,,,,,,,,,,,,,,,,,,,15.6,5.6,,,,310,290,,,,,,,,7.2,12.1,,,,,,,,,,,,,,,,,,,,,,,,,,,,,,,,,
USW00094728,4/8/2023,,,,,-7.8,1031.5,1026.4,1.7,,1.5,,,,,,,,,,,,,,,,,,,,,,,0,,36,22,49,,,,,,,,,,,,,,,,,,,,,,,,,,,,,0,0,,,,,,,,,,,,,,,,,,,,,,,,,,,,,,,,,,12.2,2.8,,,,50,10,,,,,,,,5.4,7.6,,,,,,,,,,,,,,,,,,,,,,,,,,,,,,,,,
USW00094728,4/9/2023,,,,,-3.9,1032.2,1026.8,3.3,,1.9,,,,,,,,,,,,,,,,,,,,,,,0,,45,15,65,,,,,,,,,,,,,,,,,,,,,,,,,,,,,0,0,,,,,,,,,,,,,,,,,,,,,,,,,,,,,,,,,,13.9,4.4,,,,40,30,,,,,,,,6.7,9.4,,,,,,,,,,,,,,,,,,,,,,,,,,,,,,,,,
USW00094728,4/10/2023,,,,,-1.7,1029.1,1024,6.1,,2.3,,,,,,,,,,,,,,,,,,,,,,,0,,41,19,71,,,,,,,,,,,,,,,,,,,,,,,,,,,,,0,0,,,,,,,,,,,,,,,,,,,,,,,,,,,,,,,,,,20,5.6,,,,230,240,,,,,,,,5.4,8.9,,,,,,,,,,,,,,,,,,,,,,,,,,,,,,,,,
USW00094728,4/11/2023,,,,,-3.9,1018.6,1014.9,8.3,,2.6,,,,,,,,,,,,,,,,,,,,,,,0,,24,12,38,,,,,,,,,,,,,,,,,,,,,,,,,,,,,0,0,,,,,,,,,,,,,,,,,,,,,,,,,,,,,,,,,,23.9,10.6,,,,250,230,,,,,,,,7.6,13,,,,,,,,,,,,,,,,,,,,,,,,,,,,,,,,,
USW00094728,4/12/2023,,,,,1.7,1010.2,1005.8,12.8,,2.5,,,,,,,,,,,,,,,,,,,,,,,0,,25,16,33,,,,,,,,,,,,,,,,,,,,,,,,,,,,,0,0,,,,,,,,,,,,,,,,,,,,,,,,,,,,,,,,,,28.9,17.8,,,,300,310,,,,,,,,6.3,9.4,,,,,,,,,,,,,,,,,,,,,,,,,,,,,,,,,
USW00094728,4/13/2023,,,,,5.6,1010.5,1005.8,15,,2.5,,,,,,,,,,,,,,,,,,,,,,,0,,27,18,39,,,,,,,,,,,,,,,,,,,,,,,,,,,,,0,0,,,,,,,,,,,,,,,,,,,,,,,,,,,,,,,,,,32.2,19.4,,,,230,240,,,,,,,,5.8,9.4,,,,,,,,,,,,,,,,,,,,,,,,,,,,,,,,,
USW00094728,4/14/2023,,,,,6.1,1010.8,1006.1,15,,1.5,,,,,,,,,,,,,,,,,,,,,,,0,,29,19,43,,,,,,,,,,,,,,,,,,,,,,,,,,,,,0,0,,,,,,,,,,,,,,,,,,,,,,,,,,,,,,,,,,32.8,21.1,,,,220,230,,,,,,,,5.8,8.9,,,,,,,,,,,,,,,,,,,,,,,,,,,,,,,,,
USW00094728,4/15/2023,,,,,14.4,1011.9,1007.1,16.7,,1.6,,,,,,,,,,,,,,,,,,,,,,,0.5,,77,59,93,,,,,,,,,,,,,,,,,,,,,,,,,,,,,0,0,,,,,,,,,,,,,,,,,,,,,,,,,,,,,,,,,,23.9,15,,,,110,120,,,,,,,,4.5,7.6,,,,1,,,,,,,,,,,,,,,,,,,,,,,,,,,,,
USW00094728,4/16/2023,,,,,13.3,1009.5,1004.7,15,,1.3,,,,,,,,,,,,,,,,,,,,,,,0,,78,63,96,,,,,,,,,,,,,,,,,,,,,,,,,,,,,0,0,,,,,,,,,,,,,,,,,,,,,,,,,,,,,,,,,,21.7,13.9,,,,100,90,,,,,,,,4.5,6.3,,,,1,,,,,,,,,,,,,,,,,,,,,,,,,,,,,
USW00094728,4/17/2023,,,,,7.2,1003,998.3,11.1,,2.6,,,,,,,,,,,,,,,,,,,,,,,0,,67,32,97,,,,,,,,,,,,,,,,,,,,,,,,,,,,,0,0,,,,,,,,,,,,,,,,,,,,,,,,,,,,,,,,,,20,11.7,,,,240,230,,,,,,,,7.2,12.1,,,,1,,,,,,,,,,,,,,,,,,,,,,,,,,,,,
USW00094728,4/18/2023,,,,,-1.7,1008.5,1003.4,5.6,,3.2,,,,,,,,,,,,,,,,,,,,,,,0,,43,31,50,,,,,,,,,,,,,,,,,,,,,,,,,,,,,0,0,,,,,,,,,,,,,,,,,,,,,,,,,,,,,,,,,,13.9,7.2,,,,280,280,,,,,,,,9.8,14.3,,,,,,,,,,,,,,,,,,,,,,,,,,,,,,,,,
USW00094728,4/19/2023,,,,,-1.1,1017.3,1012.5,6.1,,2.6,,,,,,,,,,,,,,,,,,,,,,,0,,44,27,64,,,,,,,,,,,,,,,,,,,,,,,,,,,,,0,0,,,,,,,,,,,,,,,,,,,,,,,,,,,,,,,,,,17.8,7.2,,,,300,320,,,,,,,,6.3,10.3,,,,,,,,,,,,,,,,,,,,,,,,,,,,,,,,,
USW00094728,4/20/2023,,,,,1.1,1022,1016.9,7.2,,1.2,,,,,,,,,,,,,,,,,,,,,,,0,,47,30,63,,,,,,,,,,,,,,,,,,,,,,,,,,,,,0,0,,,,,,,,,,,,,,,,,,,,,,,,,,,,,,,,,,18.9,7.2,,,,70,190,,,,,,,,4.5,7.6,,,,,,,,,,,,,,,,,,,,,,,,,,,,,,,,,
USW00094728,4/21/2023,,,,,7.2,1017.9,1012.9,11.1,,2.3,,,,,,,,,,,,,,,,,,,,,,,0,,62,42,80,,,,,,,,,,,,,,,,,,,,,,,,,,,,,0,0,,,,,,,,,,,,,,,,,,,,,,,,,,,,,,,,,,21.7,10.6,,,,90,130,,,,,,,,5.8,9.8,,,,,,,,,,,,,,,,,,,,,,,,,,,,,,,,,
USW00094728,4/22/2023,,,,,10.6,1013.5,1008.1,12.2,,3.2,,,,,,,,,,,,,,,,,,,,,,,17.3,,83,63,97,,,,,,,,,,,,,,,,,,,,,,,,,,,,,0,0,,,,,,,,,,,,,,,,,,,,,,,,,,,,,,,,,,19.4,10.6,,,,90,50,,,,,,,,6.3,8.5,,,,1,,1,,,,,1,,,,,,,,,,,,,,,,,,,,,,
USW00094728,4/23/2023,,,,,8.3,1011.2,1005.8,11.1,,2.5,,,,,,,,,,,,,,,,,,,,,,,38.4,,70,41,97,,,,,,,,,,,,,,,,,,,,,,,,,,,,,0,0,,,,,,,,,,,,,,,,,,,,,,,,,,,,,,,,,,20.6,10,,,,290,280,,,,,,,,5.8,9.4,,,,1,,,,,,,,,,,,,,,,,,,,,,,,,,,,,
USW00094728,4/24/2023,,,,,-0.6,1017.3,1012.2,6.1,,1.8,,,,,,,,,,,,,,,,,,,,,,,0,,44,26,69,,,,,,,,,,,,,,,,,,,,,,,,,,,,,0,0,,,,,,,,,,,,,,,,,,,,,,,,,,,,,,,,,,16.7,6.7,,,,290,290,,,,,,,,4.5,7.2,,,,,,,,,,,,,,,,,,,,,,,,,,,,,,,,,
USW00094728,4/25/2023,,,,,-1.1,1021,1016.3,6.1,,1.1,,,,,,,,,,,,,,,,,,,,,,,0,,43,29,63,,,,,,,,,,,,,,,,,,,,,,,,,,,,,0,0,,,,,,,,,,,,,,,,,,,,,,,,,,,,,,,,,,15.6,7.8,,,,280,280,,,,,,,,4,5.4,,,,,,,,,,,,,,,,,,,,,,,,,,,,,,,,,
USW00094728,4/26/2023,,,,,3.3,1023,1017.9,7.8,,1.1,,,,,,,,,,,,,,,,,,,,,,,0,,61,41,83,,,,,,,,,,,,,,,,,,,,,,,,,,,,,0,0,,,,,,,,,,,,,,,,,,,,,,,,,,,,,,,,,,15.6,7.8,,,,190,120,,,,,,,,4,8.1,,,,,,,,,,,,,,,,,,,,,,,,,,,,,,,,,
USW00094728,4/27/2023,,,,,6.7,1022.7,1017.6,9.4,,1.4,,,,,,,,,,,,,,,,,,,,,,,0,,73,61,86,,,,,,,,,,,,,,,,,,,,,,,,,,,,,0,0,,,,,,,,,,,,,,,,,,,,,,,,,,,,,,,,,,13.9,9.4,,,,120,30,,,,,,,,4,7.6,,,,,,,,,,,,,,,,,,,,,,,,,,,,,,,,,
USW00094728,4/28/2023,,,,,5.6,1020.3,1015.2,8.3,,3,,,,,,,,,,,,,,,,,,,,,,,8.4,,71,47,93,,,,,,,,,,,,,,,,,,,,,,,,,,,,,0,0,,,,,,,,,,,,,,,,,,,,,,,,,,,,,,,,,,13.3,8.3,,,,110,110,,,,,,,,5.8,9.8,,,,1,,,,,,,,,,,,,,,,,,,,,,,,,,,,,
USW00094728,4/29/2023,,,,,9.4,1011.9,1007.5,9.4,,3.8,,,,,,,,,,,,,,,,,,,,,,,62.5,,95,92,97,,,,,,,,,,,,,,,,,,,,,,,,,,,,,0,0,,,,,,,,,,,,,,,,,,,,,,,,,,,,,,,,,,11.7,8.3,,,,60,100,,,,,,,,6.7,19.2,,,,1,,,,,,,,,,,,,,,,,,,,,,,,,,,,,
USW00094728,4/30/2023,,,,,12.2,997.3,990.9,12.2,,3.1,,,,,,,,,,,,,,,,,,,,,,,58.9,,95,92,97,,,,,,,,,,,,,,,,,,,,,,,,,,,,,0,0,,,,,,,,,,,,,,,,,,,,,,,,,,,,,,,,,,15.6,10,,,,60,80,,,,,,,,8.1,11.6,,,,1,,,,,,,,,,,,,,,,,,,,,,,,,,,,,
USW00094728,5/1/2023,,,,,3.9,992.5,985.4,8.3,,3.1,,,,,,,,,,,,,,,,,,,,,,,2.3,,55,36,93,,,,,,,,,,,,,,,,,,,,,,,,,,,,,0,0,,,,,,,,,,,,,,,,,,,,,,,,,,,,,,,,,,16.1,9.4,,,,280,270,,,,,,,,8.1,13,,,,1,,,,,,,,,,,,,,,,,,,,,,,,,,,,,
USW00094728,5/2/2023,,,,,3.9,995.9,990.9,7.2,,2,,,,,,,,,,,,,,,,,,,,,,,6.4,,67,45,90,,,,,,,,,,,,,,,,,,,,,,,,,,,,,0,0,,,,,,,,,,,,,,,,,,,,,,,,,,,,,,,,,,13.3,6.7,,,,230,210,,,,,,,,7.2,12.5,,,,1,,,,,,,,,,,,,,,,,,,,,,,,,,,,,
USW00094728,5/3/2023,,,,,3.3,999.3,994.6,7.2,,1.4,,,,,,,,,,,,,,,,,,,,,,,0,,63,47,77,,,,,,,,,,,,,,,,,,,,,,,,,,,,,0,0,,,,,,,,,,,,,,,,,,,,,,,,,,,,,,,,,,13.9,8.3,,,,280,260,,,,,,,,4.5,7.2,,,,,,,,,,,,,,,,,,,,,,,,,,,,,,,,,
USW00094728,5/4/2023,,,,,7.2,1011.5,1005.8,8.9,,1.7,,,,,,,,,,,,,,,,,,,,,,,1.3,,80,72,90,,,,,,,,,,,,,,,,,,,,,,,,,,,,,0,0,,,,,,,,,,,,,,,,,,,,,,,,,,,,,,,,,,12.8,8.9,,,,60,90,,,,,,,,4.5,7.6,,,,1,,,,,,,,,,,,,,,,,,,,,,,,,,,,,
USW00094728,5/5/2023,,,,,6.1,1022,1016.9,9.4,,0.9,,,,,,,,,,,,,,,,,,,,,,,0,,65,38,90,,,,,,,,,,,,,,,,,,,,,,,,,,,,,0,0,,,,,,,,,,,,,,,,,,,,,,,,,,,,,,,,,,18.9,8.9,,,,60,30,,,,,,,,5.4,7.6,,,,1,,,,,,,,,,,,,,,,,,,,,,,,,,,,,
USW00094728,5/6/2023,,,,,5,1022.4,1017.3,10.6,,1.3,,,,,,,,,,,,,,,,,,,,,,,0,,49,27,83,,,,,,,,,,,,,,,,,,,,,,,,,,,,,0,0,,,,,,,,,,,,,,,,,,,,,,,,,,,,,,,,,,22.8,8.9,,,,10,350,,,,,,,,4,5.8,,,,,,,,,,,,,,,,,,,,,,,,,,,,,,,,,
USW00094728,5/7/2023,,,,,6.1,1014.2,1010.5,12.2,,1.3,,,,,,,,,,,,,,,,,,,,,,,0.5,,46,24,81,,,,,,,,,,,,,,,,,,,,,,,,,,,,,0,0,,,,,,,,,,,,,,,,,,,,,,,,,,,,,,,,,,25.6,12.2,,,,230,30,,,,,,,,4,7.6,,,,,,,,,,,,,,,,,,,,,,,,,,,,,,,,,
USW00094728,5/8/2023,,,,,6.7,1008.8,1003,12.8,,2.1,,,,,,,,,,,,,,,,,,,,,,,0,,45,25,78,,,,,,,,,,,,,,,,,,,,,,,,,,,,,0,0,,,,,,,,,,,,,,,,,,,,,,,,,,,,,,,,,,25,14.4,,,,310,300,,,,,,,,5.8,9.4,,,,,,,,,,,,,,,,,,,,,,,,,,,,,,,,,
USW00094728,5/9/2023,,,,,0.6,1014.9,1010.2,8.9,,1.3,,,,,,,,,,,,,,,,,,,,,,,0,,37,22,62,,,,,,,,,,,,,,,,,,,,,,,,,,,,,0,0,,,,,,,,,,,,,,,,,,,,,,,,,,,,,,,,,,21.7,12.2,,,,60,180,,,,,,,,5.4,7.6,,,,,,,,,,,,,,,,,,,,,,,,,,,,,,,,,
USW00094728,5/10/2023,,,,,3.3,1020,1015.2,10,,0.9,,,,,,,,,,,,,,,,,,,,,,,0,,44,20,75,,,,,,,,,,,,,,,,,,,,,,,,,,,,,0,0,,,,,,,,,,,,,,,,,,,,,,,,,,,,,,,,,,22.8,10,,,,230,220,,,,,,,,5.4,7.2,,,,,,,,,,,,,,,,,,,,,,,,,,,,,,,,,
USW00094728,5/11/2023,,,,,3.9,1018.6,1013.9,12.2,,1.7,,,,,,,,,,,,,,,,,,,,,,,0,,33,21,50,,,,,,,,,,,,,,,,,,,,,,,,,,,,,0,0,,,,,,,,,,,,,,,,,,,,,,,,,,,,,,,,,,26.7,13.9,,,,230,230,,,,,,,,5.4,7.6,,,,,,,,,,,,,,,,,,,,,,,,,,,,,,,,,
USW00094728,5/12/2023,,,,,7.2,1016.9,1012.2,15,,1.3,,,,,,,,,,,,,,,,,,,,,,,0,,34,24,47,,,,,,,,,,,,,,,,,,,,,,,,,,,,,0,0,,,,,,,,,,,,,,,,,,,,,,,,,,,,,,,,,,30.6,18.3,,,,270,240,,,,,,,,4.5,7.6,,,,,,,,,,,,,,,,,,,,,,,,,,,,,,,,,
USW00094728,5/13/2023,,,,,7.8,1015.9,1011.2,15,,1.3,,,,,,,,,,,,,,,,,,,,,,,0,,37,21,55,,,,,,,,,,,,,,,,,,,,,,,,,,,,,0,0,,,,,,,,,,,,,,,,,,,,,,,,,,,,,,,,,,27.8,18.9,,,,290,10,,,,,,,,5.4,8.1,,,,,,,,,,,,,,,,,,,,,,,,,,,,,,,,,
USW00094728,5/14/2023,,,,,1.1,1021.7,1016.9,10,,2.8,,,,,,,,,,,,,,,,,,,,,,,0,,31,20,40,,,,,,,,,,,,,,,,,,,,,,,,,,,,,0,0,,,,,,,,,,,,,,,,,,,,,,,,,,,,,,,,,,23.3,15,,,,30,350,,,,,,,,5.4,8.9,,,,,,,,,,,,,,,,,,,,,,,,,,,,,,,,,
USW00094728,5/15/2023,,,,,0.6,1020.7,1016.9,10,,1.7,,,,,,,,,,,,,,,,,,,,,,,0,,32,19,55,,,,,,,,,,,,,,,,,,,,,,,,,,,,,0,0,,,,,,,,,,,,,,,,,,,,,,,,,,,,,,,,,,23.3,11.1,,,,240,240,,,,,,,,5.8,9.8,,,,,,,,,,,,,,,,,,,,,,,,,,,,,,,,,
USW00094728,5/16/2023,,,,,5,1005.8,1001,12.8,,2.3,,,,,,,,,,,,,,,,,,,,,,,0,,37,18,56,,,,,,,,,,,,,,,,,,,,,,,,,,,,,0,0,,,,,,,,,,,,,,,,,,,,,,,,,,,,,,,,,,26.1,14.4,,,,240,240,,,,,,,,7.6,11.6,,,,,,,,,,,,,,,,,,,,,,,,,,,,,,,,,
USW00094728,5/17/2023,,,,,-1.7,1009.5,1002.4,7.8,,2.6,,,,,,,,,,,,,,,,,,,,,,,0,,33,18,57,,,,,,,,,,,,,,,,,,,,,,,,,,,,,0,0,,,,,,,,,,,,,,,,,,,,,,,,,,,,,,,,,,20.6,10,,,,300,300,,,,,,,,7.2,12.1,,,,,,,,,,,,,,,,,,,,,,,,,,,,,,,,,
USW00094728,5/18/2023,,,,,0,1026.1,1021,6.7,,1.9,,,,,,,,,,,,,,,,,,,,,,,0,,47,26,72,,,,,,,,,,,,,,,,,,,,,,,,,,,,,0,0,,,,,,,,,,,,,,,,,,,,,,,,,,,,,,,,,,16.1,6.1,,,,50,40,,,,,,,,5.4,8.9,,,,,,,,,,,,,,,,,,,,,,,,,,,,,,,,,
USW00094728,5/19/2023,,,,,8.3,1026.1,1021.3,11.7,,1,,,,,,,,,,,,,,,,,,,,,,,0,,62,44,78,,,,,,,,,,,,,,,,,,,,,,,,,,,,,0,0,,,,,,,,,,,,,,,,,,,,,,,,,,,,,,,,,,21.1,11.1,,,,120,220,,,,,,,,5.4,8.9,,,,,,,,,,,,,,,,,,,,,,,,,,,,,,,,,
USW00094728,5/20/2023,,,,,15,1016.3,1011.2,15.6,,1.3,,,,,,,,,,,,,,,,,,,,,,,19.6,,92,78,97,,,,,,,,,,,,,,,,,,,,,,,,,,,,,0,0,,,,,,,,,,,,,,,,,,,,,,,,,,,,,,,,,,18.3,13.9,,,,60,50,,,,,,,,4.5,6.3,,,,1,1,,,,,,1,,,,,,,,,,,,,,,,,,,,,,
USW00094728,5/21/2023,,,,,8.9,1014.2,1008.8,12.8,,2.1,,,,,,,,,,,,,,,,,,,,,,,0.5,,58,47,93,,,,,,,,,,,,,,,,,,,,,,,,,,,,,0,0,,,,,,,,,,,,,,,,,,,,,,,,,,,,,,,,,,21.1,12.8,,,,310,310,,,,,,,,6.3,9.4,,,,1,,,,,,,,,,,,,,,,,,,,,,,,,,,,,
USW00094728,5/22/2023,,,,,10,1021.7,1016.9,13.3,,,,,,,,,,,,,,,,,,,,,,,,,0,,62,40,84,,,,,,,,,,,,,,,,,,,,,,,,,,,,,0,0,,,,,,,,,,,,,,,,,,,,,,,,,,,,,,,,,,23.9,13.9,,,,,,,,,,,,,,,,,,,,,,,,,,,,,,,,,,,,,,,,,,,,,,,
USW00094728,5/23/2023,,,,,7.8,,,11.7,,1.3,,,,,,,,,,,,,,,,,,,,,,,0,,60,41,83,,,,,,,,,,,,,,,,,,,,,,,,,,,,,0,0,,,,,,,,,,,,,,,,,,,,,,,,,,,,,,,,,,21.1,12.2,,,,190,160,,,,,,,,4,8.1,,,,,,,,,,,,,,,,,,,,,,,,,,,,,,,,,
USW00094728,5/24/2023,,,,,6.7,1017.3,1012.5,11.7,,1.2,,,,,,,,,,,,,,,,,,,,,,,2,,53,35,90,,,,,,,,,,,,,,,,,,,,,,,,,,,,,0,0,,,,,,,,,,,,,,,,,,,,,,,,,,,,,,,,,,25,11.7,,,,40,20,,,,,,,,6.3,9.8,,,,1,,,,,,,,,,,,,,,,,,,,,,,,,,,,,
USW00094728,5/25/2023,,,,,2.8,1020.3,1015.2,8.9,,3.3,,,,,,,,,,,,,,,,,,,,,,,0,,44,28,67,,,,,,,,,,,,,,,,,,,,,,,,,,,,,0,0,,,,,,,,,,,,,,,,,,,,,,,,,,,,,,,,,,20,10,,,,60,360,,,,,,,,7.6,11.2,,,,,,,,,,,,,,,,,,,,,,,,,,,,,,,,,
USW00094728,5/26/2023,,,,,2.2,1024.4,1019.6,10,,1.5,,,,,,,,,,,,,,,,,,,,,,,0,,38,21,59,,,,,,,,,,,,,,,,,,,,,,,,,,,,,0,0,,,,,,,,,,,,,,,,,,,,,,,,,,,,,,,,,,22.2,11.7,,,,60,50,,,,,,,,6.3,9.4,,,,,,,,,,,,,,,,,,,,,,,,,,,,,,,,,
USW00094728,5/27/2023,,,,,3.9,1025.4,1020.7,11.7,,1.5,,,,,,,,,,,,,,,,,,,,,,,0,,38,23,62,,,,,,,,,,,,,,,,,,,,,,,,,,,,,0,0,,,,,,,,,,,,,,,,,,,,,,,,,,,,,,,,,,25.6,13.3,,,,70,260,,,,,,,,4.5,8.1,,,,,,,,,,,,,,,,,,,,,,,,,,,,,,,,,
USW00094728,5/28/2023,,,,,4.4,1019.6,1014.6,12.2,,1,,,,,,,,,,,,,,,,,,,,,,,0,,38,24,59,,,,,,,,,,,,,,,,,,,,,,,,,,,,,0,0,,,,,,,,,,,,,,,,,,,,,,,,,,,,,,,,,,26.1,15,,,,140,190,,,,,,,,3.1,5.8,,,,,,,,,,,,,,,,,,,,,,,,,,,,,,,,,
USW00094728,5/29/2023,,,,,7.8,1017.3,1012.5,13.3,,2.4,,,,,,,,,,,,,,,,,,,,,,,0,,45,27,63,,,,,,,,,,,,,,,,,,,,,,,,,,,,,0,0,,,,,,,,,,,,,,,,,,,,,,,,,,,,,,,,,,26.1,15,,,,60,60,,,,,,,,9.8,13.4,,,,,,,,,,,,,,,,,,,,,,,,,,,,,,,,,
USW00094728,5/30/2023,,,,,7.8,1022.7,1017.9,11.7,,2.2,,,,,,,,,,,,,,,,,,,,,,,0,,58,41,80,,,,,,,,,,,,,,,,,,,,,,,,,,,,,0,0,,,,,,,,,,,,,,,,,,,,,,,,,,,,,,,,,,22.2,12.8,,,,60,70,,,,,,,,6.3,8.9,,,,,,,,,,,,,,,,,,,,,,,,,,,,,,,,,
USW00094728,5/31/2023,,,,,10,1022,1017.3,13.3,,1,,,,,,,,,,,,,,,,,,,,,,,0,,63,28,89,,,,,,,,,,,,,,,,,,,,,,,,,,,,,0,0,,,,,,,,,,,,,,,,,,,,,,,,,,,,,,,,,,25,10.6,,,,50,120,,,,,,,,3.6,5.4,,,,,,,,,,,,,,,,,,,,,,,,,,,,,,,,,
USW00094728,6/1/2023,,,,,12.2,1018.3,1013.5,16.1,,0.8,,,,,,,,,,,,,,,,,,,,,,,0,,56,26,84,,,,,,,,,,,,,,,,,,,,,,,,,,,,,0,0,,,,,,,,,,,,,,,,,,,,,,,,,,,,,,,,,,30.6,15,,,,60,50,,,,,,,,4,5.8,,,,1,,,,,,,1,,,,,,,,,,,,,,,,,,,,,,
USW00094728,6/2/2023,,,,,14.4,1012.2,1007.1,17.8,,0.9,,,,,,,,,,,,,,,,,,,,,,,6.1,,59,35,93,,,,,,,,,,,,,,,,,,,,,,,,,,,,,0,0,,,,,,,,,,,,,,,,,,,,,,,,,,,,,,,,,,32.8,18.9,,,,60,40,,,,,,,,7.2,9.8,,,,1,,1,,,,,,,,,,,,,,,,,,,,,,,,,,,
USW00094728,6/3/2023,,,,,12.2,1015.6,1010.8,14.4,,3.4,,,,,,,,,,,,,,,,,,,,,,,0,,71,63,81,,,,,,,,,,,,,,,,,,,,,,,,,,,,,0,0,,,,,,,,,,,,,,,,,,,,,,,,,,,,,,,,,,20.6,12.2,,,,70,50,,,,,,,,6.7,9.8,,,,,,,,,,,1,,,,,,,,,,,,,,,,,,,,,,
USW00094728,6/4/2023,,,,,6.1,1016.3,1011.5,10.6,,2.6,,,,,,,,,,,,,,,,,,,,,,,0,,56,38,77,,,,,,,,,,,,,,,,,,,,,,,,,,,,,0,0,,,,,,,,,,,,,,,,,,,,,,,,,,,,,,,,,,20.6,9.4,,,,50,60,,,,,,,,7.2,10.7,,,,,,,,,,,,,,,,,,,,,,,,,,,,,,,,,
USW00094728,6/5/2023,,,,,6.7,1010.8,1006.1,12.2,,1.3,,,,,,,,,,,,,,,,,,,,,,,0,,46,31,67,,,,,,,,,,,,,,,,,,,,,,,,,,,,,0,0,,,,,,,,,,,,,,,,,,,,,,,,,,,,,,,,,,24.4,13.3,,,,50,30,,,,,,,,6.3,8.5,,,,,,,,,,,1,,,,,,,,,,,,,,,,,,,,,,
USW00094728,6/6/2023,,,,,6.7,1004.4,999.7,12.8,,1.7,,,,,,,,,,,,,,,,,,,,,,,0,,43,29,56,,,,,,,,,,,,,,,,,,,,,,,,,,,,,0,0,,,,,,,,,,,,,,,,,,,,,,,,,,,,,,,,,,26.1,15.6,,,,310,300,,,,,,,,6.3,9.8,,,,,,1,,,,,1,,,,,,,,,,,,,,,,,,,,,,
USW00094728,6/7/2023,,,,,5,1003.7,998.6,11.1,,2.2,,,,,,,,,,,,,,,,,,,,,,,0,,44,34,58,,,,,,,,,,,,,,,,,,,,,,,,,,,,,0,0,,,,,,,,,,,,,,,,,,,,,,,,,,,,,,,,,,20.6,13.9,,,,320,260,,,,,,,,5.4,9.4,,,,,,,,,,,1,,,,,,,,,,,,,,,,,,,,,,
USW00094728,6/8/2023,,,,,7.2,1005.8,1001,11.7,,1.2,,,,,,,,,,,,,,,,,,,,,,,0,,52,37,67,,,,,,,,,,,,,,,,,,,,,,,,,,,,,0,0,,,,,,,,,,,,,,,,,,,,,,,,,,,,,,,,,,22.2,12.8,,,,300,70,,,,,,,,4.5,6.7,,,,,,,,,,,1,,,,,,,,,,,,,,,,,,,,,,
USW00094728,6/9/2023,,,,,8.3,1006.8,1002,12.8,,1.7,,,,,,,,,,,,,,,,,,,,,,,0,,53,35,72,,,,,,,,,,,,,,,,,,,,,,,,,,,,,0,0,,,,,,,,,,,,,,,,,,,,,,,,,,,,,,,,,,22.2,14.4,,,,240,240,,,,,,,,4,7.2,,,,,,,,,,,,,,,,,,,,,,,,,,,,,,,,,
USW00094728,6/10/2023,,,,,9.4,1008.8,1004.1,14.4,,1.7,,,,,,,,,,,,,,,,,,,,,,,0,,53,33,72,,,,,,,,,,,,,,,,,,,,,,,,,,,,,0,0,,,,,,,,,,,,,,,,,,,,,,,,,,,,,,,,,,25.6,14.4,,,,300,290,,,,,,,,5.8,8.9,,,,,,,,,,,,,,,,,,,,,,,,,,,,,,,,,
USW00094728,6/11/2023,,,,,14.4,1010.8,1006.1,17.8,,0.4,,,,,,,,,,,,,,,,,,,,,,,0.3,,61,44,87,,,,,,,,,,,,,,,,,,,,,,,,,,,,,0,0,,,,,,,,,,,,,,,,,,,,,,,,,,,,,,,,,,27.8,17.8,,,,130,130,,,,,,,,5.4,8.1,,,,1,,,,,,,1,,,,,,,,,,,,,,,,,,,,,,
USW00094728,6/12/2023,,,,,17.8,1006.4,1000.3,18.9,,1.3,,,,,,,,,,,,,,,,,,,,,,,7.6,,79,66,93,,,,,,,,,,,,,,,,,,,,,,,,,,,,,0,0,,,,,,,,,,,,,,,,,,,,,,,,,,,,,,,,,,25.6,18.9,,,,120,130,,,,,,,,5.8,8.9,,,,1,,,,,,,1,,,,,,,,,,,,,,,,,,,,,,
USW00094728,6/13/2023,,,,,11.7,1004.7,999.7,15.6,,2.2,,,,,,,,,,,,,,,,,,,,,,,0,,55,35,93,,,,,,,,,,,,,,,,,,,,,,,,,,,,,0,0,,,,,,,,,,,,,,,,,,,,,,,,,,,,,,,,,,25.6,17.8,,,,280,230,,,,,,,,5.4,8.5,,,,1,,,,,,,,,,,,,,,,,,,,,,,,,,,,,
USW00094728,6/14/2023,,,,,12.8,1001,996.6,15.6,,1.7,,,,,,,,,,,,,,,,,,,,,,,3.6,,67,47,87,,,,,,,,,,,,,,,,,,,,,,,,,,,,,0,0,,,,,,,,,,,,,,,,,,,,,,,,,,,,,,,,,,24.4,17.2,,,,280,230,,,,,,,,5.8,9.8,,,,1,,,,,,,,,,,,,,,,,,,,,,,,,,,,,
USW00094728,6/15/2023,,,,,11.7,1003.7,998.6,15.6,,2.3,,,,,,,,,,,,,,,,,,,,,,,0,,57,43,75,,,,,,,,,,,,,,,,,,,,,,,,,,,,,0,0,,,,,,,,,,,,,,,,,,,,,,,,,,,,,,,,,,25,16.1,,,,300,310,,,,,,,,5.8,8.9,,,,,,,,,,,,,,,,,,,,,,,,,,,,,,,,,
USW00094728,6/16/2023,,,,,13.3,1005.8,1001,16.1,,1.2,,,,,,,,,,,,,,,,,,,,,,,5.8,,67,39,93,,,,,,,,,,,,,,,,,,,,,,,,,,,,,0,0,,,,,,,,,,,,,,,,,,,,,,,,,,,,,,,,,,26.1,17.2,,,,230,210,,,,,,,,5.4,8.9,,,,1,,1,,,,,,,,,,,,,,,,,,,,,,,,,,,
USW00094728,6/17/2023,,,,,11.7,1005.1,1000.3,15,,2,,,,,,,,,,,,,,,,,,,,,,,0,,59,33,84,,,,,,,,,,,,,,,,,,,,,,,,,,,,,0,0,,,,,,,,,,,,,,,,,,,,,,,,,,,,,,,,,,25,16.7,,,,300,20,,,,,,,,6.7,12.5,,,,,,1,,,,,1,,,,,,,,,,,,,,,,,,,,,,
USW00094728,6/18/2023,,,,,11.1,1010.5,1005.8,15.6,,2,,,,,,,,,,,,,,,,,,,,,,,0,,51,38,63,,,,,,,,,,,,,,,,,,,,,,,,,,,,,0,0,,,,,,,,,,,,,,,,,,,,,,,,,,,,,,,,,,26.7,16.7,,,,300,290,,,,,,,,5.4,7.6,,,,,,,,,,,1,,,,,,,,,,,,,,,,,,,,,,
USW00094728,6/19/2023,,,,,14.4,1017.6,1012.9,17.2,,1.7,,,,,,,,,,,,,,,,,,,,,,,0,,62,45,79,,,,,,,,,,,,,,,,,,,,,,,,,,,,,0,0,,,,,,,,,,,,,,,,,,,,,,,,,,,,,,,,,,27.2,18.3,,,,100,130,,,,,,,,4,7.6,,,,,,,,,,,,,,,,,,,,,,,,,,,,,,,,,
USW00094728,6/20/2023,,,,,13.3,1022.4,1017.3,16.7,,2.4,,,,,,,,,,,,,,,,,,,,,,,0,,64,47,81,,,,,,,,,,,,,,,,,,,,,,,,,,,,,0,0,,,,,,,,,,,,,,,,,,,,,,,,,,,,,,,,,,25.6,17.8,,,,50,60,,,,,,,,6.3,8.1,,,,,,,,,,,,,,,,,,,,,,,,,,,,,,,,,
USW00094728,6/21/2023,,,,,12.2,1024.4,1019.6,15,,4.7,,,,,,,,,,,,,,,,,,,,,,,0,,64,53,78,,,,,,,,,,,,,,,,,,,,,,,,,,,,,0,0,,,,,,,,,,,,,,,,,,,,,,,,,,,,,,,,,,22.8,16.7,,,,60,50,,,,,,,,7.6,11.2,,,,,,,,,,,,,,,,,,,,,,,,,,,,,,,,,
USW00094728,6/22/2023,,,,,13.3,1020.7,1016.3,15.6,,3.9,,,,,,,,,,,,,,,,,,,,,,,0,,72,58,86,,,,,,,,,,,,,,,,,,,,,,,,,,,,,0,0,,,,,,,,,,,,,,,,,,,,,,,,,,,,,,,,,,22.2,15.6,,,,60,50,,,,,,,,8.1,11.6,,,,1,,,,,,,1,,,,,,,,,,,,,,,,,,,,,,
USW00094728,6/23/2023,,,,,17.8,1016.3,1011.9,18.3,,1.4,,,,,,,,,,,,,,,,,,,,,,,1,,86,78,91,,,,,,,,,,,,,,,,,,,,,,,,,,,,,0,0,,,,,,,,,,,,,,,,,,,,,,,,,,,,,,,,,,21.7,18.3,,,,130,130,,,,,,,,3.6,5.8,,,,1,,,,,,,,,,,,,,,,,,,,,,,,,,,,,
USW00094728,6/24/2023,,,,,20,1010.5,1006.1,21.1,,0.3,,,,,,,,,,,,,,,,,,,,,,,1.8,,85,71,94,,,,,,,,,,,,,,,,,,,,,,,,,,,,,0,0,,,,,,,,,,,,,,,,,,,,,,,,,,,,,,,,,,25.6,20.6,,,,130,170,,,,,,,,3.6,9.8,,,,1,,,,,,,,,,,,,,,,,,,,,,,,,,,,,
USW00094728,6/25/2023,,,,,19.4,1009.5,1005.1,21.1,,0.7,,,,,,,,,,,,,,,,,,,,,,,0,,75,59,90,,,,,,,,,,,,,,,,,,,,,,,,,,,,,0,0,,,,,,,,,,,,,,,,,,,,,,,,,,,,,,,,,,29.4,21.7,,,,80,90,,,,,,,,4.5,7.2,,,,1,,,,,,,1,,,,,,,,,,,,,,,,,,,,,,
USW00094728,6/26/2023,,,,,19.4,1007.5,1002.7,20.6,,1.8,,,,,,,,,,,,,,,,,,,,,,,13,,84,73,94,,,,,,,,,,,,,,,,,,,,,,,,,,,,,0,0,,,,,,,,,,,,,,,,,,,,,,,,,,,,,,,,,,25.6,20,,,,300,320,,,,,,,,6.3,9.4,,,,1,,1,,,,,1,,,,,,,,,,,,,,,,,,,,,,
USW00094728,6/27/2023,,,,,18.9,1005.8,1000.7,20,,0.7,,,,,,,,,,,,,,,,,,,,,,,2,,86,71,93,,,,,,,,,,,,,,,,,,,,,,,,,,,,,0,0,,,,,,,,,,,,,,,,,,,,,,,,,,,,,,,,,,26.1,18.9,,,,180,40,,,,,,,,3.6,8.1,,,,1,,,,,,,1,,,,,,,,,,,,,,,,,,,,,,
USW00094728,6/28/2023,,,,,16.7,1009.5,1004.7,19.4,,1.7,,,,,,,,,,,,,,,,,,,,,,,0,,68,53,91,,,,,,,,,,,,,,,,,,,,,,,,,,,,,0,0,,,,,,,,,,,,,,,,,,,,,,,,,,,,,,,,,,27.8,18.9,,,,290,250,,,,,,,,6.3,10.3,,,,1,,,,,,,1,,,,,,,,,,,,,,,,,,,,,,
USW00094728,6/29/2023,,,,,15.6,1015.6,1010.8,18.3,,1.1,,,,,,,,,,,,,,,,,,,,,,,0,,63,42,81,,,,,,,,,,,,,,,,,,,,,,,,,,,,,0,0,,,,,,,,,,,,,,,,,,,,,,,,,,,,,,,,,,27.8,18.3,,,,310,310,,,,,,,,3.6,6.3,,,,,,,,,,,1,,,,,,,,,,,,,,,,,,,,,,
USW00094728,6/30/2023,,,,,16.1,1017.3,1012.5,18.9,,0.8,,,,,,,,,,,,,,,,,,,,,,,0,,60,41,87,,,,,,,,,,,,,,,,,,,,,,,,,,,,,0,0,,,,,,,,,,,,,,,,,,,,,,,,,,,,,,,,,,28.9,21.1,,,,240,170,,,,,,,,3.6,7.2,,,,1,,,,,,,1,,,,,,,,,,,,,,,,,,,,,,
USW00094728,7/1/2023,,,,,15.6,1016.6,1011.9,18.9,,1.1,,,,,,,,,,,,,,,,,,,,,,,0,,61,46,82,,,,,,,,,,,,,,,,,,,,,,,,,,,,,0,0,,,,,,,,,,,,,,,,,,,,,,,,,,,,,,,,,,27.8,20.6,,,,150,240,,,,,,,,4,18.3,,,,,,,,,,,1,,,,,,,,,,,,,,,,,,,,,,
USW00094728,7/2/2023,,,,,21.1,1010.8,1006.1,22.2,,1,,,,,,,,,,,,,,,,,,,,,,,14.7,,80,61,94,,,,,,,,,,,,,,,,,,,,,,,,,,,,,0,0,,,,,,,,,,,,,,,,,,,,,,,,,,,,,,,,,,31.1,21.1,,,,270,270,,,,,,,,4.5,9.8,,,,1,,1,,,,,1,,,,,,,,,,,,,,,,,,,,,,
USW00094728,7/3/2023,,,,,21.1,1009.8,1005.1,22.8,,1.2,,,,,,,,,,,,,,,,,,,,,,,11.4,,76,53,94,,,,,,,,,,,,,,,,,,,,,,,,,,,,,0,0,,,,,,,,,,,,,,,,,,,,,,,,,,,,,,,,,,31.7,22.2,,,,350,170,,,,,,,,4,7.2,,,,1,,1,,,,,,,,,,,,,,,,,,,,,,,,,,,
USW00094728,7/4/2023,,,,,21.7,1012.2,1007.5,22.8,,0.3,,,,,,,,,,,,,,,,,,,,,,,16,,83,69,94,,,,,,,,,,,,,,,,,,,,,,,,,,,,,0,0,,,,,,,,,,,,,,,,,,,,,,,,,,,,,,,,,,28.3,22.8,,,,230,230,,,,,,,,4.5,6.3,,,,1,1,1,,,,,1,,,,,,,,,,,,,,,,,,,,,,
USW00094728,7/5/2023,,,,,19.4,1014.6,1009.8,22.2,,0.8,,,,,,,,,,,,,,,,,,,,,,,0,,61,36,91,,,,,,,,,,,,,,,,,,,,,,,,,,,,,0,0,,,,,,,,,,,,,,,,,,,,,,,,,,,,,,,,,,33.9,22.2,,,,240,230,,,,,,,,3.6,5.4,,,,1,,,,,,,1,,,,,,,,,,,,,,,,,,,,,,
USW00094728,7/6/2023,,,,,20.6,1013.2,1008.5,22.8,,0.6,,,,,,,,,,,,,,,,,,,,,,,0,,67,46,85,,,,,,,,,,,,,,,,,,,,,,,,,,,,,0,0,,,,,,,,,,,,,,,,,,,,,,,,,,,,,,,,,,32.2,23.9,,,,240,270,,,,,,,,4,13.9,,,,,,,,,,,,,,,,,,,,,,,,,,,,,,,,,
USW00094728,7/7/2023,,,,,21.1,1011.2,1006.4,22.8,,0.3,,,,,,,,,,,,,,,,,,,,,,,0,,74,59,85,,,,,,,,,,,,,,,,,,,,,,,,,,,,,0,0,,,,,,,,,,,,,,,,,,,,,,,,,,,,,,,,,,30.6,23.3,,,,140,100,,,,,,,,3.1,14.3,,,,,,,,,,,,,,,,,,,,,,,,,,,,,,,,,
USW00094728,7/8/2023,,,,,21.7,1010.5,1006.1,23.3,,1.3,,,,,,,,,,,,,,,,,,,,,,,0,,75,55,88,,,,,,,,,,,,,,,,,,,,,,,,,,,,,0,0,,,,,,,,,,,,,,,,,,,,,,,,,,,,,,,,,,31.1,24.4,,,,100,90,,,,,,,,12.5,17.4,,,,,,,,,,,,,,,,,,,,,,,,,,,,,,,,,
USW00094728,7/9/2023,,,,,21.7,1009.1,1004.4,22.8,,0.8,,,,,,,,,,,,,,,,,,,,,,,24.9,,84,69,97,,,,,,,,,,,,,,,,,,,,,,,,,,,,,0,0,,,,,,,,,,,,,,,,,,,,,,,,,,,,,,,,,,27.8,22.2,,,,120,180,,,,,,,,4.5,8.5,,,,1,,1,,,,,,,,,,,,,,,,,,,,,,,,,,,
USW00094728,7/10/2023,,,,,17.8,1008.1,1003,20.6,,1.7,,,,,,,,,,,,,,,,,,,,,,,0,,67,44,94,,,,,,,,,,,,,,,,,,,,,,,,,,,,,0,0,,,,,,,,,,,,,,,,,,,,,,,,,,,,,,,,,,28.9,21.7,,,,300,290,,,,,,,,5.4,7.6,,,,1,,,,,,,,,,,,,,,,,,,,,,,,,,,,,
USW00094728,7/11/2023,,,,,14.4,1011.5,1007.1,18.9,,1.3,,,,,,,,,,,,,,,,,,,,,,,0,,49,36,61,,,,,,,,,,,,,,,,,,,,,,,,,,,,,0,0,,,,,,,,,,,,,,,,,,,,,,,,,,,,,,,,,,31.7,20,,,,270,250,,,,,,,,4,6.3,,,,,,,,,,,,,,,,,,,,,,,,,,,,,,,,,
USW00094728,7/12/2023,,,,,15.6,1012.9,1008.1,20,,1.4,,,,,,,,,,,,,,,,,,,,,,,0,,46,34,60,,,,,,,,,,,,,,,,,,,,,,,,,,,,,0,0,,,,,,,,,,,,,,,,,,,,,,,,,,,,,,,,,,32.8,24.4,,,,250,270,,,,,,,,4.5,7.2,,,,,,,,,,,,,,,,,,,,,,,,,,,,,,,,,
USW00094728,7/13/2023,,,,,20,1010.5,1005.8,22.8,,1.1,,,,,,,,,,,,,,,,,,,,,,,0,,64,48,72,,,,,,,,,,,,,,,,,,,,,,,,,,,,,0,0,,,,,,,,,,,,,,,,,,,,,,,,,,,,,,,,,,31.1,25,,,,190,120,,,,,,,,3.6,8.5,,,,,,,,,,,,,,,,,,,,,,,,,,,,,,,,,
USW00094728,7/14/2023,,,,,20.6,1012.2,1007.5,22.2,,2,,,,,,,,,,,,,,,,,,,,,,,12.2,,76,60,94,,,,,,,,,,,,,,,,,,,,,,,,,,,,,0,0,,,,,,,,,,,,,,,,,,,,,,,,,,,,,,,,,,28.9,21.7,,,,50,230,,,,,,,,7.2,13.4,,,,1,,1,,,,,,,,,,,,,,,,,,,,,,,,,,,
USW00094728,7/15/2023,,,,,22.8,1013.2,1008.5,23.3,,0.7,,,,,,,,,,,,,,,,,,,,,,,1,,83,61,94,,,,,,,,,,,,,,,,,,,,,,,,,,,,,0,0,,,,,,,,,,,,,,,,,,,,,,,,,,,,,,,,,,31.1,21.7,,,,120,100,,,,,,,,4,12.5,,,,1,,1,,,,,,,,,,,,,,,,,,,,,,,,,,,
USW00094728,7/16/2023,,,,,23.3,1009.5,1005.1,23.9,,0.7,,,,,,,,,,,,,,,,,,,,,,,33.5,,91,85,97,,,,,,,,,,,,,,,,,,,,,,,,,,,,,0,0,,,,,,,,,,,,,,,,,,,,,,,,,,,,,,,,,,25.6,23.3,,,,220,120,,,,,,,,3.6,9.8,,,,1,1,1,,,,,,,,,,,,,,,,,,,,,,,,,,,
USW00094728,7/17/2023,,,,,20.6,1012.9,1008.1,22.8,,1.2,,,,,,,,,,,,,,,,,,,,,,,0,,70,45,94,,,,,,,,,,,,,,,,,,,,,,,,,,,,,0,0,,,,,,,,,,,,,,,,,,,,,,,,,,,,,,,,,,31.1,23.3,,,,230,200,,,,,,,,3.6,6.3,,,,1,,,,,,,1,,,,,,,,,,,,,,,,,,,,,,
USW00094728,7/18/2023,,,,,21.1,1013.9,1009.1,22.2,,0.6,,,,,,,,,,,,,,,,,,,,,,,5.6,,78,66,94,,,,,,,,,,,,,,,,,,,,,,,,,,,,,0,0,,,,,,,,,,,,,,,,,,,,,,,,,,,,,,,,,,28.9,22.8,,,,220,200,,,,,,,,4,7.2,,,,1,,1,,,,,1,,,,,,,,,,,,,,,,,,,,,,
USW00094728,7/19/2023,,,,,19.4,1015.9,1011.2,21.1,,0.6,,,,,,,,,,,,,,,,,,,,,,,0,,75,64,85,,,,,,,,,,,,,,,,,,,,,,,,,,,,,0,0,,,,,,,,,,,,,,,,,,,,,,,,,,,,,,,,,,26.7,22.2,,,,130,260,,,,,,,,3.6,4.9,,,,1,,,,,,,1,,,,,,,,,,,,,,,,,,,,,,
USW00094728,7/20/2023,,,,,17.2,1014.2,1009.8,20.6,,1.2,,,,,,,,,,,,,,,,,,,,,,,0,,63,39,90,,,,,,,,,,,,,,,,,,,,,,,,,,,,,0,0,,,,,,,,,,,,,,,,,,,,,,,,,,,,,,,,,,31.1,22.2,,,,60,210,,,,,,,,3.6,6.3,,,,1,,,,,,,1,,,,,,,,,,,,,,,,,,,,,,
USW00094728,7/21/2023,,,,,18.9,1007.5,1003.4,21.1,,1.4,,,,,,,,,,,,,,,,,,,,,,,3.8,,68,51,94,,,,,,,,,,,,,,,,,,,,,,,,,,,,,0,0,,,,,,,,,,,,,,,,,,,,,,,,,,,,,,,,,,28.9,21.7,,,,280,260,,,,,,,,4.5,7.6,,,,1,,1,,,,,,,,,,,,,,,,,,,,,,,,,,,
USW00094728,7/22/2023,,,,,13.3,1009.1,1004.4,17.8,,1.4,,,,,,,,,,,,,,,,,,,,,,,0,,50,33,68,,,,,,,,,,,,,,,,,,,,,,,,,,,,,0,0,,,,,,,,,,,,,,,,,,,,,,,,,,,,,,,,,,29.4,21.1,,,,30,290,,,,,,,,4.5,6.7,,,,,,,,,,,,,,,,,,,,,,,,,,,,,,,,,
USW00094728,7/23/2023,,,,,15,1014.6,1009.8,18.9,,0.7,,,,,,,,,,,,,,,,,,,,,,,0,,55,36,76,,,,,,,,,,,,,,,,,,,,,,,,,,,,,0,0,,,,,,,,,,,,,,,,,,,,,,,,,,,,,,,,,,31.1,20.6,,,,220,220,,,,,,,,4,6.7,,,,,,,,,,,,,,,,,,,,,,,,,,,,,,,,,
USW00094728,7/24/2023,,,,,17.2,1018.6,1013.9,20.6,,1.4,,,,,,,,,,,,,,,,,,,,,,,0,,61,39,77,,,,,,,,,,,,,,,,,,,,,,,,,,,,,0,0,,,,,,,,,,,,,,,,,,,,,,,,,,,,,,,,,,29.4,23.3,,,,210,230,,,,,,,,5.4,8.1,,,,,,,,,,,,,,,,,,,,,,,,,,,,,,,,,
USW00094728,7/25/2023,,,,,18.9,1017.9,1013.5,20.6,,1.3,,,,,,,,,,,,,,,,,,,,,,,7.1,,76,55,94,,,,,,,,,,,,,,,,,,,,,,,,,,,,,0,0,,,,,,,,,,,,,,,,,,,,,,,,,,,,,,,,,,30,20,,,,280,270,,,,,,,,5.8,10.7,,,,1,,1,,,,,,,,,,,,,,,,,,,,,,,,,,,
USW00094728,7/26/2023,,,,,18.3,1018.3,1013.5,20.6,,0.9,,,,,,,,,,,,,,,,,,,,,,,0,,66,49,90,,,,,,,,,,,,,,,,,,,,,,,,,,,,,0,0,,,,,,,,,,,,,,,,,,,,,,,,,,,,,,,,,,30.6,20,,,,200,220,,,,,,,,4,6.7,,,,1,,,,,,,,,,,,,,,,,,,,,,,,,,,,,
USW00094728,7/27/2023,,,,,21.7,1013.9,1009.1,23.9,,2.2,,,,,,,,,,,,,,,,,,,,,,,3.8,,71,52,94,,,,,,,,,,,,,,,,,,,,,,,,,,,,,0,0,,,,,,,,,,,,,,,,,,,,,,,,,,,,,,,,,,33.3,23.9,,,,230,240,,,,,,,,6.3,11.6,,,,1,,1,,,,,,,,,,,,,,,,,,,,,,,,,,,
USW00094728,7/28/2023,,,,,20.6,1014.6,1009.8,23.3,,1.1,,,,,,,,,,,,,,,,,,,,,,,0,,63,44,94,,,,,,,,,,,,,,,,,,,,,,,,,,,,,0,0,,,,,,,,,,,,,,,,,,,,,,,,,,,,,,,,,,33.3,23.9,,,,240,230,,,,,,,,5.4,10.7,,,,1,,1,,,,,,,,,,,,,,,,,,,,,,,,,,,
USW00094728,7/29/2023,,,,,20,1008.5,1003.4,22.8,,2.3,,,,,,,,,,,,,,,,,,,,,,,1.5,,67,52,85,,,,,,,,,,,,,,,,,,,,,,,,,,,,,0,0,,,,,,,,,,,,,,,,,,,,,,,,,,,,,,,,,,31.7,21.1,,,,280,290,,,,,,,,6.7,12.1,,,,,,1,,,,,1,,,,,,,,,,,,,,,,,,,,,,
USW00094728,7/30/2023,,,,,11.7,1013.5,1008.5,16.1,,2.1,,,,,,,,,,,,,,,,,,,,,,,0,,51,34,70,,,,,,,,,,,,,,,,,,,,,,,,,,,,,0,0,,,,,,,,,,,,,,,,,,,,,,,,,,,,,,,,,,26.7,18.9,,,,300,300,,,,,,,,5.8,8.5,,,,,,,,,,,,,,,,,,,,,,,,,,,,,,,,,
USW00094728,7/31/2023,,,,,11.1,1014.9,1010.2,16.7,,1.3,,,,,,,,,,,,,,,,,,,,,,,0,,46,30,63,,,,,,,,,,,,,,,,,,,,,,,,,,,,,0,0,,,,,,,,,,,,,,,,,,,,,,,,,,,,,,,,,,29.4,18.9,,,,40,300,,,,,,,,4.5,7.6,,,,,,,,,,,,,,,,,,,,,,,,,,,,,,,,,
USW00094728,8/1/2023,,,,,10,1020,1015.2,15.6,,2.1,,,,,,,,,,,,,,,,,,,,,,,0,,46,30,75,,,,,,,,,,,,,,,,,,,,,,,,,,,,,0,0,,,,,,,,,,,,,,,,,,,,,,,,,,,,,,,,,,27.8,18.3,,,,50,40,,,,,,,,5.8,8.1,,,,,,,,,,,,,,,,,,,,,,,,,,,,,,,,,
USW00094728,8/2/2023,,,,,9.4,1022.4,1017.6,15,,1.3,,,,,,,,,,,,,,,,,,,,,,,0,,45,30,59,,,,,,,,,,,,,,,,,,,,,,,,,,,,,0,0,,,,,,,,,,,,,,,,,,,,,,,,,,,,,,,,,,27.2,17.8,,,,220,230,,,,,,,,4,5.8,,,,,,,,,,,,,,,,,,,,,,,,,,,,,,,,,
USW00094728,8/3/2023,,,,,12.8,1018.6,1013.9,17.2,,1.4,,,,,,,,,,,,,,,,,,,,,,,0,,55,45,61,,,,,,,,,,,,,,,,,,,,,,,,,,,,,0,0,,,,,,,,,,,,,,,,,,,,,,,,,,,,,,,,,,26.7,18.9,,,,180,180,,,,,,,,4.5,8.9,,,,,,,,,,,,,,,,,,,,,,,,,,,,,,,,,
USW00094728,8/4/2023,,,,,17.8,1014.2,1009.5,19.4,,1.2,,,,,,,,,,,,,,,,,,,,,,,0,,73,66,82,,,,,,,,,,,,,,,,,,,,,,,,,,,,,0,0,,,,,,,,,,,,,,,,,,,,,,,,,,,,,,,,,,25,21.7,,,,200,200,,,,,,,,3.6,6.7,,,,,,,,,,,,,,,,,,,,,,,,,,,,,,,,,
USW00094728,8/5/2023,,,,,16.1,1014.6,1009.5,19.4,,1.5,,,,,,,,,,,,,,,,,,,,,,,0,,57,39,84,,,,,,,,,,,,,,,,,,,,,,,,,,,,,0,0,,,,,,,,,,,,,,,,,,,,,,,,,,,,,,,,,,30.6,21.7,,,,70,220,,,,,,,,4.5,6.3,,,,,,,,,,,,,,,,,,,,,,,,,,,,,,,,,
USW00094728,8/6/2023,,,,,14.4,1015.6,1010.8,18.9,,1,,,,,,,,,,,,,,,,,,,,,,,0,,53,34,76,,,,,,,,,,,,,,,,,,,,,,,,,,,,,0,0,,,,,,,,,,,,,,,,,,,,,,,,,,,,,,,,,,30.6,20.6,,,,70,180,,,,,,,,4,7.2,,,,,,,,,,,,,,,,,,,,,,,,,,,,,,,,,
USW00094728,8/7/2023,,,,,20.6,1010.8,1006.8,21.7,,0.9,,,,,,,,,,,,,,,,,,,,,,,28.4,,86,67,96,,,,,,,,,,,,,,,,,,,,,,,,,,,,,0,0,,,,,,,,,,,,,,,,,,,,,,,,,,,,,,,,,,27.2,20,,,,220,110,,,,,,,,4,9.4,,,,1,,,,,,,,,,,,,,,,,,,,,,,,,,,,,
USW00094728,8/8/2023,,,,,17.8,1004.4,999.7,20,,2.4,,,,,,,,,,,,,,,,,,,,,,,0.3,,70,54,93,,,,,,,,,,,,,,,,,,,,,,,,,,,,,0,0,,,,,,,,,,,,,,,,,,,,,,,,,,,,,,,,,,26.7,21.1,,,,280,260,,,,,,,,7.2,12.5,,,,1,,,,,,,,,,,,,,,,,,,,,,,,,,,,,
USW00094728,8/9/2023,,,,,13.3,1007.1,1001.7,17.8,,3.1,,,,,,,,,,,,,,,,,,,,,,,0,,48,31,68,,,,,,,,,,,,,,,,,,,,,,,,,,,,,0,0,,,,,,,,,,,,,,,,,,,,,,,,,,,,,,,,,,30,20.6,,,,280,250,,,,,,,,6.7,10.3,,,,,,,,,,,,,,,,,,,,,,,,,,,,,,,,,
USW00094728,8/10/2023,,,,,18.3,1005.1,1000.7,20,,0.9,,,,,,,,,,,,,,,,,,,,,,,12.2,,77,55,94,,,,,,,,,,,,,,,,,,,,,,,,,,,,,0,0,,,,,,,,,,,,,,,,,,,,,,,,,,,,,,,,,,27.2,21.1,,,,220,230,,,,,,,,3.6,7.6,,,,1,,1,,,,,1,,,,,,,,,,,,,,,,,,,,,,
USW00094728,8/11/2023,,,,,16.1,1008.5,1003.7,18.9,,1.7,,,,,,,,,,,,,,,,,,,,,,,0,,62,41,91,,,,,,,,,,,,,,,,,,,,,,,,,,,,,0,0,,,,,,,,,,,,,,,,,,,,,,,,,,,,,,,,,,29.4,19.4,,,,290,270,,,,,,,,5.8,9.4,,,,1,,,,,,,,,,,,,,,,,,,,,,,,,,,,,
USW00094728,8/12/2023,,,,,18.3,1011.5,1007.1,20.6,,1.3,,,,,,,,,,,,,,,,,,,,,,,0,,66,57,77,,,,,,,,,,,,,,,,,,,,,,,,,,,,,0,0,,,,,,,,,,,,,,,,,,,,,,,,,,,,,,,,,,29.4,20.6,,,,60,190,,,,,,,,3.6,8.9,,,,,,1,,,,,,,,,,,,,,,,,,,,,,,,,,,
USW00094728,8/13/2023,,,,,18.3,1011.5,1006.8,21.1,,2.1,,,,,,,,,,,,,,,,,,,,,,,17.5,,67,43,93,,,,,,,,,,,,,,,,,,,,,,,,,,,,,0,0,,,,,,,,,,,,,,,,,,,,,,,,,,,,,,,,,,31.1,20.6,,,,270,210,,,,,,,,4.5,13.4,,,,1,,,,,,,,,,,,,,,,,,,,,,,,,,,,,
USW00094728,8/14/2023,,,,,17.2,1013.5,1009.1,20.6,,0.5,,,,,,,,,,,,,,,,,,,,,,,0.5,,60,46,82,,,,,,,,,,,,,,,,,,,,,,,,,,,,,0,0,,,,,,,,,,,,,,,,,,,,,,,,,,,,,,,,,,30.6,22.2,,,,70,80,,,,,,,,3.1,5.8,,,,,,,,,,,,,,,,,,,,,,,,,,,,,,,,,
USW00094728,8/15/2023,,,,,20.6,1008.5,1003.7,21.1,,2.1,,,,,,,,,,,,,,,,,,,,,,,19.6,,85,72,94,,,,,,,,,,,,,,,,,,,,,,,,,,,,,0,0,,,,,,,,,,,,,,,,,,,,,,,,,,,,,,,,,,26.7,21.1,,,,60,60,,,,,,,,6.3,8.9,,,,1,,,,,,,,,,,,,,,,,,,,,,,,,,,,,
USW00094728,8/16/2023,,,,,20,1012.9,1007.8,21.1,,1.3,,,,,,,,,,,,,,,,,,,,,,,33.8,,81,64,94,,,,,,,,,,,,,,,,,,,,,,,,,,,,,0,0,,,,,,,,,,,,,,,,,,,,,,,,,,,,,,,,,,27.8,20.6,,,,80,120,,,,,,,,4,6.3,,,,1,1,1,,,,,,,,,,,,,,,,,,,,,,,,,,,
USW00094728,8/17/2023,,,,,20.6,1013.2,1009.1,21.7,,1.7,,,,,,,,,,,,,,,,,,,,,,,0,,82,76,88,,,,,,,,,,,,,,,,,,,,,,,,,,,,,0,0,,,,,,,,,,,,,,,,,,,,,,,,,,,,,,,,,,26.1,22.2,,,,120,120,,,,,,,,5.4,8.9,,,,1,,,,,,,1,,,,,,,,,,,,,,,,,,,,,,
USW00094728,8/18/2023,,,,,15.6,1007.8,1002.4,18.9,,2.2,,,,,,,,,,,,,,,,,,,,,,,19.6,,64,40,94,,,,,,,,,,,,,,,,,,,,,,,,,,,,,0,0,,,,,,,,,,,,,,,,,,,,,,,,,,,,,,,,,,26.7,18.3,,,,290,300,,,,,,,,8.1,13,,,,1,,1,,,,,,,,,,,,,,,,,,,,,,,,,,,
USW00094728,8/19/2023,,,,,11.1,1014.9,1010.2,15.6,,2.2,,,,,,,,,,,,,,,,,,,,,,,0,,53,40,70,,,,,,,,,,,,,,,,,,,,,,,,,,,,,0,0,,,,,,,,,,,,,,,,,,,,,,,,,,,,,,,,,,25.6,17.2,,,,280,260,,,,,,,,5.4,8.5,,,,,,,,,,,,,,,,,,,,,,,,,,,,,,,,,
USW00094728,8/20/2023,,,,,13.3,1018.6,1013.9,17.8,,1.6,,,,,,,,,,,,,,,,,,,,,,,0,,50,34,68,,,,,,,,,,,,,,,,,,,,,,,,,,,,,0,0,,,,,,,,,,,,,,,,,,,,,,,,,,,,,,,,,,29.4,18.9,,,,260,220,,,,,,,,4.5,7.2,,,,,,,,,,,,,,,,,,,,,,,,,,,,,,,,,
USW00094728,8/21/2023,,,,,17.8,1016.9,1012.2,21.1,,2,,,,,,,,,,,,,,,,,,,,,,,0,,59,46,71,,,,,,,,,,,,,,,,,,,,,,,,,,,,,0,0,,,,,,,,,,,,,,,,,,,,,,,,,,,,,,,,,,31.1,22.8,,,,300,280,,,,,,,,4.5,7.2,,,,,,,,,,,,,,,,,,,,,,,,,,,,,,,,,
USW00094728,8/22/2023,,,,,12.2,1018.6,1013.5,16.7,,2.2,,,,,,,,,,,,,,,,,,,,,,,0,,51,43,66,,,,,,,,,,,,,,,,,,,,,,,,,,,,,0,0,,,,,,,,,,,,,,,,,,,,,,,,,,,,,,,,,,26.1,19.4,,,,10,50,,,,,,,,6.3,9.8,,,,,,,,,,,,,,,,,,,,,,,,,,,,,,,,,
USW00094728,8/23/2023,,,,,10.6,1019.6,1014.9,15.6,,1.4,,,,,,,,,,,,,,,,,,,,,,,0,,50,27,68,,,,,,,,,,,,,,,,,,,,,,,,,,,,,0,0,,,,,,,,,,,,,,,,,,,,,,,,,,,,,,,,,,26.7,17.8,,,,70,40,,,,,,,,5.4,8.1,,,,,,,,,,,,,,,,,,,,,,,,,,,,,,,,,
USW00094728,8/24/2023,,,,,17.2,1017.3,1012.5,18.9,,0.5,,,,,,,,,,,,,,,,,,,,,,,3.6,,80,59,93,,,,,,,,,,,,,,,,,,,,,,,,,,,,,0,0,,,,,,,,,,,,,,,,,,,,,,,,,,,,,,,,,,22.8,19.4,,,,190,130,,,,,,,,3.6,6.7,,,,1,,,,,,,,,,,,,,,,,,,,,,,,,,,,,
USW00094728,8/25/2023,,,,,21.1,1011.5,1007.1,21.7,,0.6,,,,,,,,,,,,,,,,,,,,,,,11.2,,90,79,94,,,,,,,,,,,,,,,,,,,,,,,,,,,,,0,0,,,,,,,,,,,,,,,,,,,,,,,,,,,,,,,,,,25.6,20.6,,,,200,100,,,,,,,,4,12.5,,,,1,,,,,,,1,,,,,,,,,,,,,,,,,,,,,,
USW00094728,8/26/2023,,,,,20,1010.2,1005.1,21.7,,1.2,,,,,,,,,,,,,,,,,,,,,,,13.2,,72,48,96,,,,,,,,,,,,,,,,,,,,,,,,,,,,,0,0,,,,,,,,,,,,,,,,,,,,,,,,,,,,,,,,,,28.9,22.8,,,,60,290,,,,,,,,4,6.3,,,,1,,,,,,,,,,,,,,,,,,,,,,,,,,,,,
USW00094728,8/27/2023,,,,,16.7,1013.2,1008.5,19.4,,2.1,,,,,,,,,,,,,,,,,,,,,,,0,,63,48,81,,,,,,,,,,,,,,,,,,,,,,,,,,,,,0,0,,,,,,,,,,,,,,,,,,,,,,,,,,,,,,,,,,28.9,21.1,,,,60,40,,,,,,,,4.5,6.7,,,,,,,,,,,,,,,,,,,,,,,,,,,,,,,,,
USW00094728,8/28/2023,,,,,17.8,1016.9,1012.2,19.4,,1.7,,,,,,,,,,,,,,,,,,,,,,,0,,76,66,87,,,,,,,,,,,,,,,,,,,,,,,,,,,,,0,0,,,,,,,,,,,,,,,,,,,,,,,,,,,,,,,,,,24.4,20.6,,,,110,160,,,,,,,,4,8.5,,,,,,,,,,,1,,,,,,,,,,,,,,,,,,,,,,
USW00094728,8/29/2023,,,,,18.9,1013.2,1008.5,20.6,,1.9,,,,,,,,,,,,,,,,,,,,,,,0,,77,69,85,,,,,,,,,,,,,,,,,,,,,,,,,,,,,0,0,,,,,,,,,,,,,,,,,,,,,,,,,,,,,,,,,,26.7,20,,,,60,60,,,,,,,,4.5,6.3,,,,,,,,,,,,,,,,,,,,,,,,,,,,,,,,,
USW00094728,8/30/2023,,,,,17.2,1006.8,1002,20,,2.2,,,,,,,,,,,,,,,,,,,,,,,6.9,,66,43,91,,,,,,,,,,,,,,,,,,,,,,,,,,,,,0,0,,,,,,,,,,,,,,,,,,,,,,,,,,,,,,,,,,28.3,20,,,,310,290,,,,,,,,6.3,10.7,,,,1,,,,,,,,,,,,,,,,,,,,,,,,,,,,,
USW00094728,8/31/2023,,,,,10,1014.6,1009.8,15,,3.3,,,,,,,,,,,,,,,,,,,,,,,0,,50,35,70,,,,,,,,,,,,,,,,,,,,,,,,,,,,,0,0,,,,,,,,,,,,,,,,,,,,,,,,,,,,,,,,,,25,17.8,,,,40,20,,,,,,,,7.2,10.7,,,,,,,,,,,,,,,,,,,,,,,,,,,,,,,,,
USW00094728,9/1/2023,,,,,8.9,1024.4,1019.6,13.9,,2,,,,,,,,,,,,,,,,,,,,,,,0,,52,36,70,,,,,,,,,,,,,,,,,,,,,,,,,,,,,0,0,,,,,,,,,,,,,,,,,,,,,,,,,,,,,,,,,,24.4,16.1,,,,60,20,,,,,,,,5.8,8.1,,,,,,,,,,,,,,,,,,,,,,,,,,,,,,,,,
USW00094728,9/2/2023,,,,,13.3,1021,1016.3,16.1,,1,,,,,,,,,,,,,,,,,,,,,,,0,,61,43,70,,,,,,,,,,,,,,,,,,,,,,,,,,,,,0,0,,,,,,,,,,,,,,,,,,,,,,,,,,,,,,,,,,26.1,16.7,,,,220,230,,,,,,,,4,6.3,,,,,,,,,,,,,,,,,,,,,,,,,,,,,,,,,
USW00094728,9/3/2023,,,,,16.7,1013.5,1008.8,20,,1.8,,,,,,,,,,,,,,,,,,,,,,,0,,58,39,76,,,,,,,,,,,,,,,,,,,,,,,,,,,,,0,0,,,,,,,,,,,,,,,,,,,,,,,,,,,,,,,,,,31.1,20,,,,240,280,,,,,,,,4.5,7.2,,,,,,,,,,,,,,,,,,,,,,,,,,,,,,,,,
USW00094728,9/4/2023,,,,,20,1011.5,1006.4,22.2,,0.8,,,,,,,,,,,,,,,,,,,,,,,0,,65,51,79,,,,,,,,,,,,,,,,,,,,,,,,,,,,,0,0,,,,,,,,,,,,,,,,,,,,,,,,,,,,,,,,,,31.7,22.8,,,,60,60,,,,,,,,6.3,8.1,,,,,,,,,,,,,,,,,,,,,,,,,,,,,,,,,
USW00094728,9/5/2023,,,,,21.1,1012.9,1008.1,23.3,,1.3,,,,,,,,,,,,,,,,,,,,,,,0,,65,50,84,,,,,,,,,,,,,,,,,,,,,,,,,,,,,0,0,,,,,,,,,,,,,,,,,,,,,,,,,,,,,,,,,,33.3,23.9,,,,60,50,,,,,,,,4,5.8,,,,,,,,,,,1,,,,,,,,,,,,,,,,,,,,,,
USW00094728,9/6/2023,,,,,20,1010.2,1005.4,23.3,,1.1,,,,,,,,,,,,,,,,,,,,,,,0,,60,41,85,,,,,,,,,,,,,,,,,,,,,,,,,,,,,0,0,,,,,,,,,,,,,,,,,,,,,,,,,,,,,,,,,,33.9,25,,,,50,260,,,,,,,,3.6,4.9,,,,,,,,,,,,,,,,,,,,,,,,,,,,,,,,,
USW00094728,9/7/2023,,,,,19.4,1009.5,1004.7,22.2,,0.9,,,,,,,,,,,,,,,,,,,,,,,0,,57,44,72,,,,,,,,,,,,,,,,,,,,,,,,,,,,,0,0,,,,,,,,,,,,,,,,,,,,,,,,,,,,,,,,,,33.9,24.4,,,,300,300,,,,,,,,4.5,8.5,,,,,,,,,,,,,,,,,,,,,,,,,,,,,,,,,
USW00094728,9/8/2023,,,,,21.1,1013.9,1009.1,22.8,,0.8,,,,,,,,,,,,,,,,,,,,,,,2.5,,81,59,94,,,,,,,,,,,,,,,,,,,,,,,,,,,,,0,0,,,,,,,,,,,,,,,,,,,,,,,,,,,,,,,,,,32.2,21.7,,,,290,280,,,,,,,,5.4,7.6,,,,1,,1,,,,,1,,,,,,,,,,,,,,,,,,,,,,
USW00094728,9/9/2023,,,,,21.1,1018.3,1013.5,22.2,,0.5,,,,,,,,,,,,,,,,,,,,,,,0.5,,84,65,94,,,,,,,,,,,,,,,,,,,,,,,,,,,,,0,0,,,,,,,,,,,,,,,,,,,,,,,,,,,,,,,,,,28.9,21.1,,,,70,60,,,,,,,,6.7,11.2,,,,1,,1,,,,,1,,,,,,,,,,,,,,,,,,,,,,
USW00094728,9/10/2023,,,,,20.6,1018.6,1014.2,21.1,,1.1,,,,,,,,,,,,,,,,,,,,,,,45.7,,87,79,94,,,,,,,,,,,,,,,,,,,,,,,,,,,,,0,0,,,,,,,,,,,,,,,,,,,,,,,,,,,,,,,,,,25,20.6,,,,70,30,,,,,,,,5.4,8.9,,,,1,1,1,,,,,1,,,,,,,,,,,,,,,,,,,,,,
USW00094728,9/11/2023,,,,,20.6,1015.6,1010.8,21.7,,1.3,,,,,,,,,,,,,,,,,,,,,,,42.2,,87,65,94,,,,,,,,,,,,,,,,,,,,,,,,,,,,,0,0,,,,,,,,,,,,,,,,,,,,,,,,,,,,,,,,,,27.8,20.6,,,,210,220,,,,,,,,4.5,6.7,,,,1,1,1,,,,,,,,,,,,,,,,,,,,,,,,,,,
USW00094728,9/12/2023,,,,,18.3,1015.2,1010.5,20,,0.4,,,,,,,,,,,,,,,,,,,,,,,0,,76,49,93,,,,,,,,,,,,,,,,,,,,,,,,,,,,,0,0,,,,,,,,,,,,,,,,,,,,,,,,,,,,,,,,,,27.8,20,,,,230,210,,,,,,,,3.1,4.9,,,,1,,,,,,,,,,,,,,,,,,,,,,,,,,,,,
USW00094728,9/13/2023,,,,,19.4,1012.9,1008.1,20.6,,1.2,,,,,,,,,,,,,,,,,,,,,,,5.6,,78,58,94,,,,,,,,,,,,,,,,,,,,,,,,,,,,,0,0,,,,,,,,,,,,,,,,,,,,,,,,,,,,,,,,,,26.1,21.1,,,,220,210,,,,,,,,4.5,7.2,,,,1,,,,,,,,,,,,,,,,,,,,,,,,,,,,,
USW00094728,9/14/2023,,,,,11.1,1017.3,1012.2,15.6,,2.4,,,,,,,,,,,,,,,,,,,,,,,0,,54,33,82,,,,,,,,,,,,,,,,,,,,,,,,,,,,,0,0,,,,,,,,,,,,,,,,,,,,,,,,,,,,,,,,,,25,17.2,,,,290,350,,,,,,,,5.4,8.5,,,,,,,,,,,,,,,,,,,,,,,,,,,,,,,,,
USW00094728,9/15/2023,,,,,8.9,1016.9,1012.2,12.8,,2.8,,,,,,,,,,,,,,,,,,,,,,,0,,59,50,70,,,,,,,,,,,,,,,,,,,,,,,,,,,,,0,0,,,,,,,,,,,,,,,,,,,,,,,,,,,,,,,,,,20.6,14.4,,,,50,10,,,,,,,,6.3,9.8,,,,,,,,,,,,,,,,,,,,,,,,,,,,,,,,,
USW00094728,9/16/2023,,,,,8.3,1012.9,1007.8,13.3,,2.8,,,,,,,,,,,,,,,,,,,,,,,0,,50,36,62,,,,,,,,,,,,,,,,,,,,,,,,,,,,,0,0,,,,,,,,,,,,,,,,,,,,,,,,,,,,,,,,,,23.9,15.6,,,,300,310,,,,,,,,6.7,9.8,,,,,,,,,,,,,,,,,,,,,,,,,,,,,,,,,
USW00094728,9/17/2023,,,,,12.2,1013.5,1008.8,15.6,,1,,,,,,,,,,,,,,,,,,,,,,,5.3,,64,43,93,,,,,,,,,,,,,,,,,,,,,,,,,,,,,0,0,,,,,,,,,,,,,,,,,,,,,,,,,,,,,,,,,,25,15,,,,120,190,,,,,,,,3.6,5.8,,,,1,,,,,,,,,,,,,,,,,,,,,,,,,,,,,
USW00094728,9/18/2023,,,,,17.2,1008.5,1003.4,17.8,,1.5,,,,,,,,,,,,,,,,,,,,,,,34,,92,87,97,,,,,,,,,,,,,,,,,,,,,,,,,,,,,0,0,,,,,,,,,,,,,,,,,,,,,,,,,,,,,,,,,,20,15.6,,,,290,290,,,,,,,,5.4,7.6,,,,1,1,,,,,,,,,,,,,,,,,,,,,,,,,,,,
USW00094728,9/19/2023,,,,,11.1,1014.2,1009.5,13.9,,2,,,,,,,,,,,,,,,,,,,,,,,0,,63,44,90,,,,,,,,,,,,,,,,,,,,,,,,,,,,,0,0,,,,,,,,,,,,,,,,,,,,,,,,,,,,,,,,,,22.2,14.4,,,,290,270,,,,,,,,5.8,8.9,,,,,,,,,,,,,,,,,,,,,,,,,,,,,,,,,
USW00094728,9/20/2023,,,,,9.4,1020.7,1015.2,13.3,,1.2,,,,,,,,,,,,,,,,,,,,,,,0,,55,41,72,,,,,,,,,,,,,,,,,,,,,,,,,,,,,0,0,,,,,,,,,,,,,,,,,,,,,,,,,,,,,,,,,,23.3,14.4,,,,300,250,,,,,,,,4.5,6.7,,,,,,,,,,,,,,,,,,,,,,,,,,,,,,,,,
USW00094728,9/21/2023,,,,,10,1024.7,1019.6,13.9,,1.5,,,,,,,,,,,,,,,,,,,,,,,0,,61,42,78,,,,,,,,,,,,,,,,,,,,,,,,,,,,,0,0,,,,,,,,,,,,,,,,,,,,,,,,,,,,,,,,,,21.7,13.9,,,,50,40,,,,,,,,4,6.3,,,,,,,,,,,,,,,,,,,,,,,,,,,,,,,,,
USW00094728,9/22/2023,,,,,12.2,1026.8,1022,14.4,,3.1,,,,,,,,,,,,,,,,,,,,,,,0,,68,53,87,,,,,,,,,,,,,,,,,,,,,,,,,,,,,0,0,,,,,,,,,,,,,,,,,,,,,,,,,,,,,,,,,,21.7,15,,,,70,50,,,,,,,,7.6,11.6,,,,,,,,,,,,,,,,,,,,,,,,,,,,,,,,,
USW00094728,9/23/2023,,,,,13.3,1019.6,1014.6,13.9,,5.2,,,,,,,,,,,,,,,,,,,,,,,24.4,,87,65,93,,,,,,,,,,,,,,,,,,,,,,,,,,,,,0,0,,,,,,,,,,,,,,,,,,,,,,,,,,,,,,,,,,17.2,13.9,,,,60,60,,,,,,,,8.9,14.8,,,,1,,,,,,,,,,,,,,,,,,,,,,,,,,,,,
USW00094728,9/24/2023,,,,,15.6,1015.2,1010.5,16.7,,5.3,,,,,,,,,,,,,,,,,,,,,,,31.8,,88,87,90,,,,,,,,,,,,,,,,,,,,,,,,,,,,,0,0,,,,,,,,,,,,,,,,,,,,,,,,,,,,,,,,,,18.9,16.7,,,,60,60,,,,,,,,8.9,13.9,,,,1,,,,,,,,,,,,,,,,,,,,,,,,,,,,,
USW00094728,9/25/2023,,,,,13.9,1018.6,1012.9,15,,4.3,,,,,,,,,,,,,,,,,,,,,,,15,,84,75,87,,,,,,,,,,,,,,,,,,,,,,,,,,,,,0,0,,,,,,,,,,,,,,,,,,,,,,,,,,,,,,,,,,18.9,13.9,,,,60,40,,,,,,,,10.3,16.5,,,,1,,,,,,,1,,,,,,,,,,,,,,,,,,,,,,
USW00094728,9/26/2023,,,,,12.2,1026.8,1021.7,13.3,,3,,,,,,,,,,,,,,,,,,,,,,,5.1,,84,77,90,,,,,,,,,,,,,,,,,,,,,,,,,,,,,0,0,,,,,,,,,,,,,,,,,,,,,,,,,,,,,,,,,,15.6,12.2,,,,60,60,,,,,,,,6.3,9.4,,,,1,,,,,,,,,,,,,,,,,,,,,,,,,,,,,
USW00094728,9/27/2023,,,,,8.3,1026.8,1021.7,11.1,,3.1,,,,,,,,,,,,,,,,,,,,,,,0,,65,54,78,,,,,,,,,,,,,,,,,,,,,,,,,,,,,0,0,,,,,,,,,,,,,,,,,,,,,,,,,,,,,,,,,,17.8,10,,,,60,50,,,,,,,,8.1,11.6,,,,,,,,,,,,,,,,,,,,,,,,,,,,,,,,,
USW00094728,9/28/2023,,,,,12.2,1024.7,1019.3,13.3,,2.9,,,,,,,,,,,,,,,,,,,,,,,9.7,,83,70,93,,,,,,,,,,,,,,,,,,,,,,,,,,,,,0,0,,,,,,,,,,,,,,,,,,,,,,,,,,,,,,,,,,18.3,13.3,,,,60,40,,,,,,,,6.3,9.4,,,,1,,,,,,,,,,,,,,,,,,,,,,,,,,,,,
USW00094728,9/29/2023,,,,,13.9,1021,1016.6,15,,3.6,,,,,,,,,,,,,,,,,,,,,,,139.2,,86,84,90,,,,,,,,,,,,,,,,,,,,,,,,,,,,,0,0,,,,,,,,,,,,,,,,,,,,,,,,,,,,,,,,,,17.2,15,,,,80,60,,,,,,,,7.6,13,,,,1,1,1,,,,,,,,,,,,,,,,,,,,,,,,,,,
USW00094728,9/30/2023,,,,,13.9,1021.3,1016.9,15,,2.3,,,,,,,,,,,,,,,,,,,,,,,1,,84,75,93,,,,,,,,,,,,,,,,,,,,,,,,,,,,,0,0,,,,,,,,,,,,,,,,,,,,,,,,,,,,,,,,,,18.9,13.9,,,,30,20,,,,,,,,5.8,8.1,,,,1,,,,,,,1,,,,,,,,,,,,,,,,,,,,,,
USW00094728,10/1/2023,,,,,13.3,1021.7,1016.6,16.1,,1.9,,,,,,,,,,,,,,,,,,,,,,,0,,68,50,90,,,,,,,,,,,,,,,,,,,,,,,,,,,,,0,0,,,,,,,,,,,,,,,,,,,,,,,,,,,,,,,,,,24.4,15,,,,40,20,,,,,,,,6.3,8.5,,,,,,,,,,,,,,,,,,,,,,,,,,,,,,,,,
USW00094728,10/2/2023,,,,,14.4,1022,1017.3,16.7,,1,,,,,,,,,,,,,,,,,,,,,,,0,,69,45,84,,,,,,,,,,,,,,,,,,,,,,,,,,,,,0,0,,,,,,,,,,,,,,,,,,,,,,,,,,,,,,,,,,25,17.2,,,,20,10,,,,,,,,5.4,8.5,,,,,,,,,,,,,,,,,,,,,,,,,,,,,,,,,
USW00094728,10/3/2023,,,,,15,1021,1016.3,17.2,,0.4,,,,,,,,,,,,,,,,,,,,,,,0,,68,49,87,,,,,,,,,,,,,,,,,,,,,,,,,,,,,0,0,,,,,,,,,,,,,,,,,,,,,,,,,,,,,,,,,,26.7,16.1,,,,280,280,,,,,,,,3.1,4,,,,,,,,,,,1,,,,,,,,,,,,,,,,,,,,,,
USW00094728,10/4/2023,,,,,16.7,1022.4,1017.3,18.9,,0.7,,,,,,,,,,,,,,,,,,,,,,,0,,71,53,87,,,,,,,,,,,,,,,,,,,,,,,,,,,,,0,0,,,,,,,,,,,,,,,,,,,,,,,,,,,,,,,,,,28.3,18.9,,,,140,120,,,,,,,,3.1,5.8,,,,1,,,,,,,1,,,,,,,,,,,,,,,,,,,,,,
USW00094728,10/5/2023,,,,,15.6,1022.7,1017.9,17.2,,1,,,,,,,,,,,,,,,,,,,,,,,0,,74,56,90,,,,,,,,,,,,,,,,,,,,,,,,,,,,,0,0,,,,,,,,,,,,,,,,,,,,,,,,,,,,,,,,,,25,16.7,,,,130,130,,,,,,,,4,6.3,,,,1,,,,,,,,,,,,,,,,,,,,,,,,,,,,,
USW00094728,10/6/2023,,,,,18.9,1015.9,1011.9,19.4,,1,,,,,,,,,,,,,,,,,,,,,,,3.6,,91,87,93,,,,,,,,,,,,,,,,,,,,,,,,,,,,,0,0,,,,,,,,,,,,,,,,,,,,,,,,,,,,,,,,,,21.7,19.4,,,,90,100,,,,,,,,4.5,5.4,,,,1,,,,,,,,,,,,,,,,,,,,,,,,,,,,,
USW00094728,10/7/2023,,,,,14.4,1005.8,1000.7,15.6,,2.6,,,,,,,,,,,,,,,,,,,,,,,8.9,,83,67,93,,,,,,,,,,,,,,,,,,,,,,,,,,,,,0,0,,,,,,,,,,,,,,,,,,,,,,,,,,,,,,,,,,20.6,11.7,,,,280,280,,,,,,,,6.3,9.4,,,,1,,,,,,,,,,,,,,,,,,,,,,,,,,,,,
USW00094728,10/8/2023,,,,,5.6,1004.7,999.7,9.4,,3,,,,,,,,,,,,,,,,,,,,,,,0,,64,53,77,,,,,,,,,,,,,,,,,,,,,,,,,,,,,0,0,,,,,,,,,,,,,,,,,,,,,,,,,,,,,,,,,,15,10,,,,220,210,,,,,,,,6.7,11.2,,,,,,,,,,,,,,,,,,,,,,,,,,,,,,,,,
USW00094728,10/9/2023,,,,,3.9,1008.5,1003.7,8.3,,1.8,,,,,,,,,,,,,,,,,,,,,,,0,,57,46,69,,,,,,,,,,,,,,,,,,,,,,,,,,,,,0,0,,,,,,,,,,,,,,,,,,,,,,,,,,,,,,,,,,15.6,9.4,,,,260,240,,,,,,,,5.4,8.1,,,,,,,,,,,,,,,,,,,,,,,,,,,,,,,,,
USW00094728,10/10/2023,,,,,7.8,1009.8,1004.7,11.1,,1.5,,,,,,,,,,,,,,,,,,,,,,,0.5,,65,52,86,,,,,,,,,,,,,,,,,,,,,,,,,,,,,0,0,,,,,,,,,,,,,,,,,,,,,,,,,,,,,,,,,,17.2,11.1,,,,220,210,,,,,,,,5.4,8.1,,,,,,,,,,,,,,,,,,,,,,,,,,,,,,,,,
USW00094728,10/11/2023,,,,,8.3,1010.8,1006.1,12.2,,0.9,,,,,,,,,,,,,,,,,,,,,,,0,,63,36,86,,,,,,,,,,,,,,,,,,,,,,,,,,,,,0,0,,,,,,,,,,,,,,,,,,,,,,,,,,,,,,,,,,20.6,12.8,,,,240,250,,,,,,,,5.4,8.1,,,,,,,,,,,,,,,,,,,,,,,,,,,,,,,,,
USW00094728,10/12/2023,,,,,7.8,1011.9,1007.1,12.2,,0.8,,,,,,,,,,,,,,,,,,,,,,,0,,60,32,90,,,,,,,,,,,,,,,,,,,,,,,,,,,,,0,0,,,,,,,,,,,,,,,,,,,,,,,,,,,,,,,,,,20.6,11.7,,,,300,240,,,,,,,,3.6,4.9,,,,,,,,,,,1,,,,,,,,,,,,,,,,,,,,,,
USW00094728,10/13/2023,,,,,5,1014.6,1009.8,9.4,,1.7,,,,,,,,,,,,,,,,,,,,,,,0,,56,40,72,,,,,,,,,,,,,,,,,,,,,,,,,,,,,0,0,,,,,,,,,,,,,,,,,,,,,,,,,,,,,,,,,,17.2,10.6,,,,60,60,,,,,,,,4.5,6.7,,,,,,,,,,,,,,,,,,,,,,,,,,,,,,,,,
USW00094728,10/14/2023,,,,,7.8,1008.1,1002,9.4,,2,,,,,,,,,,,,,,,,,,,,,,,20.6,,82,59,93,,,,,,,,,,,,,,,,,,,,,,,,,,,,,0,0,,,,,,,,,,,,,,,,,,,,,,,,,,,,,,,,,,13.3,9.4,,,,50,50,,,,,,,,5.8,7.6,,,,1,,,,,,,,,,,,,,,,,,,,,,,,,,,,,
USW00094728,10/15/2023,,,,,5.6,1000,995.3,8.9,,2.6,,,,,,,,,,,,,,,,,,,,,,,0.3,,65,44,86,,,,,,,,,,,,,,,,,,,,,,,,,,,,,0,0,,,,,,,,,,,,,,,,,,,,,,,,,,,,,,,,,,15.6,10,,,,300,300,,,,,,,,6.3,10.3,,,,,,,,,,,,,,,,,,,,,,,,,,,,,,,,,
USW00094728,10/16/2023,,,,,6.7,1003.7,999,10,,1.8,,,,,,,,,,,,,,,,,,,,,,,0,,69,52,80,,,,,,,,,,,,,,,,,,,,,,,,,,,,,0,0,,,,,,,,,,,,,,,,,,,,,,,,,,,,,,,,,,17.2,8.9,,,,60,10,,,,,,,,5.4,7.2,,,,,,,,,,,,,,,,,,,,,,,,,,,,,,,,,
USW00094728,10/17/2023,,,,,7.2,1013.2,1007.5,10,,1.3,,,,,,,,,,,,,,,,,,,,,,,0,,67,52,80,,,,,,,,,,,,,,,,,,,,,,,,,,,,,0,0,,,,,,,,,,,,,,,,,,,,,,,,,,,,,,,,,,16.1,10.6,,,,50,70,,,,,,,,4.5,6.3,,,,,,,,,,,,,,,,,,,,,,,,,,,,,,,,,
USW00094728,10/18/2023,,,,,9.4,1020.3,1015.2,11.7,,0.9,,,,,,,,,,,,,,,,,,,,,,,0,,72,62,83,,,,,,,,,,,,,,,,,,,,,,,,,,,,,0,0,,,,,,,,,,,,,,,,,,,,,,,,,,,,,,,,,,17.2,11.1,,,,210,180,,,,,,,,3.1,5.4,,,,,,,,,,,,,,,,,,,,,,,,,,,,,,,,,
USW00094728,10/19/2023,,,,,8.9,1019,1014.2,11.7,,0.9,,,,,,,,,,,,,,,,,,,,,,,0,,71,48,86,,,,,,,,,,,,,,,,,,,,,,,,,,,,,0,0,,,,,,,,,,,,,,,,,,,,,,,,,,,,,,,,,,17.8,11.1,,,,250,130,,,,,,,,4,6.7,,,,,,,,,,,,,,,,,,,,,,,,,,,,,,,,,
USW00094728,10/20/2023,,,,,15,1005.4,1002.4,15.6,,1.2,,,,,,,,,,,,,,,,,,,,,,,21.3,,92,78,97,,,,,,,,,,,,,,,,,,,,,,,,,,,,,0,0,,,,,,,,,,,,,,,,,,,,,,,,,,,,,,,,,,17.2,15,,,,110,130,,,,,,,,4,7.6,,,,1,,1,,,,,,,,,,,,,,,,,,,,,,,,,,,
USW00094728,10/21/2023,,,,,11.1,993.2,988.1,12.8,,2.5,,,,,,,,,,,,,,,,,,,,,,,17,,77,54,97,,,,,,,,,,,,,,,,,,,,,,,,,,,,,0,0,,,,,,,,,,,,,,,,,,,,,,,,,,,,,,,,,,17.2,13.3,,,,280,270,,,,,,,,8.1,12.5,,,,1,,,,,,,,,,,,,,,,,,,,,,,,,,,,,
USW00094728,10/22/2023,,,,,3.3,1004.7,1000,7.8,,3.7,,,,,,,,,,,,,,,,,,,,,,,0,,57,45,74,,,,,,,,,,,,,,,,,,,,,,,,,,,,,0,0,,,,,,,,,,,,,,,,,,,,,,,,,,,,,,,,,,13.9,8.9,,,,310,300,,,,,,,,8.1,13.9,,,,,,,,,,,,,,,,,,,,,,,,,,,,,,,,,
USW00094728,10/23/2023,,,,,3.3,1020.3,1013.9,7.8,,2.4,,,,,,,,,,,,,,,,,,,,,,,0,,58,46,69,,,,,,,,,,,,,,,,,,,,,,,,,,,,,0,0,,,,,,,,,,,,,,,,,,,,,,,,,,,,,,,,,,15.6,8.3,,,,300,300,,,,,,,,6.7,11.2,,,,,,,,,,,,,,,,,,,,,,,,,,,,,,,,,
USW00094728,10/24/2023,,,,,6.1,1027.1,1022.4,10,,1.3,,,,,,,,,,,,,,,,,,,,,,,0,,64,45,77,,,,,,,,,,,,,,,,,,,,,,,,,,,,,0,0,,,,,,,,,,,,,,,,,,,,,,,,,,,,,,,,,,18.3,8.3,,,,240,250,,,,,,,,4,7.6,,,,,,,,,,,,,,,,,,,,,,,,,,,,,,,,,
USW00094728,10/25/2023,,,,,7.8,1024.7,1020,12.2,,2.3,,,,,,,,,,,,,,,,,,,,,,,0,,55,42,72,,,,,,,,,,,,,,,,,,,,,,,,,,,,,0,0,,,,,,,,,,,,,,,,,,,,,,,,,,,,,,,,,,22.2,11.7,,,,240,230,,,,,,,,5.8,9.4,,,,,,,,,,,,,,,,,,,,,,,,,,,,,,,,,
USW00094728,10/26/2023,,,,,9.4,1022.7,1017.6,14.4,,1.1,,,,,,,,,,,,,,,,,,,,,,,0,,52,42,70,,,,,,,,,,,,,,,,,,,,,,,,,,,,,0,0,,,,,,,,,,,,,,,,,,,,,,,,,,,,,,,,,,25,14.4,,,,240,250,,,,,,,,4.5,7.6,,,,,,,,,,,,,,,,,,,,,,,,,,,,,,,,,
USW00094728,10/27/2023,,,,,11.7,1018.6,1014.2,15.6,,1.7,,,,,,,,,,,,,,,,,,,,,,,0,,61,51,70,,,,,,,,,,,,,,,,,,,,,,,,,,,,,0,0,,,,,,,,,,,,,,,,,,,,,,,,,,,,,,,,,,23.3,17.2,,,,240,230,,,,,,,,4,7.2,,,,,,,,,,,,,,,,,,,,,,,,,,,,,,,,,
USW00094728,10/28/2023,,,,,13.9,1016.3,1011.2,17.2,,2.2,,,,,,,,,,,,,,,,,,,,,,,0,,60,49,76,,,,,,,,,,,,,,,,,,,,,,,,,,,,,0,0,,,,,,,,,,,,,,,,,,,,,,,,,,,,,,,,,,26.7,17.2,,,,230,230,,,,,,,,4.5,7.6,,,,,,,,,,,,,,,,,,,,,,,,,,,,,,,,,
USW00094728,10/29/2023,,,,,9.4,1018.6,1013.5,10.6,,3.1,,,,,,,,,,,,,,,,,,,,,,,11.9,,84,52,93,,,,,,,,,,,,,,,,,,,,,,,,,,,,,0,0,,,,,,,,,,,,,,,,,,,,,,,,,,,,,,,,,,17.2,10.6,,,,60,50,,,,,,,,6.3,9.8,,,,1,,,,,,,,,,,,,,,,,,,,,,,,,,,,,
USW00094728,10/30/2023,,,,,10.6,1010.8,1005.1,11.7,,2,,,,,,,,,,,,,,,,,,,,,,,15,,83,61,97,,,,,,,,,,,,,,,,,,,,,,,,,,,,,0,0,,,,,,,,,,,,,,,,,,,,,,,,,,,,,,,,,,15.6,10,,,,310,310,,,,,,,,6.7,10.3,,,,1,,,,,,,1,,,,,,,,,,,,,,,,,,,,,,
USW00094728,10/31/2023,,,,,,,,,,1.7,,,,,,,,,,,,,,,,,,,,,,,0,,57,46,77,,,,,,,,,,,,,,,,,,,,,,,,,,,,,0,0,,,,,,,,,,,,,,,,,,,,,,,,,,,,,,,,,,10.6,7.2,,,,60,60,,,,,,,,6.3,8.9,,,,,,,,,,,,,,,,,,,,,,,,,,,,,,,,,
USW00094728,11/1/2023,,,,,-1.1,1018.6,1013.2,3.3,,3,,,,,,,,,,,,,,,,,,,,,,,0.3,,58,37,76,,,,,,,,,,,,,,,,,,,,,,,,,,,,,0,0,,,,,,,,,,,,,,,,,,,,,,,,,,,,,,,,,,9.4,3.9,,,,300,310,,,,,,,,6.7,11.6,,,,,,,,,,,,,,,,,,,,,,,,,,,,,,,,,
USW00094728,11/2/2023,,,,,-3.9,1030.8,1025.7,2.2,,2,,,,,,,,,,,,,,,,,,,,,,,0,,53,33,76,,,,,,,,,,,,,,,,,,,,,,,,,,,,,0,0,,,,,,,,,,,,,,,,,,,,,,,,,,,,,,,,,,8.9,1.7,,,,220,220,,,,,,,,4,6.3,,,,,,,,,,,,,,,,,,,,,,,,,,,,,,,,,
USW00094728,11/3/2023,,,,,0,1030.1,1025.1,5,,2.2,,,,,,,,,,,,,,,,,,,,,,,0,,52,40,64,,,,,,,,,,,,,,,,,,,,,,,,,,,,,0,0,,,,,,,,,,,,,,,,,,,,,,,,,,,,,,,,,,12.8,5.6,,,,220,240,,,,,,,,5.4,8.9,,,,,,,,,,,,,,,,,,,,,,,,,,,,,,,,,
USW00094728,11/4/2023,,,,,,,,,,1.3,,,,,,,,,,,,,,,,,,,,,,,0,,,,,,,,,,,,,,,,,,,,,,,,,,,,,,,,,0,0,,,,,,,,,,,,,,,,,,,,,,,,,,,,,,,,,,16.1,8.3,,,,250,250,,,,,,,,5.4,7.6,,,,,,,,,,,,,,,,,,,,,,,,,,,,,,,,,
USW00094728,11/5/2023,,,,,3.3,1017.3,1012.5,8.3,,1,,,,,,,,,,,,,,,,,,,,,,,0,,53,38,69,,,,,,,,,,,,,,,,,,,,,,,,,,,,,0,0,,,,,,,,,,,,,,,,,,,,,,,,,,,,,,,,,,18.3,9.4,,,,350,330,,,,,,,,4,7.2,,,,,,,,,,,,,,,,,,,,,,,,,,,,,,,,,
USW00094728,11/6/2023,,,,,3.9,1019,1014.2,7.8,,1.7,,,,,,,,,,,,,,,,,,,,,,,0,,62,49,90,,,,,,,,,,,,,,,,,,,,,,,,,,,,,0,0,,,,,,,,,,,,,,,,,,,,,,,,,,,,,,,,,,13.3,6.7,,,,50,60,,,,,,,,5.4,7.6,,,,,,,,,,,,,,,,,,,,,,,,,,,,,,,,,
USW00094728,11/7/2023,,,,,8.9,1009.1,1004.4,11.7,,2.3,,,,,,,,,,,,,,,,,,,,,,,1.5,,69,53,90,,,,,,,,,,,,,,,,,,,,,,,,,,,,,0,0,,,,,,,,,,,,,,,,,,,,,,,,,,,,,,,,,,17.8,11.7,,,,240,250,,,,,,,,5.8,8.9,,,,1,,,,,,,,,,,,,,,,,,,,,,,,,,,,,
USW00094728,11/8/2023,,,,,-3.9,1017.6,1012.5,3.3,,2.4,,,,,,,,,,,,,,,,,,,,,,,0,,43,29,56,,,,,,,,,,,,,,,,,,,,,,,,,,,,,0,0,,,,,,,,,,,,,,,,,,,,,,,,,,,,,,,,,,12.2,6.1,,,,300,290,,,,,,,,7.2,11.2,,,,,,,,,,,,,,,,,,,,,,,,,,,,,,,,,
USW00094728,11/9/2023,,,,,2.8,1013.5,1008.5,7.2,,1.4,,,,,,,,,,,,,,,,,,,,,,,0,,62,46,72,,,,,,,,,,,,,,,,,,,,,,,,,,,,,0,0,,,,,,,,,,,,,,,,,,,,,,,,,,,,,,,,,,13.9,5.6,,,,80,80,,,,,,,,4,7.6,,,,,,,,,,,,,,,,,,,,,,,,,,,,,,,,,
USW00094728,11/10/2023,,,,,1.1,1019,1014.2,6.1,,2,,,,,,,,,,,,,,,,,,,,,,,0,,54,40,73,,,,,,,,,,,,,,,,,,,,,,,,,,,,,0,0,,,,,,,,,,,,,,,,,,,,,,,,,,,,,,,,,,11.7,7.2,,,,230,230,,,,,,,,5.8,9.4,,,,,,,,,,,,,,,,,,,,,,,,,,,,,,,,,
USW00094728,11/11/2023,,,,,-0.6,1026.4,1021.7,5,,1.8,,,,,,,,,,,,,,,,,,,,,,,0,,54,38,74,,,,,,,,,,,,,,,,,,,,,,,,,,,,,0,0,,,,,,,,,,,,,,,,,,,,,,,,,,,,,,,,,,12.8,5.6,,,,350,20,,,,,,,,5.4,8.9,,,,,,,,,,,,,,,,,,,,,,,,,,,,,,,,,
USW00094728,11/12/2023,,,,,-3.9,1031.5,1026.4,1.1,,2.3,,,,,,,,,,,,,,,,,,,,,,,0,,54,46,62,,,,,,,,,,,,,,,,,,,,,,,,,,,,,0,0,,,,,,,,,,,,,,,,,,,,,,,,,,,,,,,,,,6.7,2.2,,,,50,50,,,,,,,,6.3,8.5,,,,,,,,,,,,,,,,,,,,,,,,,,,,,,,,,
USW00094728,11/13/2023,,,,,-2.8,1025.4,1020.3,2.8,,1.6,,,,,,,,,,,,,,,,,,,,,,,0,,54,44,65,,,,,,,,,,,,,,,,,,,,,,,,,,,,,0,0,,,,,,,,,,,,,,,,,,,,,,,,,,,,,,,,,,9.4,1.7,,,,230,230,,,,,,,,5.4,8.9,,,,,,,,,,,,,,,,,,,,,,,,,,,,,,,,,
USW00094728,11/14/2023,,,,,-1.1,1025.1,1020.3,4.4,,2.2,,,,,,,,,,,,,,,,,,,,,,,0,,52,40,65,,,,,,,,,,,,,,,,,,,,,,,,,,,,,0,0,,,,,,,,,,,,,,,,,,,,,,,,,,,,,,,,,,11.7,5.6,,,,300,10,,,,,,,,6.3,10.3,,,,,,,,,,,,,,,,,,,,,,,,,,,,,,,,,
USW00094728,11/15/2023,,,,,0.6,1028.4,1023.4,5,,1.3,,,,,,,,,,,,,,,,,,,,,,,0,,59,48,73,,,,,,,,,,,,,,,,,,,,,,,,,,,,,0,0,,,,,,,,,,,,,,,,,,,,,,,,,,,,,,,,,,11.7,3.9,,,,220,220,,,,,,,,5.8,10.3,,,,,,,,,,,,,,,,,,,,,,,,,,,,,,,,,
USW00094728,11/16/2023,,,,,2.2,1023,1018.3,7.8,,1.5,,,,,,,,,,,,,,,,,,,,,,,0,,51,29,71,,,,,,,,,,,,,,,,,,,,,,,,,,,,,0,0,,,,,,,,,,,,,,,,,,,,,,,,,,,,,,,,,,18.3,7.8,,,,250,250,,,,,,,,4.5,7.6,,,,,,,,,,,,,,,,,,,,,,,,,,,,,,,,,
USW00094728,11/17/2023,,,,,8.9,1015.2,1010.5,12.2,,2,,,,,,,,,,,,,,,,,,,,,,,0,,64,51,77,,,,,,,,,,,,,,,,,,,,,,,,,,,,,0,0,,,,,,,,,,,,,,,,,,,,,,,,,,,,,,,,,,19.4,11.1,,,,240,240,,,,,,,,5.8,8.5,,,,,,,,,,,,,,,,,,,,,,,,,,,,,,,,,
USW00094728,11/18/2023,,,,,2.2,1007.8,1002.7,7.2,,2.7,,,,,,,,,,,,,,,,,,,,,,,0,,56,28,84,,,,,,,,,,,,,,,,,,,,,,,,,,,,,0,0,,,,,,,,,,,,,,,,,,,,,,,,,,,,,,,,,,17.2,5,,,,300,300,,,,,,,,6.7,10.3,,,,,,,,,,,,,,,,,,,,,,,,,,,,,,,,,
USW00094728,11/19/2023,,,,,-2.8,1013.9,1009.1,3.9,,2.1,,,,,,,,,,,,,,,,,,,,,,,0,,47,34,60,,,,,,,,,,,,,,,,,,,,,,,,,,,,,0,0,,,,,,,,,,,,,,,,,,,,,,,,,,,,,,,,,,12.8,4.4,,,,230,290,,,,,,,,6.3,10.3,,,,,,,,,,,,,,,,,,,,,,,,,,,,,,,,,
USW00094728,11/20/2023,,,,,-7.8,1027.8,1023,0.6,,2.2,,,,,,,,,,,,,,,,,,,,,,,0,,43,27,59,,,,,,,,,,,,,,,,,,,,,,,,,,,,,0,0,,,,,,,,,,,,,,,,,,,,,,,,,,,,,,,,,,7.8,2.8,,,,50,50,,,,,,,,5.8,9.4,,,,,,,,,,,,,,,,,,,,,,,,,,,,,,,,,
USW00094728,11/21/2023,,,,,-0.6,1028.4,1022.4,2.8,,3.3,,,,,,,,,,,,,,,,,,,,,,,15,,68,50,93,,,,,,,,,,,,,,,,,,,,,,,,,,,,,0,0,,,,,,,,,,,,,,,,,,,,,,,,,,,,,,,,,,8.9,0.6,,,,80,90,,,,,,,,7.2,12.5,,,,1,,,,,,,,,,,,,,,,,,,,,,,,,,,,,
USW00094728,11/22/2023,,,,,7.2,1006.1,1002,9.4,,2.1,,,,,,,,,,,,,,,,,,,,,,,49,,80,47,93,,,,,,,,,,,,,,,,,,,,,,,,,,,,,0,0,,,,,,,,,,,,,,,,,,,,,,,,,,,,,,,,,,12.2,8.9,,,,110,130,,,,,,,,6.3,11.6,,,,1,,,,,,,,,,,,,,,,,,,,,,,,,,,,,
USW00094728,11/23/2023,,,,,0.6,1011.5,1006.1,5.6,,3.1,,,,,,,,,,,,,,,,,,,,,,,0,,55,41,71,,,,,,,,,,,,,,,,,,,,,,,,,,,,,0,0,,,,,,,,,,,,,,,,,,,,,,,,,,,,,,,,,,11.1,6.7,,,,310,290,,,,,,,,7.6,11.2,,,,,,,,,,,,,,,,,,,,,,,,,,,,,,,,,
USW00094728,11/24/2023,,,,,-4.4,1020.7,1015.9,2.8,,2.8,,,,,,,,,,,,,,,,,,,,,,,0,,45,33,59,,,,,,,,,,,,,,,,,,,,,,,,,,,,,0,0,,,,,,,,,,,,,,,,,,,,,,,,,,,,,,,,,,10.6,0.6,,,,300,10,,,,,,,,7.2,10.3,,,,,,,,,,,,,,,,,,,,,,,,,,,,,,,,,
USW00094728,11/25/2023,,,,,-7.8,1028.8,1023.7,-1.1,,1,,,,,,,,,,,,,,,,,,,,,,,0,,49,39,61,,,,,,,,,,,,,,,,,,,,,,,,,,,,,0,0,,,,,,,,,,,,,,,,,,,,,,,,,,,,,,,,,,4.4,-1,,,,300,300,,,,,,,,4.5,6.3,,,,,,,,,,,,,,,,,,,,,,,,,,,,,,,,,
USW00094728,11/26/2023,,,,,2.2,1018.6,1011.2,5,,2,,,,,,,,,,,,,,,,,,,,,,,7.1,,73,56,93,,,,,,,,,,,,,,,,,,,,,,,,,,,,,0,0,,,,,,,,,,,,,,,,,,,,,,,,,,,,,,,,,,13.3,1.7,,,,120,130,,,,,,,,7.6,13,,,,1,,,,,,,,,,,,,,,,,,,,,,,,,,,,,
USW00094728,11/27/2023,,,,,0.6,1006.8,1001,4.4,,3,,,,,,,,,,,,,,,,,,,,,,,2,,64,46,90,,,,,,,,,,,,,,,,,,,,,,,,,,,,,0,0,,,,,,,,,,,,,,,,,,,,,,,,,,,,,,,,,,13.3,2.2,,,,270,290,,,,,,,,7.2,11.6,,,,1,,,,,,,,,,,,,,,,,,,,,,,,,,,,,
USW00094728,11/28/2023,,,,,-10,1011.5,1006.8,-2.2,,4.3,,,,,,,,,,,,,,,,,,,,,,,0,,43,32,52,,,,,,,,,,,,,,,,,,,,,,,,,,,,,0,0,,,,,,,,,,,,,,,,,,,,,,,,,,,,,,,,,,5,0,,,,280,250,,,,,,,,7.2,12.5,,,,,,,,,,,,,,,,,,,,,,,,,,,,,,,,,
USW00094728,11/29/2023,,,,,-10,1018.6,1013.5,-2.8,,2.1,,,,,,,,,,,,,,,,,,,,,,,0,,47,34,89,,,,,,,,,,,,,,,,,,,,,,,,,,,,,0,0,,,,,,,,,,,,,,,,,,,,,,,,,,,,,,,,,,3.3,-2.7,,,,240,300,,,,,,,,6.3,9.8,,,,,,,,,,,,,,,,,,,,,,,,,,,,,,,,,
USW00094728,11/30/2023,,,,,,,,,,2.6,,,,,,,,,,,,,,,,,,,,,,,0,,,,,,,,,,,,,,,,,,,,,,,,,,,,,,,,,0,0,,,,,,,,,,,,,,,,,,,,,,,,,,,,,,,,,,10.6,1.1,,,,220,220,,,,,,,,5.4,9.4,,,,,,,,,,,,,,,,,,,,,,,,,,,,,,,,,
USW00094728,12/1/2023,,,,,2.8,1019.6,1014.2,5.6,,1.6,,,,,,,,,,,,,,,,,,,,,,,10.4,,72,54,93,,,,,,,,,,,,,,,,,,,,,,,,,,,,,0,0,,,,,,,,,,,,,,,,,,,,,,,,,,,,,,,,,,10.6,6.1,,,,230,240,,,,,,,,4.5,8.5,,,,1,,,,,,,,,,,,,,,,,,,,,,,,,,,,,
USW00094728,12/2/2023,,,,,7.8,1015.9,1011.2,9.4,,1,,,,,,,,,,,,,,,,,,,,,,,0,,82,64,90,,,,,,,,,,,,,,,,,,,,,,,,,,,,,0,0,,,,,,,,,,,,,,,,,,,,,,,,,,,,,,,,,,15.6,8.3,,,,230,230,,,,,,,,4.5,6.7,,,,1,,,,,,,1,,,,,,,,,,,,,,,,,,,,,,
USW00094728,12/3/2023,,,,,8.3,1008.8,1004.7,9.4,,3.2,,,,,,,,,,,,,,,,,,,,,,,14,,85,80,93,,,,,,,,,,,,,,,,,,,,,,,,,,,,,0,0,,,,,,,,,,,,,,,,,,,,,,,,,,,,,,,,,,11.7,8.9,,,,60,60,,,,,,,,7.2,10.7,,,,1,,,,,,,1,,,,,,,,,,,,,,,,,,,,,,
USW00094728,12/4/2023,,,,,2.2,1008.1,1003,5.6,,2.7,,,,,,,,,,,,,,,,,,,,,,,0,,63,50,83,,,,,,,,,,,,,,,,,,,,,,,,,,,,,0,0,,,,,,,,,,,,,,,,,,,,,,,,,,,,,,,,,,12.2,5.6,,,,230,210,,,,,,,,6.7,10.7,,,,1,,,,,,,1,,,,,,,,,,,,,,,,,,,,,,
USW00094728,12/5/2023,,,,,-3.3,1015.9,1010.8,2.2,,1.8,,,,,,,,,,,,,,,,,,,,,,,0,,53,38,70,,,,,,,,,,,,,,,,,,,,,,,,,,,,,0,0,,,,,,,,,,,,,,,,,,,,,,,,,,,,,,,,,,6.1,3.3,,,,60,360,,,,,,,,5.4,7.6,,,,,,,,,,,,,,,,,,,,,,,,,,,,,,,,,
USW00094728,12/6/2023,,,,,,,,,,2.7,,,,,,,,,,,,,,,,,,,,,,,0,,,,,,,,,,,,,,,,,,,,,,,,,,,,,,,,,0,0,,,,,,,,,,,,,,,,,,,,,,,,,,,,,,,,,,6.1,0.6,,,,300,300,,,,,,,,6.3,9.4,,,,,,,,,,,,,,,,,,,,,,,,,,,,,,,,,
USW00094728,12/7/2023,,,,,-5,1016.6,1011.5,-0.6,,2.7,,,,,,,,,,,,,,,,,,,,,,,0,,62,47,73,,,,,,,,,,,,,,,,,,,,,,,,,,,,,0,0,,,,,,,,,,,,,,,,,,,,,,,,,,,,,,,,,,3.9,0,,,,240,240,,,,,,,,5.8,8.1,,,,,,,,,,,,,,,,,,,,,,,,,,,,,,,,,
USW00094728,12/8/2023,,,,,-0.6,1021.3,1016.3,3.9,,1.3,,,,,,,,,,,,,,,,,,,,,,,0,,59,44,70,,,,,,,,,,,,,,,,,,,,,,,,,,,,,0,0,,,,,,,,,,,,,,,,,,,,,,,,,,,,,,,,,,10.6,3.3,,,,230,220,,,,,,,,4.5,6.7,,,,,,,,,,,,,,,,,,,,,,,,,,,,,,,,,
USW00094728,12/9/2023,,,,,6.1,1021.7,1016.9,8.3,,0.9,,,,,,,,,,,,,,,,,,,,,,,0,,75,53,89,,,,,,,,,,,,,,,,,,,,,,,,,,,,,0,0,,,,,,,,,,,,,,,,,,,,,,,,,,,,,,,,,,15,6.7,,,,210,220,,,,,,,,3.6,5.4,,,,1,,,,,,,1,,,,,,,,,,,,,,,,,,,,,,
USW00094728,12/10/2023,,,,,11.1,1010.8,1004.1,12.2,,1.8,,,,,,,,,,,,,,,,,,,,,,,28.4,,86,72,93,,,,,,,,,,,,,,,,,,,,,,,,,,,,,0,0,,,,,,,,,,,,,,,,,,,,,,,,,,,,,,,,,,16.1,10,,,,20,310,,,,,,,,7.2,10.3,,,,1,,1,,,,,,,,,,,,,,,,,,,,,,,,,,,
USW00094728,12/11/2023,,,,,-0.6,1010.8,1002.7,3.3,,3.6,,,,,,,,,,,,,,,,,,,,,,,14,,66,45,90,,,,,,,,,,,,,,,,,,,,,,,,,,,,,0,0,,,,,,,,,,,,,,,,,,,,,,,,,,,,,,,,,,10,3.3,,,,300,320,,,,,,,,8.1,15.7,,,,1,,1,,,,,,,,,,,,,,,,,,,,,,,,,,,
USW00094728,12/12/2023,,,,,-5.6,1027.8,1023,1.1,,2.5,,,,,,,,,,,,,,,,,,,,,,,0,,49,40,55,,,,,,,,,,,,,,,,,,,,,,,,,,,,,0,0,,,,,,,,,,,,,,,,,,,,,,,,,,,,,,,,,,6.7,2.2,,,,250,230,,,,,,,,7.2,10.3,,,,,,,,,,,,,,,,,,,,,,,,,,,,,,,,,
USW00094728,12/13/2023,,,,,-6.1,1031.2,1026.1,1.1,,3,,,,,,,,,,,,,,,,,,,,,,,0,,44,30,60,,,,,,,,,,,,,,,,,,,,,,,,,,,,,0,0,,,,,,,,,,,,,,,,,,,,,,,,,,,,,,,,,,8.3,2.2,,,,310,300,,,,,,,,6.3,10.3,,,,,,,,,,,,,,,,,,,,,,,,,,,,,,,,,
USW00094728,12/14/2023,,,,,-8.3,1035.6,1030.5,-1.1,,2.8,,,,,,,,,,,,,,,,,,,,,,,0,,45,35,56,,,,,,,,,,,,,,,,,,,,,,,,,,,,,0,0,,,,,,,,,,,,,,,,,,,,,,,,,,,,,,,,,,5,0.6,,,,300,290,,,,,,,,6.7,8.9,,,,,,,,,,,,,,,,,,,,,,,,,,,,,,,,,
USW00094728,12/15/2023,,,,,-4.4,1027.8,1022.7,3.3,,2.4,,,,,,,,,,,,,,,,,,,,,,,0,,40,27,48,,,,,,,,,,,,,,,,,,,,,,,,,,,,,0,0,,,,,,,,,,,,,,,,,,,,,,,,,,,,,,,,,,14.4,2.8,,,,230,240,,,,,,,,6.7,9.4,,,,,,,,,,,,,,,,,,,,,,,,,,,,,,,,,
USW00094728,12/16/2023,,,,,0,1031.2,1026.4,5.6,,2.6,,,,,,,,,,,,,,,,,,,,,,,0,,53,39,74,,,,,,,,,,,,,,,,,,,,,,,,,,,,,0,0,,,,,,,,,,,,,,,,,,,,,,,,,,,,,,,,,,12.2,7.8,,,,50,30,,,,,,,,5.8,8.1,,,,,,,,,,,,,,,,,,,,,,,,,,,,,,,,,
USW00094728,12/17/2023,,,,,8.3,1021,1013.5,9.4,,3,,,,,,,,,,,,,,,,,,,,,,,6.6,,85,74,93,,,,,,,,,,,,,,,,,,,,,,,,,,,,,0,0,,,,,,,,,,,,,,,,,,,,,,,,,,,,,,,,,,15,8.3,,,,120,120,,,,,,,,7.2,13.4,,,,1,,,,,,,,,,,,,,,,,,,,,,,,,,,,,
USW00094728,12/18/2023,,,,,7.8,992.2,985.4,10,,4,,,,,,,,,,,,,,,,,,,,,,,56.1,,76,55,93,,,,,,,,,,,,,,,,,,,,,,,,,,,,,0,0,,,,,,,,,,,,,,,,,,,,,,,,,,,,,,,,,,16.7,5.6,,,,160,170,,,,,,,,9.8,16.1,,,,1,,,,,,,,,,,,,,,,,,,,,,,,,,,,,
USW00094728,12/19/2023,,,,,-5,1015.2,1007.8,0.6,,3.4,,,,,,,,,,,,,,,,,,,,,,,0,,55,42,68,,,,,,,,,,,,,,,,,,,,,,,,,,,,,0,0,,,,,,,,,,,,,,,,,,,,,,,,,,,,,,,,,,6.7,0,,,,300,290,,,,,,,,7.2,10.7,,,,,,,,,,,1,,,,,,,,,,,,,,,,,,,,,,
USW00094728,12/20/2023,,,,,-6.7,1027.4,1022.4,-0.6,,2.7,,,,,,,,,,,,,,,,,,,,,,,0,,51,35,62,,,,,,,,,,,,,,,,,,,,,,,,,,,,,0,0,,,,,,,,,,,,,,,,,,,,,,,,,,,,,,,,,,7.8,-1,,,,300,300,,,,,,,,6.3,9.4,,,,,,,,,,,,,,,,,,,,,,,,,,,,,,,,,
USW00094728,12/21/2023,,,,,-7.8,1029.5,1024.7,-1.1,,2.9,,,,,,,,,,,,,,,,,,,,,,,0,,47,30,64,,,,,,,,,,,,,,,,,,,,,,,,,,,,,0,0,,,,,,,,,,,,,,,,,,,,,,,,,,,,,,,,,,5.6,-1,,,,360,30,,,,,,,,6.3,10.7,,,,,,,,,,,,,,,,,,,,,,,,,,,,,,,,,
USW00094728,12/22/2023,,,,,-11.1,1031.5,1026.4,-3.3,,1.6,,,,,,,,,,,,,,,,,,,,,,,0,,45,30,61,,,,,,,,,,,,,,,,,,,,,,,,,,,,,0,0,,,,,,,,,,,,,,,,,,,,,,,,,,,,,,,,,,2.8,-3.8,,,,50,30,,,,,,,,4,6.7,,,,,,,,,,,,,,,,,,,,,,,,,,,,,,,,,
USW00094728,12/23/2023,,,,,-4.4,1031.5,1026.8,1.1,,1.6,,,,,,,,,,,,,,,,,,,,,,,0,,56,38,76,,,,,,,,,,,,,,,,,,,,,,,,,,,,,0,0,,,,,,,,,,,,,,,,,,,,,,,,,,,,,,,,,,6.7,1.1,,,,60,90,,,,,,,,4,5.8,,,,,,,,,,,,,,,,,,,,,,,,,,,,,,,,,
USW00094728,12/24/2023,,,,,3.3,1029.5,1024.7,5.6,,0.7,,,,,,,,,,,,,,,,,,,,,,,0.5,,77,68,86,,,,,,,,,,,,,,,,,,,,,,,,,,,,,0,0,,,,,,,,,,,,,,,,,,,,,,,,,,,,,,,,,,9.4,4.4,,,,100,100,,,,,,,,3.6,4.9,,,,1,,,,,,,,,,,,,,,,,,,,,,,,,,,,,
USW00094728,12/25/2023,,,,,5.6,1029.8,1024.7,6.7,,1.4,,,,,,,,,,,,,,,,,,,,,,,0,,85,79,93,,,,,,,,,,,,,,,,,,,,,,,,,,,,,0,0,,,,,,,,,,,,,,,,,,,,,,,,,,,,,,,,,,9.4,6.1,,,,60,80,,,,,,,,3.6,5.4,,,,1,,,,,,,1,,,,,,,,,,,,,,,,,,,,,,
USW00094728,12/26/2023,,,,,5.6,1025.7,1020.7,7.2,,0.7,,,,,,,,,,,,,,,,,,,,,,,0,,84,74,93,,,,,,,,,,,,,,,,,,,,,,,,,,,,,0,0,,,,,,,,,,,,,,,,,,,,,,,,,,,,,,,,,,10.6,6.7,,,,90,120,,,,,,,,3.1,4,,,,1,,,,,,,1,,,,,,,,,,,,,,,,,,,,,,
USW00094728,12/27/2023,,,,,6.1,1017.3,1011.9,7.2,,2.3,,,,,,,,,,,,,,,,,,,,,,,8.1,,88,83,93,,,,,,,,,,,,,,,,,,,,,,,,,,,,,0,0,,,,,,,,,,,,,,,,,,,,,,,,,,,,,,,,,,10,7.2,,,,60,60,,,,,,,,8.1,12.5,,,,1,,,,,,,1,,,,,,,,,,,,,,,,,,,,,,
USW00094728,12/28/2023,,,,,8.9,1005.4,1001,9.4,,3.1,,,,,,,,,,,,,,,,,,,,,,,31,,90,87,93,,,,,,,,,,,,,,,,,,,,,,,,,,,,,0,0,,,,,,,,,,,,,,,,,,,,,,,,,,,,,,,,,,12.8,9.4,,,,80,90,,,,,,,,9.8,14.3,,,,1,,,,,,,,,,,,,,,,,,,,,,,,,,,,,
USW00094728,12/29/2023,,,,,6.1,1004.1,999.7,7.8,,1.5,,,,,,,,,,,,,,,,,,,,,,,1.3,,77,59,93,,,,,,,,,,,,,,,,,,,,,,,,,,,,,0,0,,,,,,,,,,,,,,,,,,,,,,,,,,,,,,,,,,12.8,7.8,,,,240,220,,,,,,,,6.3,9.8,,,,1,,,,,,,,,,,,,,,,,,,,,,,,,,,,,
USW00094728,12/30/2023,,,,,-0.6,1004.4,999.7,3.3,,2.9,,,,,,,,,,,,,,,,,,,,,,,0,,62,53,68,,,,,,,,,,,,,,,,,,,,,,,,,,,,,0,0,,,,,,,,,,,,,,,,,,,,,,,,,,,,,,,,,,7.8,3.9,,,,280,280,,,,,,,,6.3,9.4,,,,,,,,,,,,,,,,,,,,,,,,,,,,,,,,,
USW00094728,12/31/2023,,,,,-3.9,1014.2,1009.5,1.7,,2.4,,,,,,,,,,,,,,,,,,,,,,,0,,50,47,60,,,,,,,,,,,,,,,,,,,,,,,,,,,,,0,0,,,,,,,,,,,,,,,,,,,,,,,,,,,,,,,,,,6.1,3.9,,,,300,300,,,,,,,,5.8,9.4,,,,,,,,,,,,,,,,,,,,,,,,,,,,,,,,,
USW00094728,1/1/2024,,,,,-1.1,1016.6,1011.5,2.8,,1.5,,,,,,,,,,,,,,,,,,,,,,,0.8,,63,54,82,,,,,,,,,,,,,,,,,,,,,,,,,,,,,0,0,,,,,,,,,,,,,,,,,,,,,,,,,,,,,,,,,,8.3,1.7,,,,270,220,,,,,,,,4,7.2,,,,,,,,,,,,,,,,,,,,,,,,,,,,,,,,,
USW00094728,1/2/2024,,,,,-6.1,1017.6,1012.5,-0.6,,1.8,,,,,,,,,,,,,,,,,,,,,,,0,,54,41,69,,,,,,,,,,,,,,,,,,,,,,,,,,,,,0,0,,,,,,,,,,,,,,,,,,,,,,,,,,,,,,,,,,5.6,-1.6,,,,300,320,,,,,,,,4.5,7.2,,,,,,,,,,,,,,,,,,,,,,,,,,,,,,,,,
USW00094728,1/3/2024,,,,,-4.4,1015.9,1010.8,0.6,,2.2,,,,,,,,,,,,,,,,,,,,,,,0,,57,49,67,,,,,,,,,,,,,,,,,,,,,,,,,,,,,0,0,,,,,,,,,,,,,,,,,,,,,,,,,,,,,,,,,,6.1,1.1,,,,300,320,,,,,,,,4.5,6.7,,,,,,,,,,,,,,,,,,,,,,,,,,,,,,,,,
USW00094728,1/4/2024,,,,,-6.1,1015.9,1011.2,0,,3.4,,,,,,,,,,,,,,,,,,,,,,,0,,50,38,65,,,,,,,,,,,,,,,,,,,,,,,,,,,,,0,0,,,,,,,,,,,,,,,,,,,,,,,,,,,,,,,,,,7.2,-2.1,,,,310,300,,,,,,,,8.9,13.4,,,,,,,,,,,,,,,,,,,,,,,,,,,,,,,,,
USW00094728,1/5/2024,,,,,-10,1024,1019,-3.3,,3.2,,,,,,,,,,,,,,,,,,,,,,,0,,48,39,55,,,,,,,,,,,,,,,,,,,,,,,,,,,,,0,0,,,,,,,,,,,,,,,,,,,,,,,,,,,,,,,,,,2.8,-3.2,,,,300,290,,,,,,,,7.2,10.7,,,,,,,,,,,,,,,,,,,,,,,,,,,,,,,,,
USW00094728,1/6/2024,,,,,-3.9,1016.9,1013.5,-0.6,,3.1,,,,,,,,,,,,,,,,,,,,,,,10.4,,69,54,89,,,,,,,,,,,,,,,,,,,,,,,,,,,,,5,0,,,,,,,,,,,,,,,,,,,,,,,,,,,,,,,,,,3.3,-0.5,,,,70,60,,,,,,,,10.3,15.7,,,,1,,,,,,,1,,,,,,,,,,,,,,,,,,,,,,
USW00094728,1/7/2024,,,,,-0.6,1005.4,1000.3,1.7,,3.4,,,,,,,,,,,,,,,,,,,,,,,6.1,,82,64,93,,,,,,,,,,,,,,,,,,,,,,,,,,,,,0,0,,,,,,,,,,,,,,,,,,,,,,,,,,,,,,,,,,3.3,1.1,,,,50,70,,,,,,,,6.7,10.7,,,,1,,,,,,,,,,,,,,,,,,,,,,,,,,,,,
USW00094728,1/8/2024,,,,,-5,1026.1,1019.6,1.1,,2.3,,,,,,,,,,,,,,,,,,,,,,,0,,52,41,65,,,,,,,,,,,,,,,,,,,,,,,,,,,,,0,0,,,,,,,,,,,,,,,,,,,,,,,,,,,,,,,,,,7.2,2.2,,,,300,20,,,,,,,,8.1,13.4,,,,,,,,,,,1,,,,,,,,,,,,,,,,,,,,,,
USW00094728,1/9/2024,,,,,2.8,1015.9,1015.2,5.6,,2.9,,,,,,,,,,,,,,,,,,,,,,,43.9,,76,57,93,,,,,,,,,,,,,,,,,,,,,,,,,,,,,0,0,,,,,,,,,,,,,,,,,,,,,,,,,,,,,,,,,,13.9,2.2,,,,150,130,,,,,,,,10.3,19.2,,,,1,,,,,,,,,,,,,,,,,,,,,,,,,,,,,
USW00094728,1/10/2024,,,,,1.7,992.9,985.4,6.1,,3.8,,,,,,,,,,,,,,,,,,,,,,,5.6,,57,41,93,,,,,,,,,,,,,,,,,,,,,,,,,,,,,0,0,,,,,,,,,,,,,,,,,,,,,,,,,,,,,,,,,,13.9,6.7,,,,240,230,,,,,,,,9.8,16.1,,,,1,,,,,,,,,,,,,,,,,,,,,,,,,,,,,
USW00094728,1/11/2024,,,,,-3.3,1010.5,1004.1,2.8,,3.1,,,,,,,,,,,,,,,,,,,,,,,0,,49,44,54,,,,,,,,,,,,,,,,,,,,,,,,,,,,,0,0,,,,,,,,,,,,,,,,,,,,,,,,,,,,,,,,,,8.3,5,,,,240,240,,,,,,,,6.7,10.3,,,,,,,,,,,,,,,,,,,,,,,,,,,,,,,,,
USW00094728,1/12/2024,,,,,-0.6,1017.6,1011.5,3.9,,3.1,,,,,,,,,,,,,,,,,,,,,,,2,,59,39,86,,,,,,,,,,,,,,,,,,,,,,,,,,,,,0,0,,,,,,,,,,,,,,,,,,,,,,,,,,,,,,,,,,10,4.4,,,,80,20,,,,,,,,7.2,14.3,,,,1,,,,,,,,,,,,,,,,,,,,,,,,,,,,,
USW00094728,1/13/2024,,,,,2.2,995.3,990.2,6.7,,4.3,,,,,,,,,,,,,,,,,,,,,,,20.6,,64,37,93,,,,,,,,,,,,,,,,,,,,,,,,,,,,,0,0,,,,,,,,,,,,,,,,,,,,,,,,,,,,,,,,,,15.6,1.7,,,,270,280,,,,,,,,9.4,17.4,,,,1,,,,,,,,,,,,,,,,,,,,,,,,,,,,,
USW00094728,1/14/2024,,,,,-11.1,1012.5,1007.5,-2.2,,3.7,,,,,,,,,,,,,,,,,,,,,,,0,,41,21,56,,,,,,,,,,,,,,,,,,,,,,,,,,,,,0,0,,,,,,,,,,,,,,,,,,,,,,,,,,,,,,,,,,6.7,-3.2,,,,270,280,,,,,,,,11.2,16.5,,,,,,,,,,,,,,,,,,,,,,,,,,,,,,,,,
USW00094728,1/15/2024,,,,,-14.4,1023,1017.6,-6.1,,2.3,,,,,,,,,,,,,,,,,,,,,,,1,,44,28,85,,,,,,,,,,,,,,,,,,,,,,,,,,,,,10,0,,,,,,,,,,,,,,,,,,,,,,,,,,,,,,,,,,-1.6,-4.9,,,,280,30,,,,,,,,5.8,10.7,,,,1,,,,,,,,,,,,,,,,,,,,,,,,,,,,,
USW00094728,1/16/2024,,,,,-6.1,1011.2,1006.4,-3.3,,4.1,,,,,,,,,,,,,,,,,,,,,,,7.1,,78,55,89,,,,,,,,,,,,,,,,,,,,,,,,,,,,,33,30,,,,,,,,,,,,,,,,,,,,,,,,,,,,,,,,,,0,-5.5,,,,40,30,,,,,,,,9.4,16.1,,,,1,,,,,1,,1,,,,,,,,,,,,,,,,,,,,,,
USW00094728,1/17/2024,,,,,-16.1,1015.2,1010.2,-8.3,,3.7,,,,,,,,,,,,,,,,,,,,,,,0,,46,30,62,,,,,,,,,,,,,,,,,,,,,,,,,,,,,0,30,,,,,,,,,,,,,,,,,,,,,,,,,,,,,,,,,,-4.3,-8.2,,,,240,10,,,,,,,,8.1,12.5,,,,,,,,,,,,,,,,,,,,,,,,,,,,,,,,,
USW00094728,1/18/2024,,,,,-13.3,1019.6,1014.9,-5,,2.7,,,,,,,,,,,,,,,,,,,,,,,0,,43,35,58,,,,,,,,,,,,,,,,,,,,,,,,,,,,,0,30,,,,,,,,,,,,,,,,,,,,,,,,,,,,,,,,,,1.1,-5.5,,,,230,240,,,,,,,,7.2,11.6,,,,,,,,,,,1,,,,,,,,,,,,,,,,,,,,,,
USW00094728,1/19/2024,,,,,-7.8,1010.5,1004.1,-3.3,,3.3,,,,,,,,,,,,,,,,,,,,,,,1,,64,41,78,,,,,,,,,,,,,,,,,,,,,,,,,,,,,10,30,,,,,,,,,,,,,,,,,,,,,,,,,,,,,,,,,,0,-3.2,,,,40,30,,,,,,,,9.8,16.5,,,,,,,,,,,1,,,,,,,,,,,,,,,,,,,,,,
USW00094728,1/20/2024,,,,,-15,1014.9,1009.8,-8.3,,4.8,,,,,,,,,,,,,,,,,,,,,,,0,,50,42,59,,,,,,,,,,,,,,,,,,,,,,,,,,,,,0,30,,,,,,,,,,,,,,,,,,,,,,,,,,,,,,,,,,-3.2,-7.7,,,,340,10,,,,,,,,9.4,16.1,,,,,,,,,,,,,,,,,,,,,,,,,,,,,,,,,
USW00094728,1/21/2024,,,,,-13.9,1026.8,1020,-6.7,,4.1,,,,,,,,,,,,,,,,,,,,,,,0,,45,38,59,,,,,,,,,,,,,,,,,,,,,,,,,,,,,0,30,,,,,,,,,,,,,,,,,,,,,,,,,,,,,,,,,,-0.5,-6.6,,,,310,360,,,,,,,,9.4,15.7,,,,,,,,,,,,,,,,,,,,,,,,,,,,,,,,,
USW00094728,1/22/2024,,,,,-10.6,1032.8,1027.8,-3.9,,3.2,,,,,,,,,,,,,,,,,,,,,,,0,,47,33,60,,,,,,,,,,,,,,,,,,,,,,,,,,,,,0,30,,,,,,,,,,,,,,,,,,,,,,,,,,,,,,,,,,3.3,-3.8,,,,230,20,,,,,,,,6.7,9.8,,,,,,,,,,,,,,,,,,,,,,,,,,,,,,,,,
USW00094728,1/23/2024,,,,,-4.4,1032.2,1027.1,0.6,,2.2,,,,,,,,,,,,,,,,,,,,,,,1.3,,61,39,76,,,,,,,,,,,,,,,,,,,,,,,,,,,,,0,30,,,,,,,,,,,,,,,,,,,,,,,,,,,,,,,,,,4.4,1.1,,,,340,30,,,,,,,,7.2,12.5,,,,,,,,,,,1,,,,,,,,,,,,,,,,,,,,,,
USW00094728,1/24/2024,,,,,3.3,1030.1,1024.7,5,,,,,,,,,,,,,,,,,,,,,,,,,1.3,,84,67,90,,,,,,,,,,,,,,,,,,,,,,,,,,,,,0,0,,,,,,,,,,,,,,,,,,,,,,,,,,,,,,,,,,8.9,3.3,,,,90,30,,,,,,,,5.4,16.5,,,,1,,,,,,,1,,,,,,,,,,,,,,,,,,,,,,
USW00094728,1/25/2024,,,,,9.4,1020.7,1015.6,10.6,,1.9,,,,,,,,,,,,,,,,,,,,,,,6.1,,85,77,93,,,,,,,,,,,,,,,,,,,,,,,,,,,,,0,0,,,,,,,,,,,,,,,,,,,,,,,,,,,,,,,,,,15,7.8,,,,90,30,,,,,,,,5.8,10.3,,,,1,,,,,,,1,,,,,,,,,,,,,,,,,,,,,,
USW00094728,1/26/2024,,,,,4.4,1017.9,1013.2,5.6,,2.5,,,,,,,,,,,,,,,,,,,,,,,4.8,,88,85,93,,,,,,,,,,,,,,,,,,,,,,,,,,,,,0,0,,,,,,,,,,,,,,,,,,,,,,,,,,,,,,,,,,7.8,5.6,,,,50,40,,,,,,,,5.8,13.4,,,,1,,,,,,,,,,,,,,,,,,,,,,,,,,,,,
USW00094728,1/27/2024,,,,,3.3,1022,1016.9,5.6,,,,,,,,,,,,,,,,,,,,,,,,,0,,75,63,93,,,,,,,,,,,,,,,,,,,,,,,,,,,,,0,0,,,,,,,,,,,,,,,,,,,,,,,,,,,,,,,,,,9.4,6.1,,,,10,30,,,,,,,,4.9,16.5,,,,1,,,,,,,,,,,,,,,,,,,,,,,,,,,,,
USW00094728,1/28/2024,,,,,2.2,1009.5,1005.4,3.3,,4.2,,,,,,,,,,,,,,,,,,,,,,,20.8,,88,76,89,,,,,,,,,,,,,,,,,,,,,,,,,,,,,0,0,,,,,,,,,,,,,,,,,,,,,,,,,,,,,,,,,,6.7,2.8,,,,60,50,,,,,,,,11.6,19.7,,,,1,,,,,,,,,,,,,,,,,,,,,,,,,,,,,
USW00094728,1/29/2024,,,,,-1.1,1010.8,1004.7,1.7,,3.4,,,,,,,,,,,,,,,,,,,,,,,1.3,,73,65,89,,,,,,,,,,,,,,,,,,,,,,,,,,,,,0,0,,,,,,,,,,,,,,,,,,,,,,,,,,,,,,,,,,4.4,2.2,,,,30,40,,,,,,,,7.6,15.7,,,,1,,,,,,,,,,,,,,,,,,,,,,,,,,,,,
USW00094728,1/30/2024,,,,,-3.9,1022,1016.6,0,,2.1,,,,,,,,,,,,,,,,,,,,,,,0,,66,57,85,,,,,,,,,,,,,,,,,,,,,,,,,,,,,0,0,,,,,,,,,,,,,,,,,,,,,,,,,,,,,,,,,,3.3,1.7,,,,70,70,,,,,,,,6.3,11.6,,,,1,,,,,,,1,,,,,,,,,,,,,,,,,,,,,,
USW00094728,1/31/2024,,,,,-1.7,1019.6,1014.9,1.1,,1.6,,,,,,,,,,,,,,,,,,,,,,,0,,71,65,85,,,,,,,,,,,,,,,,,,,,,,,,,,,,,0,0,,,,,,,,,,,,,,,,,,,,,,,,,,,,,,,,,,4.4,1.1,,,,80,80,,,,,,,,4.5,8.9,,,,1,,,,,,,1,,,,,,,,,,,,,,,,,,,,,,
USW00094728,2/1/2024,,,,,0,1014.9,1010.2,3.3,,1.7,,,,,,,,,,,,,,,,,,,,,,,0,,66,58,79,,,,,,,,,,,,,,,,,,,,,,,,,,,,,0,0,,,,,,,,,,,,,,,,,,,,,,,,,,,,,,,,,,7.8,2.8,,,,250,220,,,,,,,,5.4,8.5,,,,,,,,,,,1,,,,,,,,,,,,,,,,,,,,,,
USW00094728,2/2/2024,,,,,1.1,1012.2,1006.4,3.9,,2.6,,,,,,,,,,,,,,,,,,,,,,,8.1,,76,57,89,,,,,,,,,,,,,,,,,,,,,,,,,,,,,0,0,,,,,,,,,,,,,,,,,,,,,,,,,,,,,,,,,,7.8,3.3,,,,360,360,,,,,,,,5.8,11.2,,,,1,,,,,,,1,,,,,,,,,,,,,,,,,,,,,,
USW00094728,2/3/2024,,,,,-6.1,1016.9,1012.2,-0.6,,3.7,,,,,,,,,,,,,,,,,,,,,,,0,,51,37,66,,,,,,,,,,,,,,,,,,,,,,,,,,,,,0,0,,,,,,,,,,,,,,,,,,,,,,,,,,,,,,,,,,6.1,0,,,,10,10,,,,,,,,6.7,10.7,,,,,,,,,,,,,,,,,,,,,,,,,,,,,,,,,
USW00094728,2/4/2024,,,,,-7.2,1015.2,1010.2,-0.6,,2.3,,,,,,,,,,,,,,,,,,,,,,,0,,47,31,61,,,,,,,,,,,,,,,,,,,,,,,,,,,,,0,0,,,,,,,,,,,,,,,,,,,,,,,,,,,,,,,,,,7.8,-0.5,,,,20,20,,,,,,,,6.3,9.4,,,,,,,,,,,,,,,,,,,,,,,,,,,,,,,,,
USW00094728,2/5/2024,,,,,-10,1014.2,1009.1,-1.7,,3.3,,,,,,,,,,,,,,,,,,,,,,,0,,39,27,54,,,,,,,,,,,,,,,,,,,,,,,,,,,,,0,0,,,,,,,,,,,,,,,,,,,,,,,,,,,,,,,,,,7.2,0,,,,40,40,,,,,,,,7.6,15.7,,,,,,,,,,,,,,,,,,,,,,,,,,,,,,,,,
USW00094728,2/6/2024,,,,,-9.4,1021.7,1016.6,-2.2,,3,,,,,,,,,,,,,,,,,,,,,,,0,,44,33,54,,,,,,,,,,,,,,,,,,,,,,,,,,,,,0,0,,,,,,,,,,,,,,,,,,,,,,,,,,,,,,,,,,5.6,-1.6,,,,40,30,,,,,,,,6.7,10.3,,,,,,,,,,,,,,,,,,,,,,,,,,,,,,,,,
USW00094728,2/7/2024,,,,,-6.1,1025.4,1020.3,0.6,,1.9,,,,,,,,,,,,,,,,,,,,,,,0,,46,35,59,,,,,,,,,,,,,,,,,,,,,,,,,,,,,0,0,,,,,,,,,,,,,,,,,,,,,,,,,,,,,,,,,,8.9,0.6,,,,60,50,,,,,,,,4,6.3,,,,,,,,,,,,,,,,,,,,,,,,,,,,,,,,,
USW00094728,2/8/2024,,,,,-3.9,1025.1,1020.3,2.8,,1.4,,,,,,,,,,,,,,,,,,,,,,,0,,47,29,68,,,,,,,,,,,,,,,,,,,,,,,,,,,,,0,0,,,,,,,,,,,,,,,,,,,,,,,,,,,,,,,,,,11.7,2.8,,,,180,170,,,,,,,,4,6.7,,,,,,,,,,,,,,,,,,,,,,,,,,,,,,,,,
USW00094728,2/9/2024,,,,,2.2,1018.6,1013.5,5.6,,1.9,,,,,,,,,,,,,,,,,,,,,,,0,,65,49,83,,,,,,,,,,,,,,,,,,,,,,,,,,,,,0,0,,,,,,,,,,,,,,,,,,,,,,,,,,,,,,,,,,12.8,6.1,,,,140,170,,,,,,,,4.5,9.8,,,,,,,,,,,,,,,,,,,,,,,,,,,,,,,,,
USW00094728,2/10/2024,,,,,4.4,1010.5,1005.8,8.3,,1.4,,,,,,,,,,,,,,,,,,,,,,,0,,60,53,69,,,,,,,,,,,,,,,,,,,,,,,,,,,,,0,0,,,,,,,,,,,,,,,,,,,,,,,,,,,,,,,,,,15.6,8.3,,,,220,220,,,,,,,,4.5,7.6,,,,,,,,,,,,,,,,,,,,,,,,,,,,,,,,,
USW00094728,2/11/2024,,,,,0,1012.5,1007.8,5,,2.6,,,,,,,,,,,,,,,,,,,,,,,0,,55,46,72,,,,,,,,,,,,,,,,,,,,,,,,,,,,,0,0,,,,,,,,,,,,,,,,,,,,,,,,,,,,,,,,,,13.3,6.1,,,,310,290,,,,,,,,5.8,9.8,,,,,,,,,,,,,,,,,,,,,,,,,,,,,,,,,
USW00094728,2/12/2024,,,,,-2.2,1011.5,1006.8,2.2,,1.9,,,,,,,,,,,,,,,,,,,,,,,0,,58,48,68,,,,,,,,,,,,,,,,,,,,,,,,,,,,,0,0,,,,,,,,,,,,,,,,,,,,,,,,,,,,,,,,,,8.9,2.8,,,,60,60,,,,,,,,6.3,9.4,,,,,,,,,,,,,,,,,,,,,,,,,,,,,,,,,
USW00094728,2/13/2024,,,,,-2.2,1003,997.3,0.6,,3.8,,,,,,,,,,,,,,,,,,,,,,,19.6,,73,50,92,,,,,,,,,,,,,,,,,,,,,,,,,,,,,81,30,,,,,,,,,,,,,,,,,,,,,,,,,,,,,,,,,,5,0.6,,,,70,40,,,,,,,,7.6,12.1,,,,1,1,,,,,,,,,,,,,,,,,,,,,,,,,,,,
USW00094728,2/14/2024,,,,,-11.7,1016.3,1010.8,-3.3,,5.1,,,,,,,,,,,,,,,,,,,,,,,0,,41,31,59,,,,,,,,,,,,,,,,,,,,,,,,,,,,,0,50,,,,,,,,,,,,,,,,,,,,,,,,,,,,,,,,,,3.3,-1.6,,,,300,300,,,,,,,,9.8,16.5,,,,,,,,,,,,,,,,,,,,,,,,,,,,,,,,,
USW00094728,2/15/2024,,,,,-8.9,1017.3,1012.2,-2.2,,2.7,,,,,,,,,,,,,,,,,,,,,,,0,,50,31,65,,,,,,,,,,,,,,,,,,,,,,,,,,,,,0,0,,,,,,,,,,,,,,,,,,,,,,,,,,,,,,,,,,3.9,-2.7,,,,310,320,,,,,,,,5.8,11.2,,,,,,,,,,,,,,,,,,,,,,,,,,,,,,,,,
USW00094728,2/16/2024,,,,,-10,1010.8,1006.1,-0.6,,3.7,,,,,,,,,,,,,,,,,,,,,,,0,,38,25,65,,,,,,,,,,,,,,,,,,,,,,,,,,,,,0,0,,,,,,,,,,,,,,,,,,,,,,,,,,,,,,,,,,6.1,2.2,,,,310,320,,,,,,,,8.9,15.2,,,,,,,,,,,,,,,,,,,,,,,,,,,,,,,,,
USW00094728,2/17/2024,,,,,-6.1,1009.1,1004.1,-2.2,,3.4,,,,,,,,,,,,,,,,,,,,,,,4.6,,66,35,89,,,,,,,,,,,,,,,,,,,,,,,,,,,,,51,50,,,,,,,,,,,,,,,,,,,,,,,,,,,,,,,,,,2.2,-2.7,,,,310,310,,,,,,,,6.7,13,,,,1,,,,,,,1,,,,,,,,,,,,,,,,,,,,,,
USW00094728,2/18/2024,,,,,-10.6,1011.2,1006.4,-2.8,,3.2,,,,,,,,,,,,,,,,,,,,,,,0,,43,32,63,,,,,,,,,,,,,,,,,,,,,,,,,,,,,0,0,,,,,,,,,,,,,,,,,,,,,,,,,,,,,,,,,,4.4,-3.2,,,,240,270,,,,,,,,8.1,14.8,,,,,,,,,,,,,,,,,,,,,,,,,,,,,,,,,
USW00094728,2/19/2024,,,,,-11.7,1021,1014.6,-2.2,,2.2,,,,,,,,,,,,,,,,,,,,,,,0,,36,24,49,,,,,,,,,,,,,,,,,,,,,,,,,,,,,0,0,,,,,,,,,,,,,,,,,,,,,,,,,,,,,,,,,,5,-0.5,,,,300,300,,,,,,,,6.7,10.7,,,,,,,,,,,,,,,,,,,,,,,,,,,,,,,,,
USW00094728,2/20/2024,,,,,-12.8,1031.5,1025.7,-3.3,,2.4,,,,,,,,,,,,,,,,,,,,,,,0,,38,28,50,,,,,,,,,,,,,,,,,,,,,,,,,,,,,0,0,,,,,,,,,,,,,,,,,,,,,,,,,,,,,,,,,,4.4,-3.2,,,,40,20,,,,,,,,6.7,10.3,,,,,,,,,,,,,,,,,,,,,,,,,,,,,,,,,
USW00094728,2/21/2024,,,,,-5.6,1029.8,1025.1,-0.6,,2.1,,,,,,,,,,,,,,,,,,,,,,,0,,59,45,66,,,,,,,,,,,,,,,,,,,,,,,,,,,,,0,0,,,,,,,,,,,,,,,,,,,,,,,,,,,,,,,,,,6.1,-1,,,,130,120,,,,,,,,5.4,8.1,,,,,,,,,,,,,,,,,,,,,,,,,,,,,,,,,
USW00094728,2/22/2024,,,,,-1.1,1014.6,1011.9,2.2,,1.7,,,,,,,,,,,,,,,,,,,,,,,1,,68,54,85,,,,,,,,,,,,,,,,,,,,,,,,,,,,,0,0,,,,,,,,,,,,,,,,,,,,,,,,,,,,,,,,,,7.2,1.7,,,,130,180,,,,,,,,5.8,8.9,,,,1,,,,,,,,,,,,,,,,,,,,,,,,,,,,,
USW00094728,2/23/2024,,,,,3.9,999,994.9,5.6,,1.3,,,,,,,,,,,,,,,,,,,,,,,1,,79,69,89,,,,,,,,,,,,,,,,,,,,,,,,,,,,,0,0,,,,,,,,,,,,,,,,,,,,,,,,,,,,,,,,,,8.3,5.6,,,,300,290,,,,,,,,4,6.7,,,,1,,,,,,,1,,,,,,,,,,,,,,,,,,,,,,
USW00094728,2/24/2024,,,,,-8.3,1006.1,999,0,,2.9,,,,,,,,,,,,,,,,,,,,,,,0,,43,21,76,,,,,,,,,,,,,,,,,,,,,,,,,,,,,0,0,,,,,,,,,,,,,,,,,,,,,,,,,,,,,,,,,,6.7,-2.1,,,,300,300,,,,,,,,7.2,10.3,,,,,,,,,,,,,,,,,,,,,,,,,,,,,,,,,
USW00094728,2/25/2024,,,,,-12.2,1019.3,1014.2,-3.9,,1.9,,,,,,,,,,,,,,,,,,,,,,,0,,41,27,62,,,,,,,,,,,,,,,,,,,,,,,,,,,,,0,0,,,,,,,,,,,,,,,,,,,,,,,,,,,,,,,,,,5,-4.9,,,,220,190,,,,,,,,5.8,9.4,,,,,,,,,,,,,,,,,,,,,,,,,,,,,,,,,
USW00094728,2/26/2024,,,,,-1.1,1016.9,1011.9,3.3,,2,,,,,,,,,,,,,,,,,,,,,,,0.3,,58,42,66,,,,,,,,,,,,,,,,,,,,,,,,,,,,,0,0,,,,,,,,,,,,,,,,,,,,,,,,,,,,,,,,,,12.8,1.7,,,,220,210,,,,,,,,5.8,10.3,,,,,,,,,,,,,,,,,,,,,,,,,,,,,,,,,
USW00094728,2/27/2024,,,,,5,1014.6,1010.8,7.2,,2.2,,,,,,,,,,,,,,,,,,,,,,,13.2,,78,59,89,,,,,,,,,,,,,,,,,,,,,,,,,,,,,0,0,,,,,,,,,,,,,,,,,,,,,,,,,,,,,,,,,,12.8,4.4,,,,140,200,,,,,,,,5.4,8.9,,,,1,,,,,,,1,,,,,,,,,,,,,,,,,,,,,,
USW00094728,2/28/2024,,,,,9.4,1004.7,1000.3,11.1,,3.4,,,,,,,,,,,,,,,,,,,,,,,4.3,,83,54,89,,,,,,,,,,,,,,,,,,,,,,,,,,,,,0,0,,,,,,,,,,,,,,,,,,,,,,,,,,,,,,,,,,16.7,6.7,,,,280,290,,,,,,,,12.5,21.9,,,,1,,,,,,,1,,,,,,,,,,,,,,,,,,,,,,
USW00094728,2/29/2024,,,,,-5.6,1023.7,1016.3,0,,4.5,,,,,,,,,,,,,,,,,,,,,,,0,,59,27,100,,,,,,,,,,,,,,,,,,,,,,,,,,,,,0,0,,,,,,,,,,,,,,,,,,,,,,,,,,,,,,,,,,6.1,-0.5,,,,310,320,,,,,,,,10.7,19.2,,,,,,,,,,,,,,,,,,,,,,,,,,,,,,,,,
USW00094728,3/1/2024,,,,,-7.2,1035.2,1029.5,0,,1.9,,,,,,,,,,,,,,,,,,,,,,,0,,48,29,73,,,,,,,,,,,,,,,,,,,,,,,,,,,,,0,0,,,,,,,,,,,,,,,,,,,,,,,,,,,,,,,,,,8.9,-1,,,,140,130,,,,,,,,6.3,10.3,,,,,,,,,,,,,,,,,,,,,,,,,,,,,,,,,
USW00094728,3/2/2024,,,,,5,1024.7,1021.3,7.2,,2,,,,,,,,,,,,,,,,,,,,,,,32.3,,81,48,96,,,,,,,,,,,,,,,,,,,,,,,,,,,,,0,0,,,,,,,,,,,,,,,,,,,,,,,,,,,,,,,,,,12.8,5.6,,,,130,100,,,,,,,,5.4,11.2,,,,1,,,,,,,1,,,,,,,,,,,,,,,,,,,,,,
USW00094728,3/3/2024,,,,,4.4,1021.3,1015.6,9.4,,1.9,,,,,,,,,,,,,,,,,,,,,,,0,,54,43,75,,,,,,,,,,,,,,,,,,,,,,,,,,,,,0,0,,,,,,,,,,,,,,,,,,,,,,,,,,,,,,,,,,20,8.9,,,,60,290,,,,,,,,5.4,8.1,,,,1,,,,,,,1,,,,,,,,,,,,,,,,,,,,,,
USW00094728,3/4/2024,,,,,6.1,1027.8,1022.4,8.9,,2.6,,,,,,,,,,,,,,,,,,,,,,,0,,71,60,83,,,,,,,,,,,,,,,,,,,,,,,,,,,,,0,0,,,,,,,,,,,,,,,,,,,,,,,,,,,,,,,,,,15,7.8,,,,100,90,,,,,,,,5.8,9.8,,,,,,,,,,,1,,,,,,,,,,,,,,,,,,,,,,
USW00094728,3/5/2024,,,,,5,1020.3,1016.3,6.1,,4.1,,,,,,,,,,,,,,,,,,,,,,,10.9,,88,80,93,,,,,,,,,,,,,,,,,,,,,,,,,,,,,0,0,,,,,,,,,,,,,,,,,,,,,,,,,,,,,,,,,,9.4,5.6,,,,60,70,,,,,,,,10.3,16.5,,,,1,,,,,,,1,,,,,,,,,,,,,,,,,,,,,,
USW00094728,3/6/2024,,,,,7.2,1014.6,1009.5,8.3,,2.1,,,,,,,,,,,,,,,,,,,,,,,30.5,,87,77,93,,,,,,,,,,,,,,,,,,,,,,,,,,,,,0,0,,,,,,,,,,,,,,,,,,,,,,,,,,,,,,,,,,11.7,8.3,,,,60,60,,,,,,,,9.4,13.4,,,,1,,,,,,,1,,,,,,,,,,,,,,,,,,,,,,
USW00094728,3/7/2024,,,,,5.6,1012.5,1005.8,7.8,,3.5,,,,,,,,,,,,,,,,,,,,,,,2.8,,72,61,92,,,,,,,,,,,,,,,,,,,,,,,,,,,,,0,0,,,,,,,,,,,,,,,,,,,,,,,,,,,,,,,,,,12.2,6.7,,,,20,40,,,,,,,,8.9,13.9,,,,1,,,,,,,,,,,,,,,,,,,,,,,,,,,,,
USW00094728,3/8/2024,,,,,-2.2,1025.1,1020,3.9,,2.3,,,,,,,,,,,,,,,,,,,,,,,0,,51,21,71,,,,,,,,,,,,,,,,,,,,,,,,,,,,,0,0,,,,,,,,,,,,,,,,,,,,,,,,,,,,,,,,,,13.9,4.4,,,,60,40,,,,,,,,6.7,10.7,,,,,,,,,,,,,,,,,,,,,,,,,,,,,,,,,
USW00094728,3/9/2024,,,,,3.3,1015.9,1007.8,5,,3.3,,,,,,,,,,,,,,,,,,,,,,,38.9,,79,68,90,,,,,,,,,,,,,,,,,,,,,,,,,,,,,0,0,,,,,,,,,,,,,,,,,,,,,,,,,,,,,,,,,,9.4,5,,,,90,100,,,,,,,,8.9,14.3,,,,1,,,,,,,1,,,,,,,,,,,,,,,,,,,,,,
USW00094728,3/10/2024,,,,,0,996.6,991.5,3.9,,4.3,,,,,,,,,,,,,,,,,,,,,,,0.8,,64,46,89,,,,,,,,,,,,,,,,,,,,,,,,,,,,,0,0,,,,,,,,,,,,,,,,,,,,,,,,,,,,,,,,,,10.6,2.8,,,,280,270,,,,,,,,9.8,17,,,,1,,,,,,,,,,,,,,,,,,,,,,,,,,,,,
USW00094728,3/11/2024,,,,,-9.4,1004.7,1000,1.1,,5.7,,,,,,,,,,,,,,,,,,,,,,,0,,33,15,64,,,,,,,,,,,,,,,,,,,,,,,,,,,,,0,0,,,,,,,,,,,,,,,,,,,,,,,,,,,,,,,,,,11.1,1.7,,,,310,290,,,,,,,,11.6,23.7,,,,,,,,,,,1,,,,,,,,,,,,,,,,,,,,,,
USW00094728,3/12/2024,,,,,-4.4,1009.5,1004.7,5.6,,2.7,,,,,,,,,,,,,,,,,,,,,,,0,,30,21,39,,,,,,,,,,,,,,,,,,,,,,,,,,,,,0,0,,,,,,,,,,,,,,,,,,,,,,,,,,,,,,,,,,18.9,6.1,,,,280,270,,,,,,,,6.7,12.1,,,,,,,,,,,,,,,,,,,,,,,,,,,,,,,,,
USW00094728,3/13/2024,,,,,0,1012.9,1007.5,6.7,,1.6,,,,,,,,,,,,,,,,,,,,,,,0,,45,26,74,,,,,,,,,,,,,,,,,,,,,,,,,,,,,0,0,,,,,,,,,,,,,,,,,,,,,,,,,,,,,,,,,,16.7,8.9,,,,140,140,,,,,,,,5.4,8.9,,,,,,,,,,,,,,,,,,,,,,,,,,,,,,,,,
USW00094728,3/14/2024,,,,,3.9,1015.2,1010.5,8.9,,1.1,,,,,,,,,,,,,,,,,,,,,,,0,,53,26,79,,,,,,,,,,,,,,,,,,,,,,,,,,,,,0,0,,,,,,,,,,,,,,,,,,,,,,,,,,,,,,,,,,23.3,7.8,,,,140,130,,,,,,,,5.4,8.9,,,,,,,,,,,,,,,,,,,,,,,,,,,,,,,,,
USW00094728,3/15/2024,,,,,5.6,1006.8,1002,11.1,,3,,,,,,,,,,,,,,,,,,,,,,,0,,50,35,66,,,,,,,,,,,,,,,,,,,,,,,,,,,,,0,0,,,,,,,,,,,,,,,,,,,,,,,,,,,,,,,,,,22.8,10.6,,,,300,290,,,,,,,,8.1,12.5,,,,,,,,,,,,,,,,,,,,,,,,,,,,,,,,,
USW00094728,3/16/2024,,,,,1.7,1008.8,1004.1,7.2,,2,,,,,,,,,,,,,,,,,,,,,,,0,,51,33,66,,,,,,,,,,,,,,,,,,,,,,,,,,,,,0,0,,,,,,,,,,,,,,,,,,,,,,,,,,,,,,,,,,16.1,8.3,,,,140,180,,,,,,,,5.8,10.3,,,,,,,,,,,,,,,,,,,,,,,,,,,,,,,,,
USW00094728,3/17/2024,,,,,-0.6,1002.4,997.6,7.2,,3,,,,,,,,,,,,,,,,,,,,,,,0,,42,22,72,,,,,,,,,,,,,,,,,,,,,,,,,,,,,0,0,,,,,,,,,,,,,,,,,,,,,,,,,,,,,,,,,,17.2,8.9,,,,280,280,,,,,,,,8.1,13.9,,,,,,,,,,,,,,,,,,,,,,,,,,,,,,,,,
USW00094728,3/18/2024,,,,,-7.2,1006.1,1001,1.7,,3.3,,,,,,,,,,,,,,,,,,,,,,,0,,37,28,46,,,,,,,,,,,,,,,,,,,,,,,,,,,,,0,0,,,,,,,,,,,,,,,,,,,,,,,,,,,,,,,,,,10.6,3.3,,,,310,320,,,,,,,,7.6,13,,,,,,,,,,,,,,,,,,,,,,,,,,,,,,,,,
USW00094728,3/19/2024,,,,,-7.2,1007.1,1002,0.6,,3.4,,,,,,,,,,,,,,,,,,,,,,,0,,44,25,70,,,,,,,,,,,,,,,,,,,,,,,,,,,,,0,0,,,,,,,,,,,,,,,,,,,,,,,,,,,,,,,,,,8.9,2.2,,,,240,250,,,,,,,,7.6,13.9,,,,,,,,,,,,,,,,,,,,,,,,,,,,,,,,,
USW00094728,3/20/2024,,,,,-3.3,1005.4,1000.3,2.8,,3,,,,,,,,,,,,,,,,,,,,,,,0.3,,48,31,73,,,,,,,,,,,,,,,,,,,,,,,,,,,,,0,0,,,,,,,,,,,,,,,,,,,,,,,,,,,,,,,,,,13.9,1.1,,,,310,320,,,,,,,,9.8,17.4,,,,,,,,,,,,,,,,,,,,,,,,,,,,,,,,,
USW00094728,3/21/2024,,,,,-13.9,1019.6,1014.6,-2.8,,4.1,,,,,,,,,,,,,,,,,,,,,,,0,,31,22,41,,,,,,,,,,,,,,,,,,,,,,,,,,,,,0,0,,,,,,,,,,,,,,,,,,,,,,,,,,,,,,,,,,6.1,-1,,,,280,280,,,,,,,,8.9,16.5,,,,,,,,,,,,,,,,,,,,,,,,,,,,,,,,,
USW00094728,3/22/2024,,,,,-9.4,1027.1,1022,-1.1,,2.2,,,,,,,,,,,,,,,,,,,,,,,0,,43,21,62,,,,,,,,,,,,,,,,,,,,,,,,,,,,,0,0,,,,,,,,,,,,,,,,,,,,,,,,,,,,,,,,,,7.8,-1.6,,,,300,280,,,,,,,,5.8,10.3,,,,,,,,,,,,,,,,,,,,,,,,,,,,,,,,,
USW00094728,3/23/2024,,,,,2.8,1011.2,1005.8,4.4,,3.2,,,,,,,,,,,,,,,,,,,,,,,93,,82,57,93,,,,,,,,,,,,,,,,,,,,,,,,,,,,,0,0,,,,,,,,,,,,,,,,,,,,,,,,,,,,,,,,,,10,1.7,,,,300,300,,,,,,,,8.1,15.7,,,,1,1,,,,,,1,,,,,,,,,,,,,,,,,,,,,,
USW00094728,3/24/2024,,,,,-9.4,1024.4,1019.3,-0.6,,3.5,,,,,,,,,,,,,,,,,,,,,,,0,,39,25,54,,,,,,,,,,,,,,,,,,,,,,,,,,,,,0,0,,,,,,,,,,,,,,,,,,,,,,,,,,,,,,,,,,8.9,-0.5,,,,20,50,,,,,,,,7.2,11.6,,,,,,,,,,,,,,,,,,,,,,,,,,,,,,,,,
USW00094728,3/25/2024,,,,,-6.1,1029.5,1024.7,1.7,,3.9,,,,,,,,,,,,,,,,,,,,,,,0,,41,30,57,,,,,,,,,,,,,,,,,,,,,,,,,,,,,0,0,,,,,,,,,,,,,,,,,,,,,,,,,,,,,,,,,,11.7,1.7,,,,60,40,,,,,,,,11.2,16.1,,,,,,,,,,,,,,,,,,,,,,,,,,,,,,,,,
USW00094728,3/26/2024,,,,,-0.6,1022.4,1017.6,4.4,,2.7,,,,,,,,,,,,,,,,,,,,,,,0,,58,38,77,,,,,,,,,,,,,,,,,,,,,,,,,,,,,0,0,,,,,,,,,,,,,,,,,,,,,,,,,,,,,,,,,,11.7,3.9,,,,40,60,,,,,,,,7.2,10.7,,,,,,,,,,,,,,,,,,,,,,,,,,,,,,,,,
USW00094728,3/27/2024,,,,,4.4,1019,1013.9,6.7,,1.2,,,,,,,,,,,,,,,,,,,,,,,1.5,,76,59,86,,,,,,,,,,,,,,,,,,,,,,,,,,,,,0,0,,,,,,,,,,,,,,,,,,,,,,,,,,,,,,,,,,11.1,5.6,,,,240,240,,,,,,,,5.4,7.2,,,,1,,,,,,,1,,,,,,,,,,,,,,,,,,,,,,
USW00094728,3/28/2024,,,,,6.1,1013.2,1009.1,7.8,,2.1,,,,,,,,,,,,,,,,,,,,,,,17.8,,84,53,93,,,,,,,,,,,,,,,,,,,,,,,,,,,,,0,0,,,,,,,,,,,,,,,,,,,,,,,,,,,,,,,,,,10.6,6.7,,,,30,290,,,,,,,,5.8,8.9,,,,1,,,,,,,,,,,,,,,,,,,,,,,,,,,,,
USW00094728,3/29/2024,,,,,-6.1,1007.1,1002.4,2.8,,5,,,,,,,,,,,,,,,,,,,,,,,0,,36,25,47,,,,,,,,,,,,,,,,,,,,,,,,,,,,,0,0,,,,,,,,,,,,,,,,,,,,,,,,,,,,,,,,,,13.3,5.6,,,,300,300,,,,,,,,10.3,17.9,,,,,,,,,,,,,,,,,,,,,,,,,,,,,,,,,
USW00094728,3/30/2024,,,,,-3.3,1007.8,1003,5,,3.8,,,,,,,,,,,,,,,,,,,,,,,1,,43,17,83,,,,,,,,,,,,,,,,,,,,,,,,,,,,,0,0,,,,,,,,,,,,,,,,,,,,,,,,,,,,,,,,,,16.7,5,,,,240,280,,,,,,,,8.1,14.3,,,,,,,,,,,,,,,,,,,,,,,,,,,,,,,,,
USW00094728,3/31/2024,,,,,0.6,1011.5,1006.8,7.2,,2,,,,,,,,,,,,,,,,,,,,,,,0.5,,44,31,80,,,,,,,,,,,,,,,,,,,,,,,,,,,,,0,0,,,,,,,,,,,,,,,,,,,,,,,,,,,,,,,,,,16.7,8.3,,,,300,300,,,,,,,,6.3,10.3,,,,,,,,,,,1,,,,,,,,,,,,,,,,,,,,,,
USW00094728,4/1/2024,,,,,2.2,1014.2,1009.5,6.7,,1.3,,,,,,,,,,,,,,,,,,,,,,,0.3,,55,43,69,,,,,,,,,,,,,,,,,,,,,,,,,,,,,0,0,,,,,,,,,,,,,,,,,,,,,,,,,,,,,,,,,,12.2,9.4,,,,90,100,,,,,,,,4.5,7.2,,,,,,,,,,,1,,,,,,,,,,,,,,,,,,,,,,
USW00094728,4/2/2024,,,,,5.6,1012.9,1007.8,7.2,,3.1,,,,,,,,,,,,,,,,,,,,,,,22.1,,84,71,90,,,,,,,,,,,,,,,,,,,,,,,,,,,,,0,0,,,,,,,,,,,,,,,,,,,,,,,,,,,,,,,,,,10.6,6.7,,,,50,60,,,,,,,,6.7,10.3,,,,1,,,,,,,,,,,,,,,,,,,,,,,,,,,,,
USW00094728,4/3/2024,,,,,3.9,1003,998.3,5,,6.3,,,,,,,,,,,,,,,,,,,,,,,39.4,,87,85,89,,,,,,,,,,,,,,,,,,,,,,,,,,,,,0,0,,,,,,,,,,,,,,,,,,,,,,,,,,,,,,,,,,7.2,5,,,,60,40,,,,,,,,14.8,26.4,,,,1,,,,,,,,,,,,,,,,,,,,,,,,,,,,,
USW00094728,4/4/2024,,,,,0,995.9,990.2,3.9,,3,,,,,,,,,,,,,,,,,,,,,,,5.3,,67,45,93,,,,,,,,,,,,,,,,,,,,,,,,,,,,,0,0,,,,,,,,,,,,,,,,,,,,,,,,,,,,,,,,,,11.7,2.8,,,,50,50,,,,,,,,11.6,20.1,,,,1,,,,,,,,,,,,,,,,,,,,,,,,,,,,,
USW00094728,4/5/2024,,,,,-2.8,1003.7,998.6,2.8,,3.6,,,,,,,,,,,,,,,,,,,,,,,0,,53,36,76,,,,,,,,,,,,,,,,,,,,,,,,,,,,,0,0,,,,,,,,,,,,,,,,,,,,,,,,,,,,,,,,,,10,3.3,,,,280,260,,,,,,,,7.2,13.4,,,,,,,,,,,1,,,,,,,,,,,,,,,,,,,,,,
USW00094728,4/6/2024,,,,,-2.2,1009.5,1004.7,3.9,,3.4,,,,,,,,,,,,,,,,,,,,,,,0,,48,34,65,,,,,,,,,,,,,,,,,,,,,,,,,,,,,0,0,,,,,,,,,,,,,,,,,,,,,,,,,,,,,,,,,,12.2,5.6,,,,20,10,,,,,,,,7.2,13,,,,,,,,,,,,,,,,,,,,,,,,,,,,,,,,,
USW00094728,4/7/2024,,,,,-1.7,1017.6,1011.9,5,,2.9,,,,,,,,,,,,,,,,,,,,,,,0,,46,29,63,,,,,,,,,,,,,,,,,,,,,,,,,,,,,0,0,,,,,,,,,,,,,,,,,,,,,,,,,,,,,,,,,,15.6,6.1,,,,50,40,,,,,,,,7.6,12.1,,,,,,,,,,,,,,,,,,,,,,,,,,,,,,,,,
USW00094728,4/8/2024,,,,,-2.2,1020,1015.2,6.7,,1,,,,,,,,,,,,,,,,,,,,,,,0,,37,16,61,,,,,,,,,,,,,,,,,,,,,,,,,,,,,0,0,,,,,,,,,,,,,,,,,,,,,,,,,,,,,,,,,,20.6,6.1,,,,220,290,,,,,,,,3.6,5.8,,,,,,,,,,,,,,,,,,,,,,,,,,,,,,,,,
USW00094728,4/9/2024,,,,,2.2,1016.6,1011.9,10.6,,1.3,,,,,,,,,,,,,,,,,,,,,,,0,,36,22,51,,,,,,,,,,,,,,,,,,,,,,,,,,,,,0,0,,,,,,,,,,,,,,,,,,,,,,,,,,,,,,,,,,26.7,12.8,,,,170,170,,,,,,,,5.4,8.5,,,,,,,,,,,,,,,,,,,,,,,,,,,,,,,,,
USW00094728,4/10/2024,,,,,7.2,1016.9,1012.2,10.6,,3,,,,,,,,,,,,,,,,,,,,,,,0,,65,54,80,,,,,,,,,,,,,,,,,,,,,,,,,,,,,0,0,,,,,,,,,,,,,,,,,,,,,,,,,,,,,,,,,,19.4,10.6,,,,50,60,,,,,,,,5.8,9.4,,,,,,,,,,,,,,,,,,,,,,,,,,,,,,,,,
USW00094728,4/11/2024,,,,,11.1,1012.2,1007.8,12.2,,2.8,,,,,,,,,,,,,,,,,,,,,,,6.1,,85,70,93,,,,,,,,,,,,,,,,,,,,,,,,,,,,,0,0,,,,,,,,,,,,,,,,,,,,,,,,,,,,,,,,,,16.1,10,,,,150,170,,,,,,,,6.7,13.4,,,,1,,,,,,,1,,,,,,,,,,,,,,,,,,,,,,
USW00094728,4/12/2024,,,,,9.4,997,991.5,12.2,,4,,,,,,,,,,,,,,,,,,,,,,,8.6,,71,43,93,,,,,,,,,,,,,,,,,,,,,,,,,,,,,0,0,,,,,,,,,,,,,,,,,,,,,,,,,,,,,,,,,,17.2,13.3,,,,230,230,,,,,,,,7.6,18.3,,,,1,,1,,,,,1,,,,,,,,,,,,,,,,,,,,,,
USW00094728,4/13/2024,,,,,1.1,1004.4,999.7,6.7,,5.2,,,,,,,,,,,,,,,,,,,,,,,0.3,,52,43,63,,,,,,,,,,,,,,,,,,,,,,,,,,,,,0,0,,,,,,,,,,,,,,,,,,,,,,,,,,,,,,,,,,13.3,8.3,,,,280,280,,,,,,,,10.7,19.7,,,,,,,,,,,,,,,,,,,,,,,,,,,,,,,,,
USW00094728,4/14/2024,,,,,3.3,1009.5,1004.7,9.4,,2.2,,,,,,,,,,,,,,,,,,,,,,,2.5,,45,26,80,,,,,,,,,,,,,,,,,,,,,,,,,,,,,0,0,,,,,,,,,,,,,,,,,,,,,,,,,,,,,,,,,,23.9,8.9,,,,230,220,,,,,,,,9.8,17.4,,,,,,,,,,,,,,,,,,,,,,,,,,,,,,,,,
USW00094728,4/15/2024,,,,,6.7,1009.8,1004.7,13.3,,2.4,,,,,,,,,,,,,,,,,,,,,,,0,,44,20,73,,,,,,,,,,,,,,,,,,,,,,,,,,,,,0,0,,,,,,,,,,,,,,,,,,,,,,,,,,,,,,,,,,27.8,14.4,,,,40,50,,,,,,,,7.6,13.4,,,,,,,,,,,,,,,,,,,,,,,,,,,,,,,,,
USW00094728,4/16/2024,,,,,-0.6,1019.6,1014.6,8.9,,1.9,,,,,,,,,,,,,,,,,,,,,,,0,,32,15,46,,,,,,,,,,,,,,,,,,,,,,,,,,,,,0,0,,,,,,,,,,,,,,,,,,,,,,,,,,,,,,,,,,22.8,12.2,,,,310,300,,,,,,,,6.3,9.8,,,,,,,,,,,,,,,,,,,,,,,,,,,,,,,,,
USW00094728,4/17/2024,,,,,5,1019.6,1015.2,8.9,,3.1,,,,,,,,,,,,,,,,,,,,,,,0.5,,62,44,83,,,,,,,,,,,,,,,,,,,,,,,,,,,,,0,0,,,,,,,,,,,,,,,,,,,,,,,,,,,,,,,,,,16.7,10,,,,70,50,,,,,,,,6.7,9.8,,,,,,,,,,,,,,,,,,,,,,,,,,,,,,,,,
USW00094728,4/18/2024,,,,,5,1019,1014.6,7.2,,4.8,,,,,,,,,,,,,,,,,,,,,,,0.3,,80,69,90,,,,,,,,,,,,,,,,,,,,,,,,,,,,,0,0,,,,,,,,,,,,,,,,,,,,,,,,,,,,,,,,,,10,7.2,,,,60,100,,,,,,,,9.8,15.7,,,,1,,,,,,,1,,,,,,,,,,,,,,,,,,,,,,
USW00094728,4/19/2024,,,,,5,1019.6,1014.6,7.8,,2.3,,,,,,,,,,,,,,,,,,,,,,,0,,68,48,80,,,,,,,,,,,,,,,,,,,,,,,,,,,,,0,0,,,,,,,,,,,,,,,,,,,,,,,,,,,,,,,,,,15.6,7.8,,,,60,50,,,,,,,,5.8,8.5,,,,,,,,,,,,,,,,,,,,,,,,,,,,,,,,,
USW00094728,4/20/2024,,,,,3.9,1013.5,1009.1,9.4,,1.9,,,,,,,,,,,,,,,,,,,,,,,1.3,,56,22,89,,,,,,,,,,,,,,,,,,,,,,,,,,,,,0,0,,,,,,,,,,,,,,,,,,,,,,,,,,,,,,,,,,21.7,8.3,,,,300,350,,,,,,,,7.2,12.5,,,,1,,,,,,,1,,,,,,,,,,,,,,,,,,,,,,
USW00094728,4/21/2024,,,,,-4.4,1015.6,1010.8,3.3,,2.4,,,,,,,,,,,,,,,,,,,,,,,0,,39,30,53,,,,,,,,,,,,,,,,,,,,,,,,,,,,,0,0,,,,,,,,,,,,,,,,,,,,,,,,,,,,,,,,,,12.2,5.6,,,,270,280,,,,,,,,6.3,9.8,,,,,,,,,,,,,,,,,,,,,,,,,,,,,,,,,
USW00094728,4/22/2024,,,,,-4.4,1017.9,1012.9,5,,1.8,,,,,,,,,,,,,,,,,,,,,,,0,,36,17,52,,,,,,,,,,,,,,,,,,,,,,,,,,,,,0,0,,,,,,,,,,,,,,,,,,,,,,,,,,,,,,,,,,17.8,5.6,,,,300,50,,,,,,,,5.8,9.8,,,,,,,,,,,,,,,,,,,,,,,,,,,,,,,,,
USW00094728,4/23/2024,,,,,-1.7,1019,1013.9,6.1,,2.2,,,,,,,,,,,,,,,,,,,,,,,0,,40,25,54,,,,,,,,,,,,,,,,,,,,,,,,,,,,,0,0,,,,,,,,,,,,,,,,,,,,,,,,,,,,,,,,,,18.3,7.8,,,,160,170,,,,,,,,7.6,14.3,,,,,,,,,,,,,,,,,,,,,,,,,,,,,,,,,
USW00094728,4/24/2024,,,,,3.3,1012.9,1007.1,9.4,,2.2,,,,,,,,,,,,,,,,,,,,,,,0,,46,27,66,,,,,,,,,,,,,,,,,,,,,,,,,,,,,0,0,,,,,,,,,,,,,,,,,,,,,,,,,,,,,,,,,,23.3,10,,,,300,290,,,,,,,,7.6,13.9,,,,,,1,,,,,,,,,,,,,,,,,,,,,,,,,,,
USW00094728,4/25/2024,,,,,-3.9,1026.1,1021.3,3.9,,2.5,,,,,,,,,,,,,,,,,,,,,,,0,,42,12,71,,,,,,,,,,,,,,,,,,,,,,,,,,,,,0,0,,,,,,,,,,,,,,,,,,,,,,,,,,,,,,,,,,15.6,6.1,,,,50,40,,,,,,,,8.1,12.5,,,,,,,,,,,,,,,,,,,,,,,,,,,,,,,,,
USW00094728,4/26/2024,,,,,-1.7,1031.2,1026.4,5.6,,2,,,,,,,,,,,,,,,,,,,,,,,0,,44,27,71,,,,,,,,,,,,,,,,,,,,,,,,,,,,,0,0,,,,,,,,,,,,,,,,,,,,,,,,,,,,,,,,,,18.3,6.1,,,,140,210,,,,,,,,5.4,10.3,,,,,,,,,,,,,,,,,,,,,,,,,,,,,,,,,
USW00094728,4/27/2024,,,,,-0.6,1031.2,1026.4,6.7,,1.4,,,,,,,,,,,,,,,,,,,,,,,0,,46,23,66,,,,,,,,,,,,,,,,,,,,,,,,,,,,,0,0,,,,,,,,,,,,,,,,,,,,,,,,,,,,,,,,,,17.8,7.8,,,,180,170,,,,,,,,5.4,9.8,,,,,,,,,,,,,,,,,,,,,,,,,,,,,,,,,
USW00094728,4/28/2024,,,,,10.6,1020.3,1015.9,13.9,,0.6,,,,,,,,,,,,,,,,,,,,,,,0.3,,62,40,84,,,,,,,,,,,,,,,,,,,,,,,,,,,,,0,0,,,,,,,,,,,,,,,,,,,,,,,,,,,,,,,,,,26.1,11.1,,,,190,210,,,,,,,,4,6.7,,,,1,,,,,,,1,,,,,,,,,,,,,,,,,,,,,,
USW00094728,4/29/2024,,,,,15.6,1015.2,1010.5,17.8,,1.5,,,,,,,,,,,,,,,,,,,,,,,0.5,,67,40,84,,,,,,,,,,,,,,,,,,,,,,,,,,,,,0,0,,,,,,,,,,,,,,,,,,,,,,,,,,,,,,,,,,30.6,17.2,,,,120,120,,,,,,,,5.4,11.6,,,,1,,,,,,,1,,,,,,,,,,,,,,,,,,,,,,
USW00094728,4/30/2024,,,,,10,1013.2,1008.1,12.2,,3.3,,,,,,,,,,,,,,,,,,,,,,,0.8,,76,61,89,,,,,,,,,,,,,,,,,,,,,,,,,,,,,0,0,,,,,,,,,,,,,,,,,,,,,,,,,,,,,,,,,,18.9,11.1,,,,50,50,,,,,,,,6.7,10.3,,,,1,,,,,,,1,,,,,,,,,,,,,,,,,,,,,,
USW00094728,5/1/2024,,,,,10.6,1013.5,1008.8,13.3,,1.3,,,,,,,,,,,,,,,,,,,,,,,0.5,,71,42,90,,,,,,,,,,,,,,,,,,,,,,,,,,,,,0,0,,,,,,,,,,,,,,,,,,,,,,,,,,,,,,,,,,26.7,11.7,,,,130,120,,,,,,,,4.5,8.9,,,,1,,,,,,,1,,,,,,,,,,,,,,,,,,,,,,
USW00094728,5/2/2024,,,,,11.7,1014.2,1009.5,14.4,,1.6,,,,,,,,,,,,,,,,,,,,,,,0,,66,40,90,,,,,,,,,,,,,,,,,,,,,,,,,,,,,0,0,,,,,,,,,,,,,,,,,,,,,,,,,,,,,,,,,,26.1,11.7,,,,30,30,,,,,,,,6.3,10.7,,,,1,,,,,,,1,,,,,,,,,,,,,,,,,,,,,,
USW00094728,5/3/2024,,,,,7.8,1021.7,1016.9,11.1,,2.4,,,,,,,,,,,,,,,,,,,,,,,0,,69,52,81,,,,,,,,,,,,,,,,,,,,,,,,,,,,,0,0,,,,,,,,,,,,,,,,,,,,,,,,,,,,,,,,,,18.3,11.1,,,,60,80,,,,,,,,6.7,9.8,,,,,,,,,,,,,,,,,,,,,,,,,,,,,,,,,
USW00094728,5/4/2024,,,,,6.1,1025.7,1021,9.4,,2.2,,,,,,,,,,,,,,,,,,,,,,,0,,66,52,80,,,,,,,,,,,,,,,,,,,,,,,,,,,,,0,0,,,,,,,,,,,,,,,,,,,,,,,,,,,,,,,,,,17.2,9.4,,,,120,100,,,,,,,,4.5,9.4,,,,,,,,,,,,,,,,,,,,,,,,,,,,,,,,,
USW00094728,5/5/2024,,,,,8.3,1023.4,1017.9,9.4,,2.1,,,,,,,,,,,,,,,,,,,,,,,7.9,,87,74,97,,,,,,,,,,,,,,,,,,,,,,,,,,,,,0,0,,,,,,,,,,,,,,,,,,,,,,,,,,,,,,,,,,12.2,9.4,,,,130,130,,,,,,,,5.4,9.8,,,,1,,,,,,,1,,,,,,,,,,,,,,,,,,,,,,
USW00094728,5/6/2024,,,,,14.4,1014.6,1010.8,15.6,,1,,,,,,,,,,,,,,,,,,,,,,,0,,82,66,96,,,,,,,,,,,,,,,,,,,,,,,,,,,,,0,0,,,,,,,,,,,,,,,,,,,,,,,,,,,,,,,,,,23.3,11.7,,,,210,250,,,,,,,,3.6,5.8,,,,1,,,,,,,1,,,,,,,,,,,,,,,,,,,,,,
USW00094728,5/7/2024,,,,,8.9,1007.8,1003,14.4,,1.5,,,,,,,,,,,,,,,,,,,,,,,0,,47,29,90,,,,,,,,,,,,,,,,,,,,,,,,,,,,,0,0,,,,,,,,,,,,,,,,,,,,,,,,,,,,,,,,,,26.7,15,,,,30,130,,,,,,,,5.4,8.5,,,,,,,,,,,,,,,,,,,,,,,,,,,,,,,,,
USW00094728,5/8/2024,,,,,13.9,1002,997.6,17.8,,1.7,,,,,,,,,,,,,,,,,,,,,,,5.3,,58,29,93,,,,,,,,,,,,,,,,,,,,,,,,,,,,,0,0,,,,,,,,,,,,,,,,,,,,,,,,,,,,,,,,,,28.9,18.3,,,,240,210,,,,,,,,5.8,11.6,,,,1,,,,,,,1,,,,,,,,,,,,,,,,,,,,,,
USW00094728,5/9/2024,,,,,8.3,1006.4,1001.7,12.8,,2.6,,,,,,,,,,,,,,,,,,,,,,,0,,53,44,72,,,,,,,,,,,,,,,,,,,,,,,,,,,,,0,0,,,,,,,,,,,,,,,,,,,,,,,,,,,,,,,,,,21.1,13.3,,,,300,120,,,,,,,,5.8,9.4,,,,,,,,,,,,,,,,,,,,,,,,,,,,,,,,,
USW00094728,5/10/2024,,,,,7.8,1008.5,1003.7,8.9,,2.7,,,,,,,,,,,,,,,,,,,,,,,5.8,,84,66,93,,,,,,,,,,,,,,,,,,,,,,,,,,,,,0,0,,,,,,,,,,,,,,,,,,,,,,,,,,,,,,,,,,13.3,8.9,,,,60,40,,,,,,,,7.2,11.2,,,,1,,,,,,,,,,,,,,,,,,,,,,,,,,,,,
USW00094728,5/11/2024,,,,,5,1010.8,1005.8,8.9,,1.4,,,,,,,,,,,,,,,,,,,,,,,0,,65,35,93,,,,,,,,,,,,,,,,,,,,,,,,,,,,,0,0,,,,,,,,,,,,,,,,,,,,,,,,,,,,,,,,,,17.8,8.3,,,,50,190,,,,,,,,5.8,11.2,,,,1,,,,,,,,,,,,,,,,,,,,,,,,,,,,,
USW00094728,5/12/2024,,,,,7.2,1013.2,1008.1,8.9,,1.2,,,,,,,,,,,,,,,,,,,,,,,3.8,,81,67,93,,,,,,,,,,,,,,,,,,,,,,,,,,,,,0,0,,,,,,,,,,,,,,,,,,,,,,,,,,,,,,,,,,13.9,8.9,,,,250,220,,,,,,,,4,7.2,,,,1,,,,,,,,,,,,,,,,,,,,,,,,,,,,,
USW00094728,5/13/2024,,,,,9.4,1017.3,1012.9,11.1,,1.7,,,,,,,,,,,,,,,,,,,,,,,0,,75,60,86,,,,,,,,,,,,,,,,,,,,,,,,,,,,,0,0,,,,,,,,,,,,,,,,,,,,,,,,,,,,,,,,,,18.3,9.4,,,,220,250,,,,,,,,4.5,7.6,,,,,,,,,,,1,,,,,,,,,,,,,,,,,,,,,,
USW00094728,5/14/2024,,,,,12.2,1015.2,1010.2,14.4,,0.8,,,,,,,,,,,,,,,,,,,,,,,0.8,,72,57,90,,,,,,,,,,,,,,,,,,,,,,,,,,,,,0,0,,,,,,,,,,,,,,,,,,,,,,,,,,,,,,,,,,22.2,12.8,,,,180,220,,,,,,,,3.6,7.2,,,,1,,,,,,,,,,,,,,,,,,,,,,,,,,,,,
USW00094728,5/15/2024,,,,,14.4,1009.1,1005.1,15,,3.4,,,,,,,,,,,,,,,,,,,,,,,7.1,,90,78,96,,,,,,,,,,,,,,,,,,,,,,,,,,,,,0,0,,,,,,,,,,,,,,,,,,,,,,,,,,,,,,,,,,17.8,15,,,,40,70,,,,,,,,7.6,14.8,,,,1,,,,,,,,,,,,,,,,,,,,,,,,,,,,,
USW00094728,5/16/2024,,,,,13.3,1006.8,1001,15,,3.7,,,,,,,,,,,,,,,,,,,,,,,6.9,,84,68,93,,,,,,,,,,,,,,,,,,,,,,,,,,,,,0,0,,,,,,,,,,,,,,,,,,,,,,,,,,,,,,,,,,17.8,15,,,,50,40,,,,,,,,7.6,13,,,,1,,,,,,,,,,,,,,,,,,,,,,,,,,,,,
USW00094728,5/17/2024,,,,,11.7,1013.9,1008.5,14.4,,2,,,,,,,,,,,,,,,,,,,,,,,0,,66,47,87,,,,,,,,,,,,,,,,,,,,,,,,,,,,,0,0,,,,,,,,,,,,,,,,,,,,,,,,,,,,,,,,,,22.2,14.4,,,,60,60,,,,,,,,8.1,12.5,,,,1,,,,,,,,,,,,,,,,,,,,,,,,,,,,,
USW00094728,5/18/2024,,,,,12.2,1014.9,1010.2,14.4,,1.7,,,,,,,,,,,,,,,,,,,,,,,1,,74,54,93,,,,,,,,,,,,,,,,,,,,,,,,,,,,,0,0,,,,,,,,,,,,,,,,,,,,,,,,,,,,,,,,,,20.6,15,,,,60,80,,,,,,,,4.5,6.7,,,,1,,,,,,,,,,,,,,,,,,,,,,,,,,,,,
USW00094728,5/19/2024,,,,,12.2,1015.6,1010.8,15,,1.9,,,,,,,,,,,,,,,,,,,,,,,0,,71,52,90,,,,,,,,,,,,,,,,,,,,,,,,,,,,,0,0,,,,,,,,,,,,,,,,,,,,,,,,,,,,,,,,,,23.9,13.3,,,,80,50,,,,,,,,5.8,8.9,,,,,,,,,,,,,,,,,,,,,,,,,,,,,,,,,
USW00094728,5/20/2024,,,,,12.2,1016.6,1011.9,14.4,,1.6,,,,,,,,,,,,,,,,,,,,,,,0,,72,48,90,,,,,,,,,,,,,,,,,,,,,,,,,,,,,0,0,,,,,,,,,,,,,,,,,,,,,,,,,,,,,,,,,,23.3,12.8,,,,150,130,,,,,,,,4,8.9,,,,1,,,,,,,,,,,,,,,,,,,,,,,,,,,,,
USW00094728,5/21/2024,,,,,15,1014.9,1010.2,17.2,,1.3,,,,,,,,,,,,,,,,,,,,,,,0,,67,49,90,,,,,,,,,,,,,,,,,,,,,,,,,,,,,0,0,,,,,,,,,,,,,,,,,,,,,,,,,,,,,,,,,,28.3,14.4,,,,240,110,,,,,,,,4,7.2,,,,,,,,,,,1,,,,,,,,,,,,,,,,,,,,,,
USW00094728,5/22/2024,,,,,15.6,1013.5,1008.8,18.3,,2.3,,,,,,,,,,,,,,,,,,,,,,,0,,61,46,73,,,,,,,,,,,,,,,,,,,,,,,,,,,,,0,0,,,,,,,,,,,,,,,,,,,,,,,,,,,,,,,,,,28.9,19.4,,,,250,200,,,,,,,,4.5,9.8,,,,,,,,,,,,,,,,,,,,,,,,,,,,,,,,,
USW00094728,5/23/2024,,,,,17.2,1011.2,1006.8,19.4,,1.3,,,,,,,,,,,,,,,,,,,,,,,19.8,,71,60,93,,,,,,,,,,,,,,,,,,,,,,,,,,,,,0,0,,,,,,,,,,,,,,,,,,,,,,,,,,,,,,,,,,26.1,19.4,,,,260,260,,,,,,,,5.4,10.7,,,,1,1,1,,,,,,,,,,,,,,,,,,,,,,,,,,,
USW00094728,5/24/2024,,,,,10.6,1010.2,1005.4,16.7,,1.1,,,,,,,,,,,,,,,,,,,,,,,0,,45,22,81,,,,,,,,,,,,,,,,,,,,,,,,,,,,,0,0,,,,,,,,,,,,,,,,,,,,,,,,,,,,,,,,,,28.9,20,,,,280,290,,,,,,,,5.4,8.9,,,,,,,,,,,,,,,,,,,,,,,,,,,,,,,,,
USW00094728,5/25/2024,,,,,10.6,1011.2,1006.4,15.6,,1.1,,,,,,,,,,,,,,,,,,,,,,,0,,49,31,76,,,,,,,,,,,,,,,,,,,,,,,,,,,,,0,0,,,,,,,,,,,,,,,,,,,,,,,,,,,,,,,,,,27.2,18.9,,,,130,340,,,,,,,,4.5,7.6,,,,,,,,,,,,,,,,,,,,,,,,,,,,,,,,,
USW00094728,5/26/2024,,,,,17.2,1012.5,1007.8,18.9,,1.3,,,,,,,,,,,,,,,,,,,,,,,0,,76,54,90,,,,,,,,,,,,,,,,,,,,,,,,,,,,,0,0,,,,,,,,,,,,,,,,,,,,,,,,,,,,,,,,,,27.8,18.3,,,,140,180,,,,,,,,3.6,8.5,,,,1,,,,,,,1,,,,,,,,,,,,,,,,,,,,,,
USW00094728,5/27/2024,,,,,18.9,1009.1,1004.1,19.4,,1.3,,,,,,,,,,,,,,,,,,,,,,,24.4,,92,79,97,,,,,,,,,,,,,,,,,,,,,,,,,,,,,0,0,,,,,,,,,,,,,,,,,,,,,,,,,,,,,,,,,,22.8,18.9,,,,140,190,,,,,,,,5.4,11.2,,,,1,1,1,,,,,,,,,,,,,,,,,,,,,,,,,,,
USW00094728,5/28/2024,,,,,13.9,1007.1,1002,17.2,,2.9,,,,,,,,,,,,,,,,,,,,,,,0,,62,39,93,,,,,,,,,,,,,,,,,,,,,,,,,,,,,0,0,,,,,,,,,,,,,,,,,,,,,,,,,,,,,,,,,,26.1,18.3,,,,300,220,,,,,,,,7.2,13,,,,1,,,,,,,,,,,,,,,,,,,,,,,,,,,,,
USW00094728,5/29/2024,,,,,11.1,1012.5,1007.8,14.4,,1.6,,,,,,,,,,,,,,,,,,,,,,,16.5,,59,45,93,,,,,,,,,,,,,,,,,,,,,,,,,,,,,0,0,,,,,,,,,,,,,,,,,,,,,,,,,,,,,,,,,,24.4,15.6,,,,220,220,,,,,,,,7.6,13.4,,,,1,,1,,,,,,,,,,,,,,,,,,,,,,,,,,,
USW00094728,5/30/2024,,,,,7.2,1014.6,1009.1,12.2,,2.2,,,,,,,,,,,,,,,,,,,,,,,4.6,,52,40,78,,,,,,,,,,,,,,,,,,,,,,,,,,,,,0,0,,,,,,,,,,,,,,,,,,,,,,,,,,,,,,,,,,21.7,13.9,,,,50,10,,,,,,,,6.7,8.9,,,,,,,,,,,1,,,,,,,,,,,,,,,,,,,,,,
USW00094728,5/31/2024,,,,,6.1,1020,1015.2,12.8,,2,,,,,,,,,,,,,,,,,,,,,,,0,,41,29,60,,,,,,,,,,,,,,,,,,,,,,,,,,,,,0,0,,,,,,,,,,,,,,,,,,,,,,,,,,,,,,,,,,23.9,15,,,,300,240,,,,,,,,5.4,9.8,,,,,,,,,,,,,,,,,,,,,,,,,,,,,,,,,
USW00094728,6/1/2024,,,,,6.7,1020,1015.2,13.9,,1.3,,,,,,,,,,,,,,,,,,,,,,,0,,37,25,52,,,,,,,,,,,,,,,,,,,,,,,,,,,,,0,0,,,,,,,,,,,,,,,,,,,,,,,,,,,,,,,,,,28.3,15.6,,,,290,210,,,,,,,,4,7.6,,,,,,,,,,,,,,,,,,,,,,,,,,,,,,,,,
USW00094728,6/2/2024,,,,,12.2,1016.3,1011.5,16.7,,1.1,,,,,,,,,,,,,,,,,,,,,,,0,,51,42,56,,,,,,,,,,,,,,,,,,,,,,,,,,,,,0,0,,,,,,,,,,,,,,,,,,,,,,,,,,,,,,,,,,27.2,19.4,,,,230,230,,,,,,,,4.5,8.5,,,,,,,,,,,,,,,,,,,,,,,,,,,,,,,,,
USW00094728,6/3/2024,,,,,14.4,1012.9,1008.1,18.3,,1.3,,,,,,,,,,,,,,,,,,,,,,,0,,52,33,66,,,,,,,,,,,,,,,,,,,,,,,,,,,,,0,0,,,,,,,,,,,,,,,,,,,,,,,,,,,,,,,,,,30,22.2,,,,50,40,,,,,,,,4.5,6.3,,,,,,,,,,,1,,,,,,,,,,,,,,,,,,,,,,
USW00094728,6/4/2024,,,,,16.7,1015.9,1010.8,18.9,,1.3,,,,,,,,,,,,,,,,,,,,,,,0,,72,52,90,,,,,,,,,,,,,,,,,,,,,,,,,,,,,0,0,,,,,,,,,,,,,,,,,,,,,,,,,,,,,,,,,,26.1,18.3,,,,60,120,,,,,,,,4,7.2,,,,1,,,,,,,1,,,,,,,,,,,,,,,,,,,,,,
USW00094728,6/5/2024,,,,,19.4,1011.9,1007.5,20.6,,1.1,,,,,,,,,,,,,,,,,,,,,,,0,,85,74,97,,,,,,,,,,,,,,,,,,,,,,,,,,,,,0,0,,,,,,,,,,,,,,,,,,,,,,,,,,,,,,,,,,26.1,18.3,,,,130,180,,,,,,,,4.5,9.8,,,,1,,,,,,,1,,,,,,,,,,,,,,,,,,,,,,
USW00094728,6/6/2024,,,,,21.7,1001,997,22.2,,0.9,,,,,,,,,,,,,,,,,,,,,,,19.6,,93,72,100,,,,,,,,,,,,,,,,,,,,,,,,,,,,,0,0,,,,,,,,,,,,,,,,,,,,,,,,,,,,,,,,,,27.2,20,,,,300,310,,,,,,,,7.2,11.2,,,,1,1,1,,,,,1,,,,,,,,,,,,,,,,,,,,,,
USW00094728,6/7/2024,,,,,15,1002.7,998,18.3,,1.5,,,,,,,,,,,,,,,,,,,,,,,0,,63,42,100,,,,,,,,,,,,,,,,,,,,,,,,,,,,,0,0,,,,,,,,,,,,,,,,,,,,,,,,,,,,,,,,,,27.8,18.9,,,,290,290,,,,,,,,7.6,14.3,,,,1,,,,,,,,,,,,,,,,,,,,,,,,,,,,,
USW00094728,6/8/2024,,,,,11.7,1007.5,1002.7,15.6,,2.5,,,,,,,,,,,,,,,,,,,,,,,0,,53,40,73,,,,,,,,,,,,,,,,,,,,,,,,,,,,,0,0,,,,,,,,,,,,,,,,,,,,,,,,,,,,,,,,,,24.4,17.2,,,,290,250,,,,,,,,6.7,12.5,,,,,,,,,,,,,,,,,,,,,,,,,,,,,,,,,
USW00094728,6/9/2024,,,,,12.2,1002.7,998,16.1,,2.2,,,,,,,,,,,,,,,,,,,,,,,0,,57,38,73,,,,,,,,,,,,,,,,,,,,,,,,,,,,,0,0,,,,,,,,,,,,,,,,,,,,,,,,,,,,,,,,,,23.3,18.3,,,,300,220,,,,,,,,6.3,13.9,,,,,,,,,,,,,,,,,,,,,,,,,,,,,,,,,
USW00094728,6/10/2024,,,,,10.6,1005.1,1000.3,14.4,,2.7,,,,,,,,,,,,,,,,,,,,,,,0,,55,46,67,,,,,,,,,,,,,,,,,,,,,,,,,,,,,0,0,,,,,,,,,,,,,,,,,,,,,,,,,,,,,,,,,,23.9,16.7,,,,300,310,,,,,,,,5.8,9.8,,,,,,,,,,,,,,,,,,,,,,,,,,,,,,,,,
USW00094728,6/11/2024,,,,,12.2,1013.2,1008.5,15.6,,1.4,,,,,,,,,,,,,,,,,,,,,,,0,,65,52,80,,,,,,,,,,,,,,,,,,,,,,,,,,,,,0,0,,,,,,,,,,,,,,,,,,,,,,,,,,,,,,,,,,22.8,15,,,,50,50,,,,,,,,4,6.3,,,,,,,,,,,,,,,,,,,,,,,,,,,,,,,,,
USW00094728,6/12/2024,,,,,13.9,1016.3,1011.5,16.7,,1,,,,,,,,,,,,,,,,,,,,,,,0,,66,48,81,,,,,,,,,,,,,,,,,,,,,,,,,,,,,0,0,,,,,,,,,,,,,,,,,,,,,,,,,,,,,,,,,,24.4,16.1,,,,250,290,,,,,,,,3.6,5.8,,,,,,,,,,,,,,,,,,,,,,,,,,,,,,,,,
USW00094728,6/13/2024,,,,,15.6,1015.2,1010.5,18.3,,1.4,,,,,,,,,,,,,,,,,,,,,,,0,,62,40,90,,,,,,,,,,,,,,,,,,,,,,,,,,,,,0,0,,,,,,,,,,,,,,,,,,,,,,,,,,,,,,,,,,28.9,18.3,,,,220,200,,,,,,,,5.4,8.9,,,,,,,,,,,,,,,,,,,,,,,,,,,,,,,,,
USW00094728,6/14/2024,,,,,18.9,1011.5,1006.8,20,,1.5,,,,,,,,,,,,,,,,,,,,,,,7.1,,79,59,100,,,,,,,,,,,,,,,,,,,,,,,,,,,,,0,0,,,,,,,,,,,,,,,,,,,,,,,,,,,,,,,,,,29.4,18.3,,,,290,290,,,,,,,,7.6,14.8,,,,1,1,1,,,,,,,,,,,,,,,,,,,,,,,,,,,
USW00094728,6/15/2024,,,,,12.2,1015.6,1010.8,16.7,,1.6,,,,,,,,,,,,,,,,,,,,,,,0,,55,31,97,,,,,,,,,,,,,,,,,,,,,,,,,,,,,0,0,,,,,,,,,,,,,,,,,,,,,,,,,,,,,,,,,,26.7,18.3,,,,40,60,,,,,,,,6.3,9.4,,,,,,,,,,,,,,,,,,,,,,,,,,,,,,,,,
USW00094728,6/16/2024,,,,,12.2,1023.4,1017.9,15.6,,2.3,,,,,,,,,,,,,,,,,,,,,,,0,,62,40,90,,,,,,,,,,,,,,,,,,,,,,,,,,,,,0,0,,,,,,,,,,,,,,,,,,,,,,,,,,,,,,,,,,25.6,17.2,,,,50,40,,,,,,,,5.8,8.9,,,,,,,,,,,,,,,,,,,,,,,,,,,,,,,,,
USW00094728,6/17/2024,,,,,18.3,1021.7,1016.9,20,,1.3,,,,,,,,,,,,,,,,,,,,,,,0,,71,55,97,,,,,,,,,,,,,,,,,,,,,,,,,,,,,0,0,,,,,,,,,,,,,,,,,,,,,,,,,,,,,,,,,,28.3,18.3,,,,220,120,,,,,,,,4,8.5,,,,,,,,,,,,,,,,,,,,,,,,,,,,,,,,,
USW00094728,6/18/2024,,,,,19.4,1023.7,1019,21.7,,1.4,,,,,,,,,,,,,,,,,,,,,,,0,,68,52,84,,,,,,,,,,,,,,,,,,,,,,,,,,,,,0,0,,,,,,,,,,,,,,,,,,,,,,,,,,,,,,,,,,30,21.7,,,,140,200,,,,,,,,4,8.5,,,,,,,,,,,,,,,,,,,,,,,,,,,,,,,,,
USW00094728,6/19/2024,,,,,17.8,1026.8,1021.7,20.6,,1.1,,,,,,,,,,,,,,,,,,,,,,,0,,64,39,79,,,,,,,,,,,,,,,,,,,,,,,,,,,,,0,0,,,,,,,,,,,,,,,,,,,,,,,,,,,,,,,,,,31.7,22.2,,,,220,200,,,,,,,,4,8.5,,,,,,,,,,,,,,,,,,,,,,,,,,,,,,,,,
USW00094728,6/20/2024,,,,,17.8,1024.7,1020,21.1,,1.5,,,,,,,,,,,,,,,,,,,,,,,0,,57,42,69,,,,,,,,,,,,,,,,,,,,,,,,,,,,,0,0,,,,,,,,,,,,,,,,,,,,,,,,,,,,,,,,,,32.8,22.2,,,,210,230,,,,,,,,4,7.6,,,,,,,,,,,,,,,,,,,,,,,,,,,,,,,,,
USW00094728,6/21/2024,,,,,19.4,1020.3,1015.6,22.2,,1.6,,,,,,,,,,,,,,,,,,,,,,,0,,58,44,79,,,,,,,,,,,,,,,,,,,,,,,,,,,,,0,0,,,,,,,,,,,,,,,,,,,,,,,,,,,,,,,,,,34.4,24.4,,,,60,60,,,,,,,,7.2,11.6,,,,,,,,,,,,,,,,,,,,,,,,,,,,,,,,,
USW00094728,6/22/2024,,,,,21.1,1015.2,1010.2,22.8,,0.4,,,,,,,,,,,,,,,,,,,,,,,2.8,,71,49,90,,,,,,,,,,,,,,,,,,,,,,,,,,,,,0,0,,,,,,,,,,,,,,,,,,,,,,,,,,,,,,,,,,33.9,23.9,,,,340,340,,,,,,,,4.5,8.1,,,,1,,1,,,,,1,,,,,,,,,,,,,,,,,,,,,,
USW00094728,6/23/2024,,,,,20.6,1005.8,1001,22.8,,,,,,,,,,,,,,,,,,,,,,,,,0,,65,45,87,,,,,,,,,,,,,,,,,,,,,,,,,,,,,0,0,,,,,,,,,,,,,,,,,,,,,,,,,,,,,,,,,,33.3,22.8,,,,240,260,,,,,,,,5.4,13,,,,,,,,,,,1,,,,,,,,,,,,,,,,,,,,,,
USW00094728,6/24/2024,,,,,13.9,1004.7,999.7,18.3,,,,,,,,,,,,,,,,,,,,,,,,,0,,50,25,76,,,,,,,,,,,,,,,,,,,,,,,,,,,,,0,0,,,,,,,,,,,,,,,,,,,,,,,,,,,,,,,,,,26.7,22.2,,,,300,300,,,,,,,,8.9,15.7,,,,,,,,,,,,,,,,,,,,,,,,,,,,,,,,,
USW00094728,6/25/2024,,,,,10,1011.5,1006.8,17.2,,1.9,,,,,,,,,,,,,,,,,,,,,,,0,,36,23,53,,,,,,,,,,,,,,,,,,,,,,,,,,,,,0,0,,,,,,,,,,,,,,,,,,,,,,,,,,,,,,,,,,32.2,20.6,,,,310,270,,,,,,,,5.8,9.8,,,,,,,,,,,,,,,,,,,,,,,,,,,,,,,,,
USW00094728,6/26/2024,,,,,17.2,1006.8,1002,20.6,,1.8,,,,,,,,,,,,,,,,,,,,,,,2,,58,36,90,,,,,,,,,,,,,,,,,,,,,,,,,,,,,0,0,,,,,,,,,,,,,,,,,,,,,,,,,,,,,,,,,,33.9,21.1,,,,290,290,,,,,,,,9.4,20.6,,,,1,,1,,,,,,,,,,,,,,,,,,,,,,,,,,,
USW00094728,6/27/2024,,,,,14.4,1008.8,1003.4,17.8,,2.6,,,,,,,,,,,,,,,,,,,,,,,5.8,,58,34,93,,,,,,,,,,,,,,,,,,,,,,,,,,,,,0,0,,,,,,,,,,,,,,,,,,,,,,,,,,,,,,,,,,28.9,19.4,,,,300,320,,,,,,,,5.8,9.8,,,,1,,1,,,,,,,,,,,,,,,,,,,,,,,,,,,
USW00094728,6/28/2024,,,,,6.7,1020.3,1015.6,13.3,,1.6,,,,,,,,,,,,,,,,,,,,,,,0,,40,21,57,,,,,,,,,,,,,,,,,,,,,,,,,,,,,0,0,,,,,,,,,,,,,,,,,,,,,,,,,,,,,,,,,,26.1,17.8,,,,60,130,,,,,,,,5.4,8.9,,,,,,,,,,,,,,,,,,,,,,,,,,,,,,,,,
USW00094728,6/29/2024,,,,,18.3,1020,1015.6,20,,1.9,,,,,,,,,,,,,,,,,,,,,,,1.5,,76,63,94,,,,,,,,,,,,,,,,,,,,,,,,,,,,,0,0,,,,,,,,,,,,,,,,,,,,,,,,,,,,,,,,,,26.1,18.9,,,,180,220,,,,,,,,5.8,11.6,,,,1,,,,,,,,,,,,,,,,,,,,,,,,,,,,,
USW00094728,6/30/2024,,,,,21.7,1012.5,1007.5,22.2,,2.2,,,,,,,,,,,,,,,,,,,,,,,4.6,,83,59,94,,,,,,,,,,,,,,,,,,,,,,,,,,,,,0,0,,,,,,,,,,,,,,,,,,,,,,,,,,,,,,,,,,29.4,21.1,,,,300,310,,,,,,,,6.7,10.3,,,,1,,1,,,,,1,,,,,,,,,,,,,,,,,,,,,,
USW00094728,7/1/2024,,,,,11.7,1016.9,1011.2,16.1,,2.7,,,,,,,,,,,,,,,,,,,,,,,0,,51,40,68,,,,,,,,,,,,,,,,,,,,,,,,,,,,,0,0,,,,,,,,,,,,,,,,,,,,,,,,,,,,,,,,,,27.2,17.8,,,,40,20,,,,,,,,6.7,12.5,,,,,,,,,,,,,,,,,,,,,,,,,,,,,,,,,
USW00094728,7/2/2024,,,,,10,1023.4,1017.9,16.1,,1.4,,,,,,,,,,,,,,,,,,,,,,,0,,43,23,61,,,,,,,,,,,,,,,,,,,,,,,,,,,,,0,0,,,,,,,,,,,,,,,,,,,,,,,,,,,,,,,,,,30,18.9,,,,50,50,,,,,,,,4,7.6,,,,,,,,,,,,,,,,,,,,,,,,,,,,,,,,,
USW00094728,7/3/2024,,,,,11.7,1021,1016.3,16.7,,1.7,,,,,,,,,,,,,,,,,,,,,,,0,,47,35,61,,,,,,,,,,,,,,,,,,,,,,,,,,,,,0,0,,,,,,,,,,,,,,,,,,,,,,,,,,,,,,,,,,28.3,20.6,,,,200,200,,,,,,,,4.5,10.7,,,,,,,,,,,,,,,,,,,,,,,,,,,,,,,,,
USW00094728,7/4/2024,,,,,18.3,1013.5,1008.1,20.6,,1.3,,,,,,,,,,,,,,,,,,,,,,,1,,68,53,94,,,,,,,,,,,,,,,,,,,,,,,,,,,,,0,0,,,,,,,,,,,,,,,,,,,,,,,,,,,,,,,,,,31.7,21.1,,,,130,210,,,,,,,,4,8.1,,,,1,1,,,,,,1,,,,,,,,,,,,,,,,,,,,,,
USW00094728,7/5/2024,,,,,22.8,1009.1,1004.7,23.9,,0.7,,,,,,,,,,,,,,,,,,,,,,,2.5,,81,56,94,,,,,,,,,,,,,,,,,,,,,,,,,,,,,0,0,,,,,,,,,,,,,,,,,,,,,,,,,,,,,,,,,,32.2,23.3,,,,150,130,,,,,,,,4.5,8.9,,,,1,1,1,,,,,1,,,,,,,,,,,,,,,,,,,,,,
USW00094728,7/6/2024,,,,,22.8,1010.5,1005.8,23.9,,0.6,,,,,,,,,,,,,,,,,,,,,,,1.3,,77,56,94,,,,,,,,,,,,,,,,,,,,,,,,,,,,,0,0,,,,,,,,,,,,,,,,,,,,,,,,,,,,,,,,,,33.3,22.8,,,,140,120,,,,,,,,4.5,8.1,,,,1,,1,,,,,,,,,,,,,,,,,,,,,,,,,,,
USW00094728,7/7/2024,,,,,19.4,1014.9,1010.2,22.8,,1.8,,,,,,,,,,,,,,,,,,,,,,,0,,58,37,79,,,,,,,,,,,,,,,,,,,,,,,,,,,,,0,0,,,,,,,,,,,,,,,,,,,,,,,,,,,,,,,,,,33.9,26.1,,,,50,360,,,,,,,,4,7.2,,,,,,,,,,,1,,,,,,,,,,,,,,,,,,,,,,
USW00094728,7/8/2024,,,,,21.1,1016.3,1011.5,23.3,,0.9,,,,,,,,,,,,,,,,,,,,,,,0,,65,40,85,,,,,,,,,,,,,,,,,,,,,,,,,,,,,0,0,,,,,,,,,,,,,,,,,,,,,,,,,,,,,,,,,,35,25,,,,70,180,,,,,,,,4,6.7,,,,,,,,,,,1,,,,,,,,,,,,,,,,,,,,,,
USW00094728,7/9/2024,,,,,22.2,1013.9,1009.1,23.9,,1,,,,,,,,,,,,,,,,,,,,,,,0,,71,55,88,,,,,,,,,,,,,,,,,,,,,,,,,,,,,0,0,,,,,,,,,,,,,,,,,,,,,,,,,,,,,,,,,,31.7,23.9,,,,230,170,,,,,,,,4,8.5,,,,1,,,,,,,,,,,,,,,,,,,,,,,,,,,,,
USW00094728,7/10/2024,,,,,22.2,1010.5,1005.8,23.9,,1.4,,,,,,,,,,,,,,,,,,,,,,,0,,70,58,79,,,,,,,,,,,,,,,,,,,,,,,,,,,,,0,0,,,,,,,,,,,,,,,,,,,,,,,,,,,,,,,,,,32.8,25.6,,,,180,180,,,,,,,,5.8,13,,,,,,,,,,,,,,,,,,,,,,,,,,,,,,,,,
USW00094728,7/11/2024,,,,,18.9,1013.5,1007.8,21.7,,2.1,,,,,,,,,,,,,,,,,,,,,,,2.8,,62,42,94,,,,,,,,,,,,,,,,,,,,,,,,,,,,,0,0,,,,,,,,,,,,,,,,,,,,,,,,,,,,,,,,,,31.7,23.9,,,,230,230,,,,,,,,6.3,10.7,,,,1,,,,,,,,,,,,,,,,,,,,,,,,,,,,,
USW00094728,7/12/2024,,,,,20.6,1020.7,1015.6,22.2,,0.6,,,,,,,,,,,,,,,,,,,,,,,1.5,,73,58,90,,,,,,,,,,,,,,,,,,,,,,,,,,,,,0,0,,,,,,,,,,,,,,,,,,,,,,,,,,,,,,,,,,28.9,22.2,,,,210,190,,,,,,,,3.6,6.7,,,,1,,,,,,,,,,,,,,,,,,,,,,,,,,,,,
USW00094728,7/13/2024,,,,,21.7,1019.6,1015.6,22.8,,0.7,,,,,,,,,,,,,,,,,,,,,,,52.3,,78,53,97,,,,,,,,,,,,,,,,,,,,,,,,,,,,,0,0,,,,,,,,,,,,,,,,,,,,,,,,,,,,,,,,,,30.6,22.2,,,,130,230,,,,,,,,3.6,6.3,,,,1,1,,,,,,,,,,,,,,,,,,,,,,,,,,,,
USW00094728,7/14/2024,,,,,20,1015.9,1011.2,22.8,,1.1,,,,,,,,,,,,,,,,,,,,,,,0,,65,43,82,,,,,,,,,,,,,,,,,,,,,,,,,,,,,0,0,,,,,,,,,,,,,,,,,,,,,,,,,,,,,,,,,,32.2,23.9,,,,220,220,,,,,,,,4.5,10.7,,,,,,1,,,,,,,,,,,,,,,,,,,,,,,,,,,
USW00094728,7/15/2024,,,,,21.7,1010.5,1006.4,23.9,,1.1,,,,,,,,,,,,,,,,,,,,,,,3,,68,41,94,,,,,,,,,,,,,,,,,,,,,,,,,,,,,0,0,,,,,,,,,,,,,,,,,,,,,,,,,,,,,,,,,,32.8,22.8,,,,260,230,,,,,,,,4.5,9.8,,,,1,,1,,,,,1,,,,,,,,,,,,,,,,,,,,,,
USW00094728,7/16/2024,,,,,20,1008.8,1004.1,23.3,,1.7,,,,,,,,,,,,,,,,,,,,,,,0,,55,46,72,,,,,,,,,,,,,,,,,,,,,,,,,,,,,0,0,,,,,,,,,,,,,,,,,,,,,,,,,,,,,,,,,,34.4,25.6,,,,240,200,,,,,,,,6.3,13,,,,,,,,,,,,,,,,,,,,,,,,,,,,,,,,,
USW00094728,7/17/2024,,,,,21.1,1009.5,1005.4,23.3,,1.3,,,,,,,,,,,,,,,,,,,,,,,37.1,,69,52,94,,,,,,,,,,,,,,,,,,,,,,,,,,,,,0,0,,,,,,,,,,,,,,,,,,,,,,,,,,,,,,,,,,32.2,22.2,,,,240,290,,,,,,,,6.3,10.7,,,,1,1,,,,,,,,,,,,,,,,,,,,,,,,,,,,
USW00094728,7/18/2024,,,,,17.2,1012.5,1007.1,20,,1.2,,,,,,,,,,,,,,,,,,,,,,,0,,62,38,94,,,,,,,,,,,,,,,,,,,,,,,,,,,,,0,0,,,,,,,,,,,,,,,,,,,,,,,,,,,,,,,,,,30,22.2,,,,300,290,,,,,,,,4.5,8.1,,,,1,,,,,,,,,,,,,,,,,,,,,,,,,,,,,
USW00094728,7/19/2024,,,,,12.2,1019,1014.2,17.2,,1.3,,,,,,,,,,,,,,,,,,,,,,,0,,49,33,63,,,,,,,,,,,,,,,,,,,,,,,,,,,,,0,0,,,,,,,,,,,,,,,,,,,,,,,,,,,,,,,,,,28.3,19.4,,,,50,40,,,,,,,,4,7.2,,,,,,,,,,,,,,,,,,,,,,,,,,,,,,,,,
USW00094728,7/20/2024,,,,,16.7,1018.6,1013.9,20,,0.9,,,,,,,,,,,,,,,,,,,,,,,0,,61,51,71,,,,,,,,,,,,,,,,,,,,,,,,,,,,,0,0,,,,,,,,,,,,,,,,,,,,,,,,,,,,,,,,,,28.3,21.7,,,,210,220,,,,,,,,5.4,8.9,,,,,,,,,,,,,,,,,,,,,,,,,,,,,,,,,
USW00094728,7/21/2024,,,,,18.3,1016.6,1011.9,21.1,,1.2,,,,,,,,,,,,,,,,,,,,,,,0,,63,40,81,,,,,,,,,,,,,,,,,,,,,,,,,,,,,0,0,,,,,,,,,,,,,,,,,,,,,,,,,,,,,,,,,,31.1,22.8,,,,60,220,,,,,,,,3.6,6.7,,,,,,,,,,,,,,,,,,,,,,,,,,,,,,,,,
USW00094728,7/22/2024,,,,,20,1017.3,1012.2,21.7,,1.2,,,,,,,,,,,,,,,,,,,,,,,0.3,,73,62,85,,,,,,,,,,,,,,,,,,,,,,,,,,,,,0,0,,,,,,,,,,,,,,,,,,,,,,,,,,,,,,,,,,28.9,21.7,,,,140,130,,,,,,,,4,8.5,,,,1,,,,,,,,,,,,,,,,,,,,,,,,,,,,,
USW00094728,7/23/2024,,,,,20.6,1016.9,1011.9,21.7,,1.8,,,,,,,,,,,,,,,,,,,,,,,2.8,,84,71,94,,,,,,,,,,,,,,,,,,,,,,,,,,,,,0,0,,,,,,,,,,,,,,,,,,,,,,,,,,,,,,,,,,27.2,21.7,,,,60,90,,,,,,,,4.5,6.7,,,,1,,,,,,,,,,,,,,,,,,,,,,,,,,,,,
USW00094728,7/24/2024,,,,,21.1,1019,1014.6,22.2,,1.9,,,,,,,,,,,,,,,,,,,,,,,0,,80,71,88,,,,,,,,,,,,,,,,,,,,,,,,,,,,,0,0,,,,,,,,,,,,,,,,,,,,,,,,,,,,,,,,,,27.2,22.8,,,,60,100,,,,,,,,4.5,7.6,,,,1,,,,,,,1,,,,,,,,,,,,,,,,,,,,,,
USW00094728,7/25/2024,,,,,17.2,1017.3,1012.5,20.6,,1.3,,,,,,,,,,,,,,,,,,,,,,,0,,61,42,88,,,,,,,,,,,,,,,,,,,,,,,,,,,,,0,0,,,,,,,,,,,,,,,,,,,,,,,,,,,,,,,,,,28.3,22.2,,,,270,260,,,,,,,,4.5,8.9,,,,,,,,,,,,,,,,,,,,,,,,,,,,,,,,,
USW00094728,7/26/2024,,,,,11.1,1018.6,1013.9,16.7,,2.3,,,,,,,,,,,,,,,,,,,,,,,0,,45,33,61,,,,,,,,,,,,,,,,,,,,,,,,,,,,,0,0,,,,,,,,,,,,,,,,,,,,,,,,,,,,,,,,,,28.9,19.4,,,,30,60,,,,,,,,6.7,10.7,,,,,,,,,,,,,,,,,,,,,,,,,,,,,,,,,
USW00094728,7/27/2024,,,,,12.8,1020,1015.2,17.8,,1.6,,,,,,,,,,,,,,,,,,,,,,,0,,48,30,68,,,,,,,,,,,,,,,,,,,,,,,,,,,,,0,0,,,,,,,,,,,,,,,,,,,,,,,,,,,,,,,,,,30.6,20.6,,,,50,50,,,,,,,,4,7.2,,,,,,,,,,,,,,,,,,,,,,,,,,,,,,,,,
USW00094728,7/28/2024,,,,,14.4,1019,1014.2,18.9,,1.7,,,,,,,,,,,,,,,,,,,,,,,0,,53,36,69,,,,,,,,,,,,,,,,,,,,,,,,,,,,,0,0,,,,,,,,,,,,,,,,,,,,,,,,,,,,,,,,,,31.7,21.1,,,,70,170,,,,,,,,5.4,6.7,,,,,,,,,,,,,,,,,,,,,,,,,,,,,,,,,
USW00094728,7/29/2024,,,,,19.4,1014.6,1009.8,21.1,,1.3,,,,,,,,,,,,,,,,,,,,,,,1.3,,73,53,88,,,,,,,,,,,,,,,,,,,,,,,,,,,,,0,0,,,,,,,,,,,,,,,,,,,,,,,,,,,,,,,,,,28.9,20,,,,60,130,,,,,,,,5.4,7.2,,,,1,,1,,,,,1,,,,,,,,,,,,,,,,,,,,,,
USW00094728,7/30/2024,,,,,20.6,1013.9,1009.1,22.8,,1.3,,,,,,,,,,,,,,,,,,,,,,,0,,72,55,85,,,,,,,,,,,,,,,,,,,,,,,,,,,,,0,0,,,,,,,,,,,,,,,,,,,,,,,,,,,,,,,,,,31.1,23.9,,,,140,170,,,,,,,,5.4,11.2,,,,1,,,,,,,,,,,,,,,,,,,,,,,,,,,,,
USW00094728,7/31/2024,,,,,21.1,1011.9,1007.1,22.8,,1.5,,,,,,,,,,,,,,,,,,,,,,,0.8,,70,48,91,,,,,,,,,,,,,,,,,,,,,,,,,,,,,0,0,,,,,,,,,,,,,,,,,,,,,,,,,,,,,,,,,,31.7,22.8,,,,300,290,,,,,,,,6.7,12.5,,,,,,1,,,,,,,,,,,,,,,,,,,,,,,,,,,
USW00094728,8/1/2024,,,,,20,1013.2,1008.5,22.8,,0.9,,,,,,,,,,,,,,,,,,,,,,,0,,59,38,79,,,,,,,,,,,,,,,,,,,,,,,,,,,,,0,0,,,,,,,,,,,,,,,,,,,,,,,,,,,,,,,,,,35,24.4,,,,270,260,,,,,,,,4,7.2,,,,,,,,,,,,,,,,,,,,,,,,,,,,,,,,,
USW00094728,8/2/2024,,,,,22.2,1011.2,1006.4,23.9,,1.1,,,,,,,,,,,,,,,,,,,,,,,13.2,,71,49,94,,,,,,,,,,,,,,,,,,,,,,,,,,,,,0,0,,,,,,,,,,,,,,,,,,,,,,,,,,,,,,,,,,33.3,23.3,,,,140,190,,,,,,,,5.4,10.7,,,,1,1,1,,,,,1,,,,,,,,,,,,,,,,,,,,,,
USW00094728,8/3/2024,,,,,21.7,1009.8,1005.1,23.3,,1.8,,,,,,,,,,,,,,,,,,,,,,,18.5,,78,54,94,,,,,,,,,,,,,,,,,,,,,,,,,,,,,0,0,,,,,,,,,,,,,,,,,,,,,,,,,,,,,,,,,,33.9,22.8,,,,230,200,,,,,,,,6.3,9.8,,,,1,1,1,,,,,1,,,,,,,,,,,,,,,,,,,,,,
USW00094728,8/4/2024,,,,,21.7,1013.2,1008.5,22.2,,1.4,,,,,,,,,,,,,,,,,,,,,,,4.3,,86,72,94,,,,,,,,,,,,,,,,,,,,,,,,,,,,,0,0,,,,,,,,,,,,,,,,,,,,,,,,,,,,,,,,,,28.3,21.7,,,,240,220,,,,,,,,4,7.6,,,,1,,1,,,,,,,,,,,,,,,,,,,,,,,,,,,
USW00094728,8/5/2024,,,,,19.4,1015.2,1010.5,22.2,,1.2,,,,,,,,,,,,,,,,,,,,,,,0,,63,36,88,,,,,,,,,,,,,,,,,,,,,,,,,,,,,0,0,,,,,,,,,,,,,,,,,,,,,,,,,,,,,,,,,,32.2,22.8,,,,170,120,,,,,,,,3.6,8.5,,,,,,,,,,,,,,,,,,,,,,,,,,,,,,,,,
USW00094728,8/6/2024,,,,,21.7,1013.2,1008.5,23.3,,1.5,,,,,,,,,,,,,,,,,,,,,,,52.8,,78,55,97,,,,,,,,,,,,,,,,,,,,,,,,,,,,,0,0,,,,,,,,,,,,,,,,,,,,,,,,,,,,,,,,,,32.2,22.2,,,,50,260,,,,,,,,5.4,8.5,,,,1,,1,,,,,,,,,,,,,,,,,,,,,,,,,,,
USW00094728,8/7/2024,,,,,17.8,1015.2,1009.8,18.9,,3.7,,,,,,,,,,,,,,,,,,,,,,,3.3,,90,81,94,,,,,,,,,,,,,,,,,,,,,,,,,,,,,0,0,,,,,,,,,,,,,,,,,,,,,,,,,,,,,,,,,,22.2,17.8,,,,50,40,,,,,,,,7.2,12.5,,,,1,,,,,,,,,,,,,,,,,,,,,,,,,,,,,
USW00094728,8/8/2024,,,,,18.3,1018.3,1013.5,18.9,,3.2,,,,,,,,,,,,,,,,,,,,,,,9.1,,91,81,96,,,,,,,,,,,,,,,,,,,,,,,,,,,,,0,0,,,,,,,,,,,,,,,,,,,,,,,,,,,,,,,,,,21.1,18.3,,,,60,100,,,,,,,,5.8,9.8,,,,1,,,,,,,,,,,,,,,,,,,,,,,,,,,,,
USW00094728,8/9/2024,,,,,22.8,1011.5,1006.4,23.9,,2.7,,,,,,,,,,,,,,,,,,,,,,,2.8,,90,82,97,,,,,,,,,,,,,,,,,,,,,,,,,,,,,0,0,,,,,,,,,,,,,,,,,,,,,,,,,,,,,,,,,,26.7,21.1,,,,160,200,,,,,,,,6.7,14.3,,,,1,,,,,,,,,,,,,,,,,,,,,,,,,,,,,
USW00094728,8/10/2024,,,,,16.7,1012.9,1007.8,20,,2,,,,,,,,,,,,,,,,,,,,,,,0,,56,41,91,,,,,,,,,,,,,,,,,,,,,,,,,,,,,0,0,,,,,,,,,,,,,,,,,,,,,,,,,,,,,,,,,,29.4,22.8,,,,270,270,,,,,,,,5.4,8.9,,,,1,,,,,,,,,,,,,,,,,,,,,,,,,,,,,
USW00094728,8/11/2024,,,,,13.3,1015.2,1010.5,17.8,,1.3,,,,,,,,,,,,,,,,,,,,,,,0,,53,41,71,,,,,,,,,,,,,,,,,,,,,,,,,,,,,0,0,,,,,,,,,,,,,,,,,,,,,,,,,,,,,,,,,,26.7,20.6,,,,300,300,,,,,,,,5.4,8.9,,,,,,,,,,,,,,,,,,,,,,,,,,,,,,,,,
USW00094728,8/12/2024,,,,,12.8,1014.9,1009.8,16.7,,1.5,,,,,,,,,,,,,,,,,,,,,,,0,,55,43,68,,,,,,,,,,,,,,,,,,,,,,,,,,,,,0,0,,,,,,,,,,,,,,,,,,,,,,,,,,,,,,,,,,27.2,18.9,,,,350,360,,,,,,,,5.8,9.4,,,,,,,,,,,,,,,,,,,,,,,,,,,,,,,,,
USW00094728,8/13/2024,,,,,12.8,1016.3,1011.5,16.7,,1.6,,,,,,,,,,,,,,,,,,,,,,,0,,53,39,70,,,,,,,,,,,,,,,,,,,,,,,,,,,,,0,0,,,,,,,,,,,,,,,,,,,,,,,,,,,,,,,,,,27.2,17.8,,,,300,300,,,,,,,,5.8,8.9,,,,,,,,,,,,,,,,,,,,,,,,,,,,,,,,,
USW00094728,8/14/2024,,,,,14.4,1017.3,1012.5,18.3,,1.4,,,,,,,,,,,,,,,,,,,,,,,0,,56,34,79,,,,,,,,,,,,,,,,,,,,,,,,,,,,,0,0,,,,,,,,,,,,,,,,,,,,,,,,,,,,,,,,,,29.4,19.4,,,,90,90,,,,,,,,6.7,9.8,,,,,,,,,,,,,,,,,,,,,,,,,,,,,,,,,
USW00094728,8/15/2024,,,,,14.4,1016.9,1012.5,18.3,,0.4,,,,,,,,,,,,,,,,,,,,,,,0,,52,32,73,,,,,,,,,,,,,,,,,,,,,,,,,,,,,0,0,,,,,,,,,,,,,,,,,,,,,,,,,,,,,,,,,,30,20,,,,290,10,,,,,,,,3.6,5.8,,,,,,,,,,,,,,,,,,,,,,,,,,,,,,,,,
USW00094728,8/16/2024,,,,,17.8,1016.9,1011.9,20.6,,1.4,,,,,,,,,,,,,,,,,,,,,,,0,,65,42,81,,,,,,,,,,,,,,,,,,,,,,,,,,,,,0,0,,,,,,,,,,,,,,,,,,,,,,,,,,,,,,,,,,30.6,21.1,,,,130,140,,,,,,,,4,8.1,,,,,,,,,,,,,,,,,,,,,,,,,,,,,,,,,
USW00094728,8/17/2024,,,,,18.9,1015.2,1010.8,20.6,,1.6,,,,,,,,,,,,,,,,,,,,,,,1,,78,67,91,,,,,,,,,,,,,,,,,,,,,,,,,,,,,0,0,,,,,,,,,,,,,,,,,,,,,,,,,,,,,,,,,,26.1,19.4,,,,130,120,,,,,,,,4.5,8.9,,,,1,,,,,,,1,,,,,,,,,,,,,,,,,,,,,,
USW00094728,8/18/2024,,,,,21.1,1009.8,1005.4,21.7,,1.4,,,,,,,,,,,,,,,,,,,,,,,58.2,,89,71,94,,,,,,,,,,,,,,,,,,,,,,,,,,,,,0,0,,,,,,,,,,,,,,,,,,,,,,,,,,,,,,,,,,27.2,20.6,,,,290,230,,,,,,,,5.8,11.2,,,,1,1,1,,,,,1,,,,,,,,,,,,,,,,,,,,,,
USW00094728,8/19/2024,,,,,16.7,1009.5,1001,19.4,,1.3,,,,,,,,,,,,,,,,,,,,,,,6.4,,67,33,93,,,,,,,,,,,,,,,,,,,,,,,,,,,,,0,0,,,,,,,,,,,,,,,,,,,,,,,,,,,,,,,,,,28.9,20,,,,300,300,,,,,,,,6.3,10.7,,,,1,,,,,,,,,,,,,,,,,,,,,,,,,,,,,
USW00094728,8/20/2024,,,,,8.9,1012.2,1007.1,13.3,,2.6,,,,,,,,,,,,,,,,,,,,,,,0,,52,39,66,,,,,,,,,,,,,,,,,,,,,,,,,,,,,0,0,,,,,,,,,,,,,,,,,,,,,,,,,,,,,,,,,,22.2,16.1,,,,290,300,,,,,,,,5.8,9.8,,,,,,,,,,,,,,,,,,,,,,,,,,,,,,,,,
USW00094728,8/21/2024,,,,,8.3,1017.3,1012.5,12.8,,2.6,,,,,,,,,,,,,,,,,,,,,,,0,,54,41,70,,,,,,,,,,,,,,,,,,,,,,,,,,,,,0,0,,,,,,,,,,,,,,,,,,,,,,,,,,,,,,,,,,22.8,13.9,,,,310,280,,,,,,,,5.8,10.7,,,,,,,,,,,,,,,,,,,,,,,,,,,,,,,,,
USW00094728,8/22/2024,,,,,10,1021.3,1016.6,14.4,,1.5,,,,,,,,,,,,,,,,,,,,,,,0,,54,38,72,,,,,,,,,,,,,,,,,,,,,,,,,,,,,0,0,,,,,,,,,,,,,,,,,,,,,,,,,,,,,,,,,,24.4,15,,,,300,280,,,,,,,,5.8,8.5,,,,,,,,,,,,,,,,,,,,,,,,,,,,,,,,,
USW00094728,8/23/2024,,,,,11.1,1024.7,1019.6,15.6,,1.2,,,,,,,,,,,,,,,,,,,,,,,0,,52,30,73,,,,,,,,,,,,,,,,,,,,,,,,,,,,,0,0,,,,,,,,,,,,,,,,,,,,,,,,,,,,,,,,,,26.7,16.7,,,,280,280,,,,,,,,5.4,8.5,,,,,,,,,,,,,,,,,,,,,,,,,,,,,,,,,
USW00094728,8/24/2024,,,,,12.8,1023.7,1019,17.2,,0.6,,,,,,,,,,,,,,,,,,,,,,,0,,53,32,75,,,,,,,,,,,,,,,,,,,,,,,,,,,,,0,0,,,,,,,,,,,,,,,,,,,,,,,,,,,,,,,,,,28.3,18.3,,,,220,220,,,,,,,,3.6,6.3,,,,,,,,,,,,,,,,,,,,,,,,,,,,,,,,,
USW00094728,8/25/2024,,,,,15.6,1022.7,1017.9,18.9,,1.2,,,,,,,,,,,,,,,,,,,,,,,0,,58,40,70,,,,,,,,,,,,,,,,,,,,,,,,,,,,,0,0,,,,,,,,,,,,,,,,,,,,,,,,,,,,,,,,,,29.4,20,,,,230,230,,,,,,,,4.5,7.2,,,,,,,,,,,,,,,,,,,,,,,,,,,,,,,,,
USW00094728,8/26/2024,,,,,17.2,1020,1015.2,20,,1,,,,,,,,,,,,,,,,,,,,,,,1,,67,42,93,,,,,,,,,,,,,,,,,,,,,,,,,,,,,0,0,,,,,,,,,,,,,,,,,,,,,,,,,,,,,,,,,,29.4,20.6,,,,50,40,,,,,,,,5.4,7.2,,,,1,,1,,,,,,,,,,,,,,,,,,,,,,,,,,,
USW00094728,8/27/2024,,,,,17.2,1018.3,1013.9,19.4,,1.1,,,,,,,,,,,,,,,,,,,,,,,0,,65,44,87,,,,,,,,,,,,,,,,,,,,,,,,,,,,,0,0,,,,,,,,,,,,,,,,,,,,,,,,,,,,,,,,,,30,19.4,,,,230,230,,,,,,,,4.5,8.5,,,,,,,,,,,,,,,,,,,,,,,,,,,,,,,,,
USW00094728,8/28/2024,,,,,19.4,1014.6,1009.8,22.2,,2.2,,,,,,,,,,,,,,,,,,,,,,,0,,62,47,74,,,,,,,,,,,,,,,,,,,,,,,,,,,,,0,0,,,,,,,,,,,,,,,,,,,,,,,,,,,,,,,,,,32.8,23.3,,,,50,80,,,,,,,,6.3,9.4,,,,,,,,,,,,,,,,,,,,,,,,,,,,,,,,,
USW00094728,8/29/2024,,,,,16.7,1022.7,1017.9,18.9,,2.9,,,,,,,,,,,,,,,,,,,,,,,0,,65,58,69,,,,,,,,,,,,,,,,,,,,,,,,,,,,,0,0,,,,,,,,,,,,,,,,,,,,,,,,,,,,,,,,,,27.8,21.1,,,,60,80,,,,,,,,7.2,10.7,,,,,,,,,,,,,,,,,,,,,,,,,,,,,,,,,
USW00094728,8/30/2024,,,,,15,1024.4,1019.6,17.2,,2.4,,,,,,,,,,,,,,,,,,,,,,,7.6,,73,61,96,,,,,,,,,,,,,,,,,,,,,,,,,,,,,0,0,,,,,,,,,,,,,,,,,,,,,,,,,,,,,,,,,,23.3,16.1,,,,70,60,,,,,,,,5.4,8.9,,,,1,,,,,,,,,,,,,,,,,,,,,,,,,,,,,
USW00094728,8/31/2024,,,,,18.3,1017.9,1013.9,19.4,,0.9,,,,,,,,,,,,,,,,,,,,,,1804,0,,77,69,82,,,,,,,,,,,,,,,,,,,,,,,,,,,,,0,0,,,,,,,,,,,,,,,,,,,,,,,,,,,,,,,,,,25,19.4,,,,130,180,,,,,,,,3.6,6.7,,,,,,,,,,,,,,,,,,,,,,,,,,,,,,,,,
USW00094728,9/1/2024,,,,,20,1011.9,1007.1,21.7,,1.2,,,,,,,,,,,,,,,,,,,,,,,0,,76,64,85,,,,,,,,,,,,,,,,,,,,,,,,,,,,,0,0,,,,,,,,,,,,,,,,,,,,,,,,,,,,,,,,,,27.2,22.8,,,,240,280,,,,,,,,4,6.3,,,,,,,,,,,,,,,,,,,,,,,,,,,,,,,,,
USW00094728,9/2/2024,,,,,10,1016.6,1011.9,15,,2,,,,,,,,,,,,,,,,,,,,,,,0,,48,32,66,,,,,,,,,,,,,,,,,,,,,,,,,,,,,0,0,,,,,,,,,,,,,,,,,,,,,,,,,,,,,,,,,,26.1,17.2,,,,330,250,,,,,,,,5.4,10.3,,,,,,,,,,,,,,,,,,,,,,,,,,,,,,,,,
USW00094728,9/3/2024,,,,,6.1,1026.4,1021.7,12.2,,1.8,,,,,,,,,,,,,,,,,,,,,,,0,,46,28,67,,,,,,,,,,,,,,,,,,,,,,,,,,,,,0,0,,,,,,,,,,,,,,,,,,,,,,,,,,,,,,,,,,23.3,14.4,,,,30,20,,,,,,,,6.3,9.4,,,,,,,,,,,,,,,,,,,,,,,,,,,,,,,,,
USW00094728,9/4/2024,,,,,8.9,1030.1,1025.1,13.9,,0.9,,,,,,,,,,,,,,,,,,,,,,,0,,52,36,73,,,,,,,,,,,,,,,,,,,,,,,,,,,,,0,0,,,,,,,,,,,,,,,,,,,,,,,,,,,,,,,,,,25,15,,,,50,60,,,,,,,,4.5,6.3,,,,,,,,,,,,,,,,,,,,,,,,,,,,,,,,,
USW00094728,9/5/2024,,,,,11.7,1027.4,1022.4,15.6,,2,,,,,,,,,,,,,,,,,,,,,,,0,,60,43,75,,,,,,,,,,,,,,,,,,,,,,,,,,,,,0,0,,,,,,,,,,,,,,,,,,,,,,,,,,,,,,,,,,25,16.1,,,,70,50,,,,,,,,5.8,8.5,,,,,,,,,,,,,,,,,,,,,,,,,,,,,,,,,
USW00094728,9/6/2024,,,,,15.6,1018.6,1014.2,17.8,,1.5,,,,,,,,,,,,,,,,,,,,,,,0,,71,57,81,,,,,,,,,,,,,,,,,,,,,,,,,,,,,0,0,,,,,,,,,,,,,,,,,,,,,,,,,,,,,,,,,,25.6,17.2,,,,60,200,,,,,,,,5.8,8.9,,,,,,,,,,,,,,,,,,,,,,,,,,,,,,,,,
USW00094728,9/7/2024,,,,,16.1,1011.2,1006.1,17.2,,1.5,,,,,,,,,,,,,,,,,,,,,,,6.1,,82,68,93,,,,,,,,,,,,,,,,,,,,,,,,,,,,,0,0,,,,,,,,,,,,,,,,,,,,,,,,,,,,,,,,,,24.4,15,,,,300,250,,,,,,,,5.4,10.3,,,,1,,,,,,,,,,,,,,,,,,,,,,,,,,,,,
USW00094728,9/8/2024,,,,,6.7,1015.6,1010.8,11.7,,2.2,,,,,,,,,,,,,,,,,,,,,,,0,,52,36,84,,,,,,,,,,,,,,,,,,,,,,,,,,,,,0,0,,,,,,,,,,,,,,,,,,,,,,,,,,,,,,,,,,20.6,12.8,,,,250,240,,,,,,,,6.3,11.2,,,,,,,,,,,,,,,,,,,,,,,,,,,,,,,,,
USW00094728,9/9/2024,,,,,7.2,1018.3,1013.5,12.8,,1.1,,,,,,,,,,,,,,,,,,,,,,,0,,47,33,62,,,,,,,,,,,,,,,,,,,,,,,,,,,,,0,0,,,,,,,,,,,,,,,,,,,,,,,,,,,,,,,,,,23.9,12.8,,,,250,250,,,,,,,,4.5,8.9,,,,,,,,,,,,,,,,,,,,,,,,,,,,,,,,,
USW00094728,9/10/2024,,,,,9.4,1018.6,1013.9,14.4,,1.9,,,,,,,,,,,,,,,,,,,,,,,0,,48,35,63,,,,,,,,,,,,,,,,,,,,,,,,,,,,,0,0,,,,,,,,,,,,,,,,,,,,,,,,,,,,,,,,,,25.6,16.7,,,,300,300,,,,,,,,4,6.7,,,,,,,,,,,,,,,,,,,,,,,,,,,,,,,,,
USW00094728,9/11/2024,,,,,8.3,1022.4,1017.6,13.9,,1,,,,,,,,,,,,,,,,,,,,,,,0,,50,18,81,,,,,,,,,,,,,,,,,,,,,,,,,,,,,0,0,,,,,,,,,,,,,,,,,,,,,,,,,,,,,,,,,,26.1,15,,,,50,60,,,,,,,,3.6,5.4,,,,,,,,,,,,,,,,,,,,,,,,,,,,,,,,,
USW00094728,9/12/2024,,,,,14.4,1024,1019.3,16.7,,0.8,,,,,,,,,,,,,,,,,,,,,,,0,,69,43,90,,,,,,,,,,,,,,,,,,,,,,,,,,,,,0,0,,,,,,,,,,,,,,,,,,,,,,,,,,,,,,,,,,26.7,16.7,,,,140,120,,,,,,,,4,7.2,,,,1,,,,,,,1,,,,,,,,,,,,,,,,,,,,,,
USW00094728,9/13/2024,,,,,14.4,1024,1019,17.8,,0.6,,,,,,,,,,,,,,,,,,,,,,,0,,66,34,90,,,,,,,,,,,,,,,,,,,,,,,,,,,,,0,0,,,,,,,,,,,,,,,,,,,,,,,,,,,,,,,,,,27.8,17.2,,,,60,110,,,,,,,,3.1,6.3,,,,1,,,,,,,1,,,,,,,,,,,,,,,,,,,,,,
USW00094728,9/14/2024,,,,,15.6,1024,1019,18.3,,1.2,,,,,,,,,,,,,,,,,,,,,,,0,,66,41,87,,,,,,,,,,,,,,,,,,,,,,,,,,,,,0,0,,,,,,,,,,,,,,,,,,,,,,,,,,,,,,,,,,28.3,18.3,,,,50,40,,,,,,,,5.4,7.6,,,,,,,,,,,,,,,,,,,,,,,,,,,,,,,,,
USW00094728,9/15/2024,,,,,13.9,1027.1,1022.4,17.2,,2.1,,,,,,,,,,,,,,,,,,,,,,,0,,63,45,84,,,,,,,,,,,,,,,,,,,,,,,,,,,,,0,0,,,,,,,,,,,,,,,,,,,,,,,,,,,,,,,,,,26.7,17.2,,,,50,40,,,,,,,,5.8,8.1,,,,,,,,,,,,,,,,,,,,,,,,,,,,,,,,,
USW00094728,9/16/2024,,,,,12.2,1026.1,1021.3,15.6,,2.3,,,,,,,,,,,,,,,,,,,,,,,0,,64,31,84,,,,,,,,,,,,,,,,,,,,,,,,,,,,,0,0,,,,,,,,,,,,,,,,,,,,,,,,,,,,,,,,,,25,15.6,,,,50,60,,,,,,,,5.4,7.6,,,,,,,,,,,,,,,,,,,,,,,,,,,,,,,,,
USW00094728,9/17/2024,,,,,15,1022.7,1017.9,17.8,,2.1,,,,,,,,,,,,,,,,,,,,,,,0,,67,54,84,,,,,,,,,,,,,,,,,,,,,,,,,,,,,0,0,,,,,,,,,,,,,,,,,,,,,,,,,,,,,,,,,,26.1,18.3,,,,60,110,,,,,,,,4,6.7,,,,,,,,,,,,,,,,,,,,,,,,,,,,,,,,,
USW00094728,9/18/2024,,,,,16.1,1017.6,1013.5,17.8,,2.9,,,,,,,,,,,,,,,,,,,,,,,0,,71,54,84,,,,,,,,,,,,,,,,,,,,,,,,,,,,,0,0,,,,,,,,,,,,,,,,,,,,,,,,,,,,,,,,,,23.9,19.4,,,,60,70,,,,,,,,5.8,9.8,,,,,,,,,,,,,,,,,,,,,,,,,,,,,,,,,
USW00094728,9/19/2024,,,,,13.9,1012.2,1007.5,17.8,,2.4,,,,,,,,,,,,,,,,,,,,,,,0,,55,33,76,,,,,,,,,,,,,,,,,,,,,,,,,,,,,0,0,,,,,,,,,,,,,,,,,,,,,,,,,,,,,,,,,,28.9,19.4,,,,60,60,,,,,,,,5.8,8.9,,,,,,,,,,,,,,,,,,,,,,,,,,,,,,,,,
USW00094728,9/20/2024,,,,,15,1013.9,1008.5,17.8,,3,,,,,,,,,,,,,,,,,,,,,,,0,,63,45,73,,,,,,,,,,,,,,,,,,,,,,,,,,,,,0,0,,,,,,,,,,,,,,,,,,,,,,,,,,,,,,,,,,27.2,19.4,,,,50,50,,,,,,,,7.6,9.8,,,,,,,,,,,,,,,,,,,,,,,,,,,,,,,,,
USW00094728,9/21/2024,,,,,12.2,1015.6,1010.5,15.6,,3,,,,,,,,,,,,,,,,,,,,,,,0,,60,45,76,,,,,,,,,,,,,,,,,,,,,,,,,,,,,0,0,,,,,,,,,,,,,,,,,,,,,,,,,,,,,,,,,,26.1,17.2,,,,50,50,,,,,,,,5.8,8.9,,,,,,,,,,,,,,,,,,,,,,,,,,,,,,,,,
USW00094728,9/22/2024,,,,,10.6,1016.6,1011.5,14.4,,2.7,,,,,,,,,,,,,,,,,,,,,,,0,,58,44,73,,,,,,,,,,,,,,,,,,,,,,,,,,,,,0,0,,,,,,,,,,,,,,,,,,,,,,,,,,,,,,,,,,23.3,16.1,,,,60,50,,,,,,,,6.3,11.6,,,,,,,,,,,,,,,,,,,,,,,,,,,,,,,,,
USW00094728,9/23/2024,,,,,10.6,1018.3,1013.2,13.9,,2.6,,,,,,,,,,,,,,,,,,,,,,,1,,66,56,90,,,,,,,,,,,,,,,,,,,,,,,,,,,,,0,0,,,,,,,,,,,,,,,,,,,,,,,,,,,,,,,,,,19.4,15,,,,60,50,,,,,,,,7.2,9.8,,,,1,,,,,,,,,,,,,,,,,,,,,,,,,,,,,
USW00094728,9/24/2024,,,,,11.1,1021,1015.2,14.4,,2.5,,,,,,,,,,,,,,,,,,,,,,,0,,63,32,80,,,,,,,,,,,,,,,,,,,,,,,,,,,,,0,0,,,,,,,,,,,,,,,,,,,,,,,,,,,,,,,,,,20,15,,,,70,70,,,,,,,,5.8,8.1,,,,,,,,,,,,,,,,,,,,,,,,,,,,,,,,,
USW00094728,9/25/2024,,,,,12.2,1021,1016.3,15,,2.2,,,,,,,,,,,,,,,,,,,,,,,0,,69,63,78,,,,,,,,,,,,,,,,,,,,,,,,,,,,,0,0,,,,,,,,,,,,,,,,,,,,,,,,,,,,,,,,,,20,16.7,,,,80,,,,,,,,,3.6,,,,,,,,,,,,,,,,,,,,,,,,,,,,,,,,,,
USW00094728,9/26/2024,,,,,18.9,1017.9,1012.9,19.4,,0.9,,,,,,,,,,,,,,,,,,,,,,1058,2,,85,53,94,,,,,,,,,,,,,,,,,,,,,,,,,,,,,0,0,,,,,,,,,,,,,,,,,,,,,,,,,,,,,,,,,,23.3,17.8,,,,100,180,,,,,,,,3.6,5.8,,,,1,,,,,,,1,,,,,,,,,,,,,,,,,,,,,,
USW00094728,9/27/2024,,,,,16.1,1015.9,1011.2,17.8,,1.8,,,,,,,,,,,,,,,,,,,,,,210,4.6,,77,61,93,,,,,,,,,,,,,,,,,,,,,,,,,,,,,0,0,,,,,,,,,,,,,,,,,,,,,,,,,,,,,,,,,,23.3,17.2,,,,70,50,,,,,,,,6.3,10.3,,,,1,,,,,,,,,,,,,,,,,,,,,,,,,,,,,
USW00094728,9/28/2024,,,,,15.6,1014.6,1009.5,16.7,,3.9,,,,,,,,,,,,,,,,,,,,,,1703,6.6,,89,73,93,,,,,,,,,,,,,,,,,,,,,,,,,,,,,0,0,,,,,,,,,,,,,,,,,,,,,,,,,,,,,,,,,,20,16.1,,,,60,60,,,,,,,,7.6,11.6,,,,1,,,,,,,,,,,,,,,,,,,,,,,,,,,,,
USW00094728,9/29/2024,,,,,15,1016.3,1011.5,15.6,,2.6,,,,,,,,,,,,,,,,,,,,,,258,19.8,,91,80,93,,,,,,,,,,,,,,,,,,,,,,,,,,,,,0,0,,,,,,,,,,,,,,,,,,,,,,,,,,,,,,,,,,17.2,15.6,,,,50,80,,,,,,,,5.4,9.8,,,,1,,,,,,,,,,,,,,,,,,,,,,,,,,,,,
USW00094728,9/30/2024,,,,,12.8,1017.3,1012.2,15,,2.3,,,,,,,,,,,,,,,,,,,,,,1307,0,,71,51,90,,,,,,,,,,,,,,,,,,,,,,,,,,,,,0,0,,,,,,,,,,,,,,,,,,,,,,,,,,,,,,,,,,22.2,15.6,,,,60,70,,,,,,,,6.3,9.4,,,,,,,,,,,,,,,,,,,,,,,,,,,,,,,,,
USW00094728,10/1/2024,,,,,12.8,1017.3,1012.5,15,,2.8,,,,,,,,,,,,,,,,,,,,,,,0,,75,65,84,,,,,,,,,,,,,,,,,,,,,,,,,,,,,0,0,,,,,,,,,,,,,,,,,,,,,,,,,,,,,,,,,,20.6,15.6,,,,60,60,,,,,,,,6.3,9.8,,,,,,,,,,,,,,,,,,,,,,,,,,,,,,,,,
USW00094728,10/2/2024,,,,,11.1,1016.3,1011.5,13.9,,1.9,,,,,,,,,,,,,,,,,,,,,,,0,,68,55,81,,,,,,,,,,,,,,,,,,,,,,,,,,,,,0,0,,,,,,,,,,,,,,,,,,,,,,,,,,,,,,,,,,20,14.4,,,,60,60,,,,,,,,5.4,7.6,,,,,,,,,,,,,,,,,,,,,,,,,,,,,,,,,
USW00094728,10/3/2024,,,,,11.7,1020.7,1015.2,14.4,,0.4,,,,,,,,,,,,,,,,,,,,,,,0,,64,29,76,,,,,,,,,,,,,,,,,,,,,,,,,,,,,0,0,,,,,,,,,,,,,,,,,,,,,,,,,,,,,,,,,,22.2,16.7,,,,140,130,,,,,,,,3.1,5.8,,,,,,,,,,,,,,,,,,,,,,,,,,,,,,,,,
USW00094728,10/4/2024,,,,,13.3,1022,1017.3,16.1,,0.5,,,,,,,,,,,,,,,,,,,,,,,0,,71,63,84,,,,,,,,,,,,,,,,,,,,,,,,,,,,,0,0,,,,,,,,,,,,,,,,,,,,,,,,,,,,,,,,,,22.8,15.6,,,,130,120,,,,,,,,3.1,6.7,,,,,,,,,,,1,,,,,,,,,,,,,,,,,,,,,,
USW00094728,10/5/2024,,,,,10,1020.7,1015.9,13.9,,1.9,,,,,,,,,,,,,,,,,,,,,,,0,,56,35,84,,,,,,,,,,,,,,,,,,,,,,,,,,,,,0,0,,,,,,,,,,,,,,,,,,,,,,,,,,,,,,,,,,23.9,16.1,,,,50,70,,,,,,,,5.4,9.4,,,,,,,,,,,,,,,,,,,,,,,,,,,,,,,,,
USW00094728,10/6/2024,,,,,10,1017.9,1012.9,13.3,,1.1,,,,,,,,,,,,,,,,,,,,,,,0,,63,50,78,,,,,,,,,,,,,,,,,,,,,,,,,,,,,0,0,,,,,,,,,,,,,,,,,,,,,,,,,,,,,,,,,,21.7,12.8,,,,240,240,,,,,,,,4,8.9,,,,,,,,,,,,,,,,,,,,,,,,,,,,,,,,,
USW00094728,10/7/2024,,,,,10,1010.5,1005.4,13.9,,2.5,,,,,,,,,,,,,,,,,,,,,,,0,,57,32,84,,,,,,,,,,,,,,,,,,,,,,,,,,,,,0,0,,,,,,,,,,,,,,,,,,,,,,,,,,,,,,,,,,23.9,14.4,,,,300,320,,,,,,,,5.8,10.3,,,,,,,,,,,,,,,,,,,,,,,,,,,,,,,,,
USW00094728,10/8/2024,,,,,4.4,1012.5,1007.5,10,,1.3,,,,,,,,,,,,,,,,,,,,,,,0,,49,32,72,,,,,,,,,,,,,,,,,,,,,,,,,,,,,0,0,,,,,,,,,,,,,,,,,,,,,,,,,,,,,,,,,,20,11.7,,,,320,310,,,,,,,,5.4,8.1,,,,,,,,,,,,,,,,,,,,,,,,,,,,,,,,,
USW00094728,10/9/2024,,,,,3.3,1012.9,1007.5,10,,1.6,,,,,,,,,,,,,,,,,,,,,,,0,,43,28,60,,,,,,,,,,,,,,,,,,,,,,,,,,,,,0,0,,,,,,,,,,,,,,,,,,,,,,,,,,,,,,,,,,20,12.2,,,,310,310,,,,,,,,6.7,10.7,,,,,,,,,,,,,,,,,,,,,,,,,,,,,,,,,
USW00094728,10/10/2024,,,,,1.7,1017.6,1012.9,7.2,,2.8,,,,,,,,,,,,,,,,,,,,,,,0,,50,36,61,,,,,,,,,,,,,,,,,,,,,,,,,,,,,0,0,,,,,,,,,,,,,,,,,,,,,,,,,,,,,,,,,,16.7,9.4,,,,300,300,,,,,,,,6.3,10.7,,,,,,,,,,,,,,,,,,,,,,,,,,,,,,,,,
USW00094728,10/11/2024,,,,,,,,,,1.9,,,,,,,,,,,,,,,,,,,,,,,0,,,,,,,,,,,,,,,,,,,,,,,,,,,,,,,,,0,0,,,,,,,,,,,,,,,,,,,,,,,,,,,,,,,,,,20,7.8,,,,230,240,,,,,,,,5.4,10.7,,,,,,,,,,,,,,,,,,,,,,,,,,,,,,,,,
USW00094728,10/12/2024,,,,,2.8,1013.2,1008.1,10.6,,2.2,,,,,,,,,,,,,,,,,,,,,,,0,,37,22,52,,,,,,,,,,,,,,,,,,,,,,,,,,,,,0,0,,,,,,,,,,,,,,,,,,,,,,,,,,,,,,,,,,23.3,13.3,,,,300,310,,,,,,,,6.7,12.5,,,,,,,,,,,,,,,,,,,,,,,,,,,,,,,,,
USW00094728,10/13/2024,,,,,8.9,1009.5,1005.8,12.8,,2.2,,,,,,,,,,,,,,,,,,,,,,,0,,62,41,87,,,,,,,,,,,,,,,,,,,,,,,,,,,,,0,0,,,,,,,,,,,,,,,,,,,,,,,,,,,,,,,,,,20.6,12.8,,,,60,90,,,,,,,,5.4,8.5,,,,,,,,,,,,,,,,,,,,,,,,,,,,,,,,,
USW00094728,10/14/2024,,,,,5,1005.4,999.7,9.4,,2.7,,,,,,,,,,,,,,,,,,,,,,,0,,60,30,83,,,,,,,,,,,,,,,,,,,,,,,,,,,,,0,0,,,,,,,,,,,,,,,,,,,,,,,,,,,,,,,,,,18.9,8.9,,,,280,280,,,,,,,,8.1,15.7,,,,,,,,,,,1,,,,,,,,,,,,,,,,,,,,,,
USW00094728,10/15/2024,,,,,0.6,1011.9,1006.4,6.1,,2.6,,,,,,,,,,,,,,,,,,,,,,,0,,51,34,68,,,,,,,,,,,,,,,,,,,,,,,,,,,,,0,0,,,,,,,,,,,,,,,,,,,,,,,,,,,,,,,,,,13.9,7.2,,,,300,270,,,,,,,,5.8,10.7,,,,,,,,,,,,,,,,,,,,,,,,,,,,,,,,,
USW00094728,10/16/2024,,,,,0,1017.6,1011.2,5.6,,2.8,,,,,,,,,,,,,,,,,,,,,,,0,,50,36,65,,,,,,,,,,,,,,,,,,,,,,,,,,,,,0,0,,,,,,,,,,,,,,,,,,,,,,,,,,,,,,,,,,15,6.7,,,,300,260,,,,,,,,6.7,10.3,,,,,,,,,,,,,,,,,,,,,,,,,,,,,,,,,
USW00094728,10/17/2024,,,,,-0.6,1023.4,1018.6,6.1,,2.3,,,,,,,,,,,,,,,,,,,,,,,0,,47,32,74,,,,,,,,,,,,,,,,,,,,,,,,,,,,,0,0,,,,,,,,,,,,,,,,,,,,,,,,,,,,,,,,,,14.4,6.1,,,,40,360,,,,,,,,6.3,9.4,,,,,,,,,,,,,,,,,,,,,,,,,,,,,,,,,
USW00094728,10/18/2024,,,,,1.1,1028.8,1024,8.3,,1.9,,,,,,,,,,,,,,,,,,,,,,,0,,43,21,64,,,,,,,,,,,,,,,,,,,,,,,,,,,,,0,0,,,,,,,,,,,,,,,,,,,,,,,,,,,,,,,,,,18.9,8.9,,,,50,50,,,,,,,,5.8,9.8,,,,,,,,,,,,,,,,,,,,,,,,,,,,,,,,,
USW00094728,10/19/2024,,,,,3.9,1031.2,1027.1,10,,0.6,,,,,,,,,,,,,,,,,,,,,,,0,,49,25,71,,,,,,,,,,,,,,,,,,,,,,,,,,,,,0,0,,,,,,,,,,,,,,,,,,,,,,,,,,,,,,,,,,21.7,10,,,,270,340,,,,,,,,2.7,4.5,,,,,,,,,,,,,,,,,,,,,,,,,,,,,,,,,
USW00094728,10/20/2024,,,,,3.3,1025.4,1021.3,10,,0.7,,,,,,,,,,,,,,,,,,,,,,,0,,43,25,75,,,,,,,,,,,,,,,,,,,,,,,,,,,,,0,0,,,,,,,,,,,,,,,,,,,,,,,,,,,,,,,,,,22.8,11.1,,,,250,240,,,,,,,,3.1,5.8,,,,,,,,,,,,,,,,,,,,,,,,,,,,,,,,,
USW00094728,10/21/2024,,,,,3.9,1022,1016.9,11.7,,1.2,,,,,,,,,,,,,,,,,,,,,,,0,,36,25,48,,,,,,,,,,,,,,,,,,,,,,,,,,,,,0,0,,,,,,,,,,,,,,,,,,,,,,,,,,,,,,,,,,26.1,13.9,,,,290,220,,,,,,,,3.6,5.4,,,,,,,,,,,,,,,,,,,,,,,,,,,,,,,,,
USW00094728,10/22/2024,,,,,9.4,1023.4,1018.3,14.4,,0.6,,,,,,,,,,,,,,,,,,,,,,,0,,49,32,67,,,,,,,,,,,,,,,,,,,,,,,,,,,,,0,0,,,,,,,,,,,,,,,,,,,,,,,,,,,,,,,,,,27.2,16.7,,,,130,120,,,,,,,,3.6,5.8,,,,,,,,,,,,,,,,,,,,,,,,,,,,,,,,,
USW00094728,10/23/2024,,,,,11.7,1016.6,1012.9,15,,0.9,,,,,,,,,,,,,,,,,,,,,,,0,,61,44,73,,,,,,,,,,,,,,,,,,,,,,,,,,,,,0,0,,,,,,,,,,,,,,,,,,,,,,,,,,,,,,,,,,23.9,15,,,,210,200,,,,,,,,4.5,8.9,,,,,,,,,,,,,,,,,,,,,,,,,,,,,,,,,
USW00094728,10/24/2024,,,,,5.6,1013.9,1008.5,11.1,,2.2,,,,,,,,,,,,,,,,,,,,,,,0,,47,32,67,,,,,,,,,,,,,,,,,,,,,,,,,,,,,0,0,,,,,,,,,,,,,,,,,,,,,,,,,,,,,,,,,,20.6,11.7,,,,350,10,,,,,,,,5.8,9.4,,,,,,,,,,,,,,,,,,,,,,,,,,,,,,,,,
USW00094728,10/25/2024,,,,,1.7,1019,1014.6,7.8,,1.3,,,,,,,,,,,,,,,,,,,,,,,0,,48,29,66,,,,,,,,,,,,,,,,,,,,,,,,,,,,,0,0,,,,,,,,,,,,,,,,,,,,,,,,,,,,,,,,,,16.7,7.8,,,,40,40,,,,,,,,5.4,9.8,,,,,,,,,,,,,,,,,,,,,,,,,,,,,,,,,
USW00094728,10/26/2024,,,,,0,1020.3,1015.2,7.8,,2.4,,,,,,,,,,,,,,,,,,,,,,,0,,38,24,55,,,,,,,,,,,,,,,,,,,,,,,,,,,,,0,0,,,,,,,,,,,,,,,,,,,,,,,,,,,,,,,,,,17.8,10.6,,,,310,300,,,,,,,,7.6,13.9,,,,,,,,,,,,,,,,,,,,,,,,,,,,,,,,,
USW00094728,10/27/2024,,,,,-2.8,1028.1,1023,5,,1.3,,,,,,,,,,,,,,,,,,,,,,,0,,42,17,61,,,,,,,,,,,,,,,,,,,,,,,,,,,,,0,0,,,,,,,,,,,,,,,,,,,,,,,,,,,,,,,,,,13.9,7.2,,,,300,280,,,,,,,,5.8,9.4,,,,,,,,,,,,,,,,,,,,,,,,,,,,,,,,,
USW00094728,10/28/2024,,,,,-0.6,1030.1,1025.1,6.7,,1.3,,,,,,,,,,,,,,,,,,,,,,,0,,44,30,66,,,,,,,,,,,,,,,,,,,,,,,,,,,,,0,0,,,,,,,,,,,,,,,,,,,,,,,,,,,,,,,,,,16.1,7.8,,,,130,120,,,,,,,,3.6,6.3,,,,,,,,,,,,,,,,,,,,,,,,,,,,,,,,,
USW00094728,10/29/2024,,,,,10,1030.1,1025.4,12.2,,1.4,,,,,,,,,,,,,,,,,,,,,,,0.3,,74,62,87,,,,,,,,,,,,,,,,,,,,,,,,,,,,,0,0,,,,,,,,,,,,,,,,,,,,,,,,,,,,,,,,,,17.2,11.1,,,,120,130,,,,,,,,5.8,10.3,,,,1,,,,,,,,,,,,,,,,,,,,,,,,,,,,,
USW00094728,10/30/2024,,,,,11.1,1025.1,1020.7,14.4,,1.5,,,,,,,,,,,,,,,,,,,,,,,0,,62,45,87,,,,,,,,,,,,,,,,,,,,,,,,,,,,,0,0,,,,,,,,,,,,,,,,,,,,,,,,,,,,,,,,,,24.4,14.4,,,,250,260,,,,,,,,4,7.6,,,,,,,,,,,,,,,,,,,,,,,,,,,,,,,,,
USW00094728,10/31/2024,,,,,12.2,1018.6,1014.2,16.1,,1.7,,,,,,,,,,,,,,,,,,,,,,,0,,55,39,78,,,,,,,,,,,,,,,,,,,,,,,,,,,,,0,0,,,,,,,,,,,,,,,,,,,,,,,,,,,,,,,,,,27.2,16.1,,,,210,240,,,,,,,,5.4,8.9,,,,,,,,,,,,,,,,,,,,,,,,,,,,,,,,,
USW00094728,11/1/2024,,,,,7.8,1014.9,1009.1,13.9,,2.8,,,,,,,,,,,,,,,,,,,,,,,0,,46,16,63,,,,,,,,,,,,,,,,,,,,,,,,,,,,,0,0,,,,,,,,,,,,,,,,,,,,,,,,,,,,,,,,,,26.1,13.9,,,,270,240,,,,,,,,7.2,14.3,,,,,,,,,,,,,,,,,,,,,,,,,,,,,,,,,
USW00094728,11/2/2024,,,,,0.6,1025.7,1020,7.2,,1.9,,,,,,,,,,,,,,,,,,,,,,,0,,45,35,56,,,,,,,,,,,,,,,,,,,,,,,,,,,,,0,0,,,,,,,,,,,,,,,,,,,,,,,,,,,,,,,,,,15.6,8.3,,,,300,310,,,,,,,,5.8,8.1,,,,,,,,,,,,,,,,,,,,,,,,,,,,,,,,,
USW00094728,11/3/2024,,,,,-5,1031.2,1025.7,3.3,,2.3,,,,,,,,,,,,,,,,,,,,,,,0,,40,21,60,,,,,,,,,,,,,,,,,,,,,,,,,,,,,0,0,,,,,,,,,,,,,,,,,,,,,,,,,,,,,,,,,,12.2,5,,,,50,60,,,,,,,,6.3,8.9,,,,,,,,,,,,,,,,,,,,,,,,,,,,,,,,,
USW00094728,11/4/2024,,,,,3.9,1030.8,1026.4,7.8,,1.8,,,,,,,,,,,,,,,,,,,,,,,0,,63,47,77,,,,,,,,,,,,,,,,,,,,,,,,,,,,,0,0,,,,,,,,,,,,,,,,,,,,,,,,,,,,,,,,,,14.4,6.7,,,,140,110,,,,,,,,4,7.6,,,,,,,,,,,,,,,,,,,,,,,,,,,,,,,,,
USW00094728,11/5/2024,,,,,11.7,1022.4,1017.9,14.4,,1.5,,,,,,,,,,,,,,,,,,,,,,,0,,70,52,87,,,,,,,,,,,,,,,,,,,,,,,,,,,,,0,0,,,,,,,,,,,,,,,,,,,,,,,,,,,,,,,,,,22.8,12.2,,,,220,240,,,,,,,,5.4,9.8,,,,,,,,,,,1,,,,,,,,,,,,,,,,,,,,,,
USW00094728,11/6/2024,,,,,13.3,1016.3,1011.9,16.7,,1.8,,,,,,,,,,,,,,,,,,,,,,,0,,57,42,76,,,,,,,,,,,,,,,,,,,,,,,,,,,,,0,0,,,,,,,,,,,,,,,,,,,,,,,,,,,,,,,,,,26.7,17.8,,,,250,210,,,,,,,,5.4,9.8,,,,,,,,,,,,,,,,,,,,,,,,,,,,,,,,,
USW00094728,11/7/2024,,,,,8.3,1017.6,1012.2,13.3,,2.3,,,,,,,,,,,,,,,,,,,,,,,0,,52,34,75,,,,,,,,,,,,,,,,,,,,,,,,,,,,,0,0,,,,,,,,,,,,,,,,,,,,,,,,,,,,,,,,,,22.8,12.2,,,,310,320,,,,,,,,7.2,11.6,,,,,,,,,,,,,,,,,,,,,,,,,,,,,,,,,
USW00094728,11/8/2024,,,,,1.1,1014.6,1009.8,8.3,,2.4,,,,,,,,,,,,,,,,,,,,,,,0,,42,21,64,,,,,,,,,,,,,,,,,,,,,,,,,,,,,0,0,,,,,,,,,,,,,,,,,,,,,,,,,,,,,,,,,,20.6,10,,,,300,310,,,,,,,,8.9,16.5,,,,,,,,,,,,,,,,,,,,,,,,,,,,,,,,,
USW00094728,11/9/2024,,,,,-7.2,1026.1,1019.6,3.3,,1.9,,,,,,,,,,,,,,,,,,,,,,,0,,30,21,43,,,,,,,,,,,,,,,,,,,,,,,,,,,,,0,0,,,,,,,,,,,,,,,,,,,,,,,,,,,,,,,,,,12.2,6.1,,,,300,290,,,,,,,,6.3,12.5,,,,,,,,,,,1,,,,,,,,,,,,,,,,,,,,,,
USW00094728,11/10/2024,,,,,0.6,1022.4,1019,7.2,,1.5,,,,,,,,,,,,,,,,,,,,,,,2,,49,31,90,,,,,,,,,,,,,,,,,,,,,,,,,,,,,0,0,,,,,,,,,,,,,,,,,,,,,,,,,,,,,,,,,,14.4,7.2,,,,250,250,,,,,,,,5.8,8.9,,,,1,,,,,,,,,,,,,,,,,,,,,,,,,,,,,
USW00094728,11/11/2024,,,,,8.3,1006.8,1002.4,12.2,,2.9,,,,,,,,,,,,,,,,,,,,,,,2.5,,63,40,90,,,,,,,,,,,,,,,,,,,,,,,,,,,,,0,0,,,,,,,,,,,,,,,,,,,,,,,,,,,,,,,,,,20,12.8,,,,230,210,,,,,,,,7.2,13.4,,,,1,,,,,,,,,,,,,,,,,,,,,,,,,,,,,
USW00094728,11/12/2024,,,,,-2.2,1017.6,1010.2,5,,4.3,,,,,,,,,,,,,,,,,,,,,,,0,,44,35,59,,,,,,,,,,,,,,,,,,,,,,,,,,,,,0,0,,,,,,,,,,,,,,,,,,,,,,,,,,,,,,,,,,15,5,,,,300,300,,,,,,,,9.4,16.1,,,,,,,,,,,,,,,,,,,,,,,,,,,,,,,,,
USW00094728,11/13/2024,,,,,-7.8,1031.2,1025.7,1.1,,2.8,,,,,,,,,,,,,,,,,,,,,,,0,,38,25,52,,,,,,,,,,,,,,,,,,,,,,,,,,,,,0,0,,,,,,,,,,,,,,,,,,,,,,,,,,,,,,,,,,10,2.8,,,,50,60,,,,,,,,7.2,10.3,,,,,,,,,,,,,,,,,,,,,,,,,,,,,,,,,
USW00094728,11/14/2024,,,,,-4.4,1024,1019.3,2.2,,2.1,,,,,,,,,,,,,,,,,,,,,,,0,,49,38,58,,,,,,,,,,,,,,,,,,,,,,,,,,,,,0,0,,,,,,,,,,,,,,,,,,,,,,,,,,,,,,,,,,8.3,2.8,,,,60,90,,,,,,,,6.3,10.3,,,,,,,,,,,,,,,,,,,,,,,,,,,,,,,,,
USW00094728,11/15/2024,,,,,-4.4,1011.5,1006.8,3.9,,2.2,,,,,,,,,,,,,,,,,,,,,,,0,,37,26,48,,,,,,,,,,,,,,,,,,,,,,,,,,,,,0,0,,,,,,,,,,,,,,,,,,,,,,,,,,,,,,,,,,14.4,5,,,,300,300,,,,,,,,7.2,10.7,,,,,,,,,,,,,,,,,,,,,,,,,,,,,,,,,
USW00094728,11/16/2024,,,,,-3.9,1011.9,1006.8,5,,3.8,,,,,,,,,,,,,,,,,,,,,,,0,,35,21,50,,,,,,,,,,,,,,,,,,,,,,,,,,,,,0,0,,,,,,,,,,,,,,,,,,,,,,,,,,,,,,,,,,16.7,7.2,,,,300,300,,,,,,,,7.2,13.9,,,,,,,,,,,,,,,,,,,,,,,,,,,,,,,,,
USW00094728,11/17/2024,,,,,-3.3,1015.9,1010.8,5.6,,2.1,,,,,,,,,,,,,,,,,,,,,,,0,,36,17,52,,,,,,,,,,,,,,,,,,,,,,,,,,,,,0,0,,,,,,,,,,,,,,,,,,,,,,,,,,,,,,,,,,17.2,6.7,,,,300,300,,,,,,,,5.8,9.4,,,,,,,,,,,1,,,,,,,,,,,,,,,,,,,,,,
USW00094728,11/18/2024,,,,,0.6,1011.5,1006.4,7.8,,1.9,,,,,,,,,,,,,,,,,,,,,,,0,,42,29,53,,,,,,,,,,,,,,,,,,,,,,,,,,,,,0,0,,,,,,,,,,,,,,,,,,,,,,,,,,,,,,,,,,18.9,9.4,,,,300,290,,,,,,,,7.2,12.5,,,,,,,,,,,,,,,,,,,,,,,,,,,,,,,,,
USW00094728,11/19/2024,,,,,0.6,1012.5,1007.5,6.7,,1,,,,,,,,,,,,,,,,,,,,,,,0,,47,32,61,,,,,,,,,,,,,,,,,,,,,,,,,,,,,0,0,,,,,,,,,,,,,,,,,,,,,,,,,,,,,,,,,,15.6,8.3,,,,300,320,,,,,,,,4.5,8.1,,,,,,,,,,,,,,,,,,,,,,,,,,,,,,,,,
USW00094728,11/20/2024,,,,,3.9,1007.8,1002.4,8.9,,1.3,,,,,,,,,,,,,,,,,,,,,,,0,,54,44,70,,,,,,,,,,,,,,,,,,,,,,,,,,,,,0,0,,,,,,,,,,,,,,,,,,,,,,,,,,,,,,,,,,15.6,11.7,,,,100,100,,,,,,,,8.1,15.2,,,,,,,,,,,,,,,,,,,,,,,,,,,,,,,,,
USW00094728,11/21/2024,,,,,6.1,999,994.9,7.2,,3.1,,,,,,,,,,,,,,,,,,,,,,,39.9,,90,69,93,,,,,,,,,,,,,,,,,,,,,,,,,,,,,0,0,,,,,,,,,,,,,,,,,,,,,,,,,,,,,,,,,,12.2,2.8,,,,50,60,,,,,,,,6.7,10.7,,,,1,,,,,,,,,,,,,,,,,,,,,,,,,,,,,
USW00094728,11/22/2024,,,,,1.1,993.6,988.8,2.8,,2.7,,,,,,,,,,,,,,,,,,,,,,,13.5,,83,73,89,,,,,,,,,,,,,,,,,,,,,,,,,,,,,0,0,,,,,,,,,,,,,,,,,,,,,,,,,,,,,,,,,,4.4,2.8,,,,230,230,,,,,,,,7.2,14.3,,,,1,,,,,,,,,,,,,,,,,,,,,,,,,,,,,
USW00094728,11/23/2024,,,,,0.6,1000.7,995.3,4.4,,3.7,,,,,,,,,,,,,,,,,,,,,,,0.5,,67,52,93,,,,,,,,,,,,,,,,,,,,,,,,,,,,,0,0,,,,,,,,,,,,,,,,,,,,,,,,,,,,,,,,,,9.4,2.8,,,,290,280,,,,,,,,9.4,17.4,,,,1,,,,,,,,,,,,,,,,,,,,,,,,,,,,,
USW00094728,11/24/2024,,,,,-0.6,1011.9,1006.8,5,,4.4,,,,,,,,,,,,,,,,,,,,,,,0,,51,38,63,,,,,,,,,,,,,,,,,,,,,,,,,,,,,0,0,,,,,,,,,,,,,,,,,,,,,,,,,,,,,,,,,,11.7,6.7,,,,280,270,,,,,,,,8.9,14.3,,,,,,,,,,,,,,,,,,,,,,,,,,,,,,,,,
USW00094728,11/25/2024,,,,,-1.7,1016.9,1011.9,4.4,,1.4,,,,,,,,,,,,,,,,,,,,,,,0,,47,31,63,,,,,,,,,,,,,,,,,,,,,,,,,,,,,0,0,,,,,,,,,,,,,,,,,,,,,,,,,,,,,,,,,,12.2,5,,,,290,260,,,,,,,,4.5,8.1,,,,,,,,,,,,,,,,,,,,,,,,,,,,,,,,,
USW00094728,11/26/2024,,,,,5,1011.5,1005.8,8.9,,2.1,,,,,,,,,,,,,,,,,,,,,,,4.8,,65,43,90,,,,,,,,,,,,,,,,,,,,,,,,,,,,,0,0,,,,,,,,,,,,,,,,,,,,,,,,,,,,,,,,,,14.4,7.8,,,,310,310,,,,,,,,6.3,11.6,,,,1,,,,,,,,,,,,,,,,,,,,,,,,,,,,,
USW00094728,11/27/2024,,,,,-2.2,1015.9,1010.8,3.9,,2,,,,,,,,,,,,,,,,,,,,,,,0,,47,36,58,,,,,,,,,,,,,,,,,,,,,,,,,,,,,0,0,,,,,,,,,,,,,,,,,,,,,,,,,,,,,,,,,,11.1,6.1,,,,230,220,,,,,,,,5.4,8.5,,,,,,,,,,,,,,,,,,,,,,,,,,,,,,,,,
USW00094728,11/28/2024,,,,,2.8,1004.7,1000.3,5.6,,2.5,,,,,,,,,,,,,,,,,,,,,,,21.8,,77,44,97,,,,,,,,,,,,,,,,,,,,,,,,,,,,,0,0,,,,,,,,,,,,,,,,,,,,,,,,,,,,,,,,,,9.4,5.6,,,,270,300,,,,,,,,7.2,14.3,,,,1,,,,,,,,,,,,,,,,,,,,,,,,,,,,,
USW00094728,11/29/2024,,,,,-3.3,1011.9,1006.4,1.7,,2.6,,,,,,,,,,,,,,,,,,,,,,,0,,57,44,68,,,,,,,,,,,,,,,,,,,,,,,,,,,,,0,0,,,,,,,,,,,,,,,,,,,,,,,,,,,,,,,,,,8.3,1.1,,,,280,240,,,,,,,,6.7,10.7,,,,,,,,,,,,,,,,,,,,,,,,,,,,,,,,,
USW00094728,11/30/2024,,,,,-9.4,1015.6,1010.2,-2.2,,3.4,,,,,,,,,,,,,,,,,,,,,,,0,,46,34,56,,,,,,,,,,,,,,,,,,,,,,,,,,,,,0,0,,,,,,,,,,,,,,,,,,,,,,,,,,,,,,,,,,3.9,-1,,,,270,270,,,,,,,,6.3,11.2,,,,,,,,,,,,,,,,,,,,,,,,,,,,,,,,,
USW00094728,12/1/2024,,,,,-11.7,1018.3,1013.2,-3.9,,3.3,,,,,,,,,,,,,,,,,,,,,,,0,,42,31,53,,,,,,,,,,,,,,,,,,,,,,,,,,,,,0,0,,,,,,,,,,,,,,,,,,,,,,,,,,,,,,,,,,3.3,-2.7,,,,230,230,,,,,,,,7.6,15.7,,,,,,,,,,,,,,,,,,,,,,,,,,,,,,,,,
USW00094728,12/2/2024,,,,,-8.9,1020.3,1014.9,-2.2,,2.4,,,,,,,,,,,,,,,,,,,,,,1532,0,,48,39,56,,,,,,,,,,,,,,,,,,,,,,,,,,,,,0,0,,,,,,,,,,,,,,,,,,,,,,,,,,,,,,,,,,3.9,-1.6,,,,300,310,,,,,,,,5.8,9.8,,,,,,,,,,,,,,,,,,,,,,,,,,,,,,,,,
USW00094728,12/3/2024,,,,,-7.2,1023.7,1017.9,-1.1,,2.7,,,,,,,,,,,,,,,,,,,,,,1945,0,,51,31,67,,,,,,,,,,,,,,,,,,,,,,,,,,,,,0,0,,,,,,,,,,,,,,,,,,,,,,,,,,,,,,,,,,5.6,0,,,,310,300,,,,,,,,7.2,11.6,,,,,,,,,,,,,,,,,,,,,,,,,,,,,,,,,
USW00094728,12/4/2024,,,,,-7.2,1018.6,1015.2,-1.1,,2,,,,,,,,,,,,,,,,,,,,,,1945,0.3,,51,36,79,,,,,,,,,,,,,,,,,,,,,,,,,,,,,0,0,,,,,,,,,,,,,,,,,,,,,,,,,,,,,,,,,,5.6,-1,,,,190,210,,,,,,,,7.2,14.3,,,,,,,,,,,,,,,,,,,,,,,,,,,,,,,,,
USW00094728,12/5/2024,,,,,-4.4,1004.1,998.6,0,,3.8,,,,,,,,,,,,,,,,,,,,,,1357,2.3,,62,41,86,,,,,,,,,,,,,,,,,,,,,,,,,,,,,0,0,,,,,,,,,,,,,,,,,,,,,,,,,,,,,,,,,,4.4,-0.5,,,,280,280,,,,,,,,9.4,17.9,,,,,,,,,,,,,,,,,,,,,,,,,,,,,,,,,
USW00094728,12/6/2024,,,,,-12.2,1017.9,1011.9,-3.9,,3.8,,,,,,,,,,,,,,,,,,,,,,327,0,,39,30,56,,,,,,,,,,,,,,,,,,,,,,,,,,,,,0,0,,,,,,,,,,,,,,,,,,,,,,,,,,,,,,,,,,1.1,-1,,,,310,320,,,,,,,,8.1,16.5,,,,,,,,,,,,,,,,,,,,,,,,,,,,,,,,,
USW00094728,12/7/2024,,,,,-8.9,1018.6,1014.2,-1.7,,3.4,,,,,,,,,,,,,,,,,,,,,,2140,0,,44,36,52,,,,,,,,,,,,,,,,,,,,,,,,,,,,,0,0,,,,,,,,,,,,,,,,,,,,,,,,,,,,,,,,,,5,-0.5,,,,290,230,,,,,,,,6.3,10.7,,,,,,,,,,,,,,,,,,,,,,,,,,,,,,,,,
USW00094728,12/8/2024,,,,,-5,1010.5,1005.1,2.8,,2.7,,,,,,,,,,,,,,,,,,,,,,45,0,,40,32,48,,,,,,,,,,,,,,,,,,,,,,,,,,,,,0,0,,,,,,,,,,,,,,,,,,,,,,,,,,,,,,,,,,12.8,3.3,,,,220,240,,,,,,,,6.7,12.1,,,,,,,,,,,,,,,,,,,,,,,,,,,,,,,,,
USW00094728,12/9/2024,,,,,3.9,1014.9,1009.8,6.7,,1.6,,,,,,,,,,,,,,,,,,,,,,1448,4.6,,74,54,93,,,,,,,,,,,,,,,,,,,,,,,,,,,,,0,0,,,,,,,,,,,,,,,,,,,,,,,,,,,,,,,,,,10.6,6.7,,,,60,70,,,,,,,,4.5,6.7,,,,,,,,,,,,,,,,,,,,,,,,,,,,,,,,,
USW00094728,12/10/2024,,,,,6.7,1016.9,1011.9,7.2,,2.5,,,,,,,,,,,,,,,,,,,,,,1526,6.6,,90,83,93,,,,,,,,,,,,,,,,,,,,,,,,,,,,,0,0,,,,,,,,,,,,,,,,,,,,,,,,,,,,,,,,,,10,6.7,,,,80,80,,,,,,,,5.4,8.1,,,,,,,,,,,,,,,,,,,,,,,,,,,,,,,,,
USW00094728,12/11/2024,,,,,10.6,1003.7,999.7,11.1,,2.9,,,,,,,,,,,,,,,,,,,,,,2341,21.6,,89,65,97,,,,,,,,,,,,,,,,,,,,,,,,,,,,,0,0,,,,,,,,,,,,,,,,,,,,,,,,,,,,,,,,,,15.6,5,,,,280,260,,,,,,,,8.1,13.4,,,,,,,,,,,,,,,,,,,,,,,,,,,,,,,,,
USW00094728,12/12/2024,,,,,-10,1020,1012.2,-1.7,,4.2,,,,,,,,,,,,,,,,,,,,,,1106,0,,42,24,67,,,,,,,,,,,,,,,,,,,,,,,,,,,,,0,0,,,,,,,,,,,,,,,,,,,,,,,,,,,,,,,,,,5,-1.6,,,,240,230,,,,,,,,10.3,17.4,,,,,,,,,,,,,,,,,,,,,,,,,,,,,,,,,
USW00094728,12/13/2024,,,,,-15,1037.6,1031.2,-5,,3,,,,,,,,,,,,,,,,,,,,,,951,0,,36,30,44,,,,,,,,,,,,,,,,,,,,,,,,,,,,,0,0,,,,,,,,,,,,,,,,,,,,,,,,,,,,,,,,,,0.6,-2.7,,,,310,310,,,,,,,,6.7,10.3,,,,,,,,,,,,,,,,,,,,,,,,,,,,,,,,,
USW00094728,12/14/2024,,,,,-12.2,1046.1,1040.6,-4.4,,2.2,,,,,,,,,,,,,,,,,,,,,,1013,0,,43,36,49,,,,,,,,,,,,,,,,,,,,,,,,,,,,,0,0,,,,,,,,,,,,,,,,,,,,,,,,,,,,,,,,,,1.1,-3.2,,,,50,50,,,,,,,,6.3,8.9,,,,,,,,,,,,,,,,,,,,,,,,,,,,,,,,,
USW00094728,12/15/2024,,,,,-5,1041,1036.6,-0.6,,2.3,,,,,,,,,,,,,,,,,,,,,,1055,1.5,,63,47,83,,,,,,,,,,,,,,,,,,,,,,,,,,,,,0,0,,,,,,,,,,,,,,,,,,,,,,,,,,,,,,,,,,5,-2.1,,,,60,50,,,,,,,,5.4,7.6,,,,,,,,,,,,,,,,,,,,,,,,,,,,,,,,,
USW00094728,12/16/2024,,,,,5.6,1028.1,1024.4,6.7,,2.3,,,,,,,,,,,,,,,,,,,,,,1135,23.1,,90,86,93,,,,,,,,,,,,,,,,,,,,,,,,,,,,,0,0,,,,,,,,,,,,,,,,,,,,,,,,,,,,,,,,,,11.1,3.3,,,,100,100,,,,,,,,5.4,9.8,,,,,,,,,,,,,,,,,,,,,,,,,,,,,,,,,
USW00094728,12/17/2024,,,,,5,1020,1014.6,8.3,,2.3,,,,,,,,,,,,,,,,,,,,,,1417,0.5,,66,44,89,,,,,,,,,,,,,,,,,,,,,,,,,,,,,0,0,,,,,,,,,,,,,,,,,,,,,,,,,,,,,,,,,,15,9.4,,,,240,260,,,,,,,,6.3,10.3,,,,,,,,,,,,,,,,,,,,,,,,,,,,,,,,,
USW00094728,12/18/2024,,,,,1.1,1019.6,1016.3,5,,1.2,,,,,,,,,,,,,,,,,,,,,,1502,8.1,,61,41,90,,,,,,,,,,,,,,,,,,,,,,,,,,,,,0,0,,,,,,,,,,,,,,,,,,,,,,,,,,,,,,,,,,11.7,5.6,,,,300,130,,,,,,,,4,7.2,,,,,,,,,,,,,,,,,,,,,,,,,,,,,,,,,
USW00094728,12/19/2024,,,,,-3.3,1022,1016.9,2.2,,3,,,,,,,,,,,,,,,,,,,,,,337,1.3,,54,32,89,,,,,,,,,,,,,,,,,,,,,,,,,,,,,0,0,,,,,,,,,,,,,,,,,,,,,,,,,,,,,,,,,,7.2,2.8,,,,300,300,,,,,,,,7.2,13,,,,1,,,,,,,,,,,,,,,,,,,,,,,,,,,,,
USW00094728,12/20/2024,,,,,-2.8,1016.3,1012.9,0,,3.8,,,,,,,,,,,,,,,,,,,,,,1221,1,,73,52,85,,,,,,,,,,,,,,,,,,,,,,,,,,,,,0,0,,,,,,,,,,,,,,,,,,,,,,,,,,,,,,,,,,2.8,0.6,,,,60,70,,,,,,,,8.9,12.5,,,,1,,,,,,,,,,,,,,,,,,,,,,,,,,,,,
USW00094728,12/21/2024,,,,,-9.4,1017.6,1010.8,-4.4,,4.7,,,,,,,,,,,,,,,,,,,,,,1607,3.8,,61,42,89,,,,,,,,,,,,,,,,,,,,,,,,,,,,,46,50,,,,,,,,,,,,,,,,,,,,,,,,,,,,,,,,,,0.6,-7.1,,,,310,280,,,,,,,,9.8,19.7,,,,1,,,,,,,1,,,,,,,,,,,,,,,,,,,,,,
USW00094728,12/22/2024,,,,,-17.8,1031.2,1025.7,-10,,3.4,,,,,,,,,,,,,,,,,,,,,,930,0,,47,36,59,,,,,,,,,,,,,,,,,,,,,,,,,,,,,0,30,,,,,,,,,,,,,,,,,,,,,,,,,,,,,,,,,,-6,-10.5,,,,300,300,,,,,,,,7.6,13,,,,,,,,,,,,,,,,,,,,,,,,,,,,,,,,,
USW00094728,12/23/2024,,,,,-14.4,1035.2,1030.5,-8.3,,1.4,,,,,,,,,,,,,,,,,,,,,,2354,0,,51,31,64,,,,,,,,,,,,,,,,,,,,,,,,,,,,,0,30,,,,,,,,,,,,,,,,,,,,,,,,,,,,,,,,,,-0.5,-10.5,,,,220,220,,,,,,,,5.4,8.5,,,,,,,,,,,,,,,,,,,,,,,,,,,,,,,,,
USW00094728,12/24/2024,,,,,-5.6,1025.1,1020.7,-1.1,,2.2,,,,,,,,,,,,,,,,,,,,,,633,2.5,,62,44,85,,,,,,,,,,,,,,,,,,,,,,,,,,,,,25,30,,,,,,,,,,,,,,,,,,,,,,,,,,,,,,,,,,3.9,-2.1,,,,220,230,,,,,,,,5.8,9.4,,,,1,,,,,,,1,,,,,,,,,,,,,,,,,,,,,,
USW00094728,12/25/2024,,,,,-6.7,1028.4,1023,-2.2,,1.7,,,,,,,,,,,,,,,,,,,,,,959,0,,61,50,73,,,,,,,,,,,,,,,,,,,,,,,,,,,,,0,30,,,,,,,,,,,,,,,,,,,,,,,,,,,,,,,,,,1.7,-2.1,,,,300,20,,,,,,,,5.4,7.6,,,,,,,,,,,,,,,,,,,,,,,,,,,,,,,,,
USW00094728,12/26/2024,,,,,-8.3,1031.2,1025.7,-3.3,,1.4,,,,,,,,,,,,,,,,,,,,,,940,0,,59,44,72,,,,,,,,,,,,,,,,,,,,,,,,,,,,,0,30,,,,,,,,,,,,,,,,,,,,,,,,,,,,,,,,,,2.2,-4.3,,,,40,320,,,,,,,,3.1,4.9,,,,,,,,,,,,,,,,,,,,,,,,,,,,,,,,,
USW00094728,12/27/2024,,,,,-4.4,1028.1,1025.1,-0.6,,0.5,,,,,,,,,,,,,,,,,,,,,,2308,0,,62,49,71,,,,,,,,,,,,,,,,,,,,,,,,,,,,,0,30,,,,,,,,,,,,,,,,,,,,,,,,,,,,,,,,,,6.7,-3.2,,,,250,240,,,,,,,,3.6,6.7,,,,,,,,,,,,,,,,,,,,,,,,,,,,,,,,,
USW00094728,12/28/2024,,,,,5,1024.4,1019.6,6.7,,0.6,,,,,,,,,,,,,,,,,,,,,,46,14.2,,86,68,93,,,,,,,,,,,,,,,,,,,,,,,,,,,,,0,0,,,,,,,,,,,,,,,,,,,,,,,,,,,,,,,,,,12.2,4.4,,,,220,220,,,,,,,,3.6,5.4,,,,1,,,,,,,1,,,,,,,,,,,,,,,,,,,,,,
USW00094728,12/29/2024,,,,,2.8,1016.9,1013.2,6.1,,2.1,,,,,,,,,,,,,,,,,,,,,,2051,4.1,,66,44,83,,,,,,,,,,,,,,,,,,,,,,,,,,,,,0,0,,,,,,,,,,,,,,,,,,,,,,,,,,,,,,,,,,15.6,10,,,,160,170,,,,,,,,6.3,11.6,,,,,,,,,,,1,,,,,,,,,,,,,,,,,,,,,,
USW00094728,12/30/2024,,,,,-5,1015.6,999.3,1.7,,2.9,,,,,,,,,,,,,,,,,,,,,,1224,9.4,,48,36,56,,,,,,,,,,,,,,,,,,,,,,,,,,,,,0,0,,,,,,,,,,,,,,,,,,,,,,,,,,,,,,,,,,14.4,9.4,,,,240,240,,,,,,,,7.2,13.4,,,,,,,,,,,,,,,,,,,,,,,,,,,,,,,,,
USW00094728,12/31/2024,,,,,1.1,1009.5,1005.1,5.6,,2.3,,,,,,,,,,,,,,,,,,,,,,2133,10.2,,61,44,93,,,,,,,,,,,,,,,,,,,,,,,,,,,,,0,0,,,,,,,,,,,,,,,,,,,,,,,,,,,,,,,,,,11.7,6.7,,,,60,60,,,,,,,,7.2,10.7,,,,,,,,,,,,,,,,,,,,,,,,,,,,,,,,,
